ID,Note,failure,fit_param_0,fit_param_1,fit_param_2,fit_param_3,fit_param_4,DNA,PEG4K 40%,RNAse inhibitor,NEB,AlaRS,ArgRS,AsnRS,AspRS,CysRS,GlnRS,GluRS,GlyRS,HisRS,IleRS,LeuRS,LysRS,MetRS,PheRS,ProRS,SerRS,ThrRS,TrpRS,TyrRS,ValRS,IF1,IF2,IF3,EF-G,EF-Tu,EF-Ts,RF1,RF2,RF3,RRF,MTF,CK,AK,NDK,PPiase,T7RNAP,Ribosome,Magnesium acetate,Creatine phosphate,PPK,PolyP,Read_GFP-F-G35,Read_GFP-Gext,Read_GFP-M-G100,Product_plamGFP
id,note,classifier,regressor,regressor,regressor,regressor,regressor,feature,feature,feature,feature,feature,feature,feature,feature,feature,feature,feature,feature,feature,feature,feature,feature,feature,feature,feature,feature,feature,feature,feature,feature,feature,feature,feature,feature,feature,feature,feature,feature,feature,feature,feature,feature,feature,feature,feature,feature,feature,feature,feature,feature,feature,feature,feature,feature,feature
PMix-AR-898_B4_GFP-Gext,,0.0,0.036716143,3.42650925,1.213825641,0.000519577,4.167453729,6.25,0.0,5.0,0.0,130.3361633,3.633795918,40.94155102,15.02008163,2.180571429,7.025142857,23.49991837,17.928,1.45322449,74.61697959,7.510040816,11.87118367,4.361142857,31.73583673,18.65387755,3.633795918,11.62873469,11.62873469,1.21077551,3.391346939,18.65387755,74.61697959,18.65387755,93.27085714,931.7358367,93.27085714,18.65387755,18.65387755,18.65387755,18.65387755,37.3077551,7.510040816,5.571918367,1.938122449,1.938122449,18.65387755,1.836,8.0,20.0,0.0,0.0,0.0,1.0,0.0,1.0
PMix-AR-898_B10_GFP-Gext,,0.0,0.046411262,2.734953119,1.33059502,0.00082622,4.087116017,6.25,0.0,5.0,0.0,130.3361633,3.633795918,40.94155102,15.02008163,2.180571429,7.025142857,23.49991837,17.928,1.45322449,74.61697959,7.510040816,11.87118367,4.361142857,31.73583673,18.65387755,3.633795918,11.62873469,11.62873469,1.21077551,3.391346939,18.65387755,74.61697959,18.65387755,93.27085714,931.7358367,93.27085714,18.65387755,18.65387755,18.65387755,18.65387755,37.3077551,7.510040816,5.571918367,1.938122449,1.938122449,18.65387755,2.1852,8.0,20.0,0.0,0.0,0.0,1.0,0.0,1.0
PMix-AR-898_B12_GFP-Gext,,0.0,0.040439159,2.501731732,1.375690671,0.000815482,4.059527782,6.25,0.0,5.0,0.0,130.3361633,3.633795918,40.94155102,15.02008163,2.180571429,7.025142857,23.49991837,17.928,1.45322449,74.61697959,7.510040816,11.87118367,4.361142857,31.73583673,18.65387755,3.633795918,11.62873469,11.62873469,1.21077551,3.391346939,18.65387755,74.61697959,18.65387755,93.27085714,931.7358367,93.27085714,18.65387755,18.65387755,18.65387755,18.65387755,37.3077551,7.510040816,5.571918367,1.938122449,1.938122449,18.65387755,1.836,8.0,20.0,0.0,0.0,0.0,1.0,0.0,1.0
PMix-AR-898_D2_GFP-Gext,,0.0,0.03927444,3.490511937,1.196405625,0.000548875,4.174013479,6.25,0.0,5.0,0.0,141.1975102,3.936612245,44.35334694,16.2717551,2.362285714,7.610571429,25.4582449,19.422,1.574326531,80.83506122,8.135877551,12.86044898,4.724571429,34.3804898,20.20836735,3.936612245,12.59779592,12.59779592,1.311673469,3.673959184,20.20836735,80.83506122,20.20836735,101.0434286,1009.38049,101.0434286,20.20836735,20.20836735,20.20836735,20.20836735,40.41673469,8.135877551,6.036244898,2.099632653,2.099632653,20.20836735,1.836,8.0,20.0,0.0,0.0,0.0,1.0,0.0,1.0
PMix-AR-898_D4_GFP-Gext,,0.0,0.036664565,3.438550394,1.210125581,0.000499843,4.16864287,6.25,0.0,5.0,0.0,130.3361633,3.633795918,40.94155102,15.02008163,2.180571429,7.025142857,23.49991837,17.928,1.45322449,74.61697959,7.510040816,11.87118367,4.361142857,31.73583673,18.65387755,3.633795918,11.62873469,11.62873469,1.21077551,3.391346939,18.65387755,74.61697959,18.65387755,93.27085714,931.7358367,93.27085714,18.65387755,18.65387755,18.65387755,18.65387755,37.3077551,7.510040816,5.571918367,1.938122449,1.938122449,18.65387755,1.836,8.0,20.0,0.0,0.0,0.0,1.0,0.0,1.0
PMix-AR-898_D10_GFP-Gext,,0.0,0.042908051,2.994406713,1.274365345,0.000724369,4.119232809,6.25,0.0,5.0,0.0,130.3361633,3.633795918,40.94155102,15.02008163,2.180571429,7.025142857,23.49991837,17.928,1.45322449,74.61697959,7.510040816,11.87118367,4.361142857,31.73583673,18.65387755,3.633795918,11.62873469,11.62873469,1.21077551,3.391346939,18.65387755,74.61697959,18.65387755,93.27085714,931.7358367,93.27085714,18.65387755,18.65387755,18.65387755,18.65387755,37.3077551,7.510040816,5.571918367,1.938122449,1.938122449,18.65387755,2.1852,8.0,20.0,0.0,0.0,0.0,1.0,0.0,1.0
PMix-AR-898_D12_GFP-Gext,,0.0,0.038497944,2.872910036,1.306450957,0.000640826,4.105028513,6.25,0.0,5.0,0.0,130.3361633,3.633795918,40.94155102,15.02008163,2.180571429,7.025142857,23.49991837,17.928,1.45322449,74.61697959,7.510040816,11.87118367,4.361142857,31.73583673,18.65387755,3.633795918,11.62873469,11.62873469,1.21077551,3.391346939,18.65387755,74.61697959,18.65387755,93.27085714,931.7358367,93.27085714,18.65387755,18.65387755,18.65387755,18.65387755,37.3077551,7.510040816,5.571918367,1.938122449,1.938122449,18.65387755,1.836,8.0,20.0,0.0,0.0,0.0,1.0,0.0,1.0
PMix-AR-898_F2_GFP-Gext,,0.0,0.038500045,3.362131799,1.209145412,0.000515758,4.160846811,6.25,0.0,5.0,0.0,141.1975102,3.936612245,44.35334694,16.2717551,2.362285714,7.610571429,25.4582449,19.422,1.574326531,80.83506122,8.135877551,12.86044898,4.724571429,34.3804898,20.20836735,3.936612245,12.59779592,12.59779592,1.311673469,3.673959184,20.20836735,80.83506122,20.20836735,101.0434286,1009.38049,101.0434286,20.20836735,20.20836735,20.20836735,20.20836735,40.41673469,8.135877551,6.036244898,2.099632653,2.099632653,20.20836735,1.836,8.0,20.0,0.0,0.0,0.0,1.0,0.0,1.0
PMix-AR-898_F4_GFP-Gext,,0.0,0.034369443,3.196307455,1.254025369,0.000506859,4.143216019,6.25,0.0,5.0,0.0,130.3361633,3.633795918,40.94155102,15.02008163,2.180571429,7.025142857,23.49991837,17.928,1.45322449,74.61697959,7.510040816,11.87118367,4.361142857,31.73583673,18.65387755,3.633795918,11.62873469,11.62873469,1.21077551,3.391346939,18.65387755,74.61697959,18.65387755,93.27085714,931.7358367,93.27085714,18.65387755,18.65387755,18.65387755,18.65387755,37.3077551,7.510040816,5.571918367,1.938122449,1.938122449,18.65387755,1.836,8.0,20.0,0.0,0.0,0.0,1.0,0.0,1.0
PMix-AR-898_F10_GFP-Gext,,0.0,0.033076855,3.084087155,1.22242488,0.000504709,4.131907944,6.25,0.0,5.0,0.0,130.3361633,3.633795918,40.94155102,15.02008163,2.180571429,7.025142857,23.49991837,17.928,1.45322449,74.61697959,7.510040816,11.87118367,4.361142857,31.73583673,18.65387755,3.633795918,11.62873469,11.62873469,1.21077551,3.391346939,18.65387755,74.61697959,18.65387755,93.27085714,931.7358367,93.27085714,18.65387755,18.65387755,18.65387755,18.65387755,37.3077551,7.510040816,5.571918367,1.938122449,1.938122449,18.65387755,2.1852,8.0,20.0,0.0,0.0,0.0,1.0,0.0,1.0
PMix-AR-898_F12_GFP-Gext,,0.0,0.033818129,3.178404762,1.234266471,0.000486722,4.141608598,6.25,0.0,5.0,0.0,130.3361633,3.633795918,40.94155102,15.02008163,2.180571429,7.025142857,23.49991837,17.928,1.45322449,74.61697959,7.510040816,11.87118367,4.361142857,31.73583673,18.65387755,3.633795918,11.62873469,11.62873469,1.21077551,3.391346939,18.65387755,74.61697959,18.65387755,93.27085714,931.7358367,93.27085714,18.65387755,18.65387755,18.65387755,18.65387755,37.3077551,7.510040816,5.571918367,1.938122449,1.938122449,18.65387755,1.836,8.0,20.0,0.0,0.0,0.0,1.0,0.0,1.0
PMix_(AR-931)_QC_PURE_Timecourse_B2_GFP-Gext,,0.0,0.043080794,3.935085107,0.874006988,0.000228277,4.210552298,5.9,0.0,5.0,0.0,130.3361633,3.633795918,40.94155102,15.02008163,2.180571429,7.025142857,23.49991837,17.928,1.45322449,74.61697959,7.510040816,11.87118367,4.361142857,31.73583673,18.65387755,3.633795918,11.62873469,11.62873469,1.21077551,3.391346939,18.65387755,74.61697959,18.65387755,93.27085714,931.7358367,93.27085714,18.65387755,18.65387755,18.65387755,18.65387755,37.3077551,7.510040816,5.571918367,1.938122449,1.938122449,18.65387755,3.24,8.0,20.0,0.0,0.0,0.0,1.0,0.0,1.0
PMix_(AR-931)_QC_PURE_Timecourse_B6_GFP-Gext,,0.0,0.040505664,3.345696212,0.914064003,0.000401679,4.15900403,5.9,0.0,5.0,0.0,130.3361633,3.633795918,40.94155102,15.02008163,2.180571429,7.025142857,23.49991837,17.928,1.45322449,74.61697959,7.510040816,11.87118367,4.361142857,31.73583673,18.65387755,3.633795918,11.62873469,11.62873469,1.21077551,3.391346939,18.65387755,74.61697959,18.65387755,93.27085714,931.7358367,93.27085714,18.65387755,18.65387755,18.65387755,18.65387755,37.3077551,7.510040816,5.571918367,1.938122449,1.938122449,18.65387755,1.8,8.0,20.0,0.0,0.0,0.0,1.0,0.0,1.0
PMix_(AR-931)_QC_PURE_Timecourse_B8_GFP-Gext,,0.0,0.04243936,3.055272382,0.995107047,0.000527299,4.126481744,5.9,0.0,5.0,0.0,130.3361633,3.633795918,40.94155102,15.02008163,2.180571429,7.025142857,23.49991837,17.928,1.45322449,74.61697959,7.510040816,11.87118367,4.361142857,31.73583673,18.65387755,3.633795918,11.62873469,11.62873469,1.21077551,3.391346939,18.65387755,74.61697959,18.65387755,93.27085714,931.7358367,93.27085714,18.65387755,18.65387755,18.65387755,18.65387755,37.3077551,7.510040816,5.571918367,1.938122449,1.938122449,18.65387755,1.8,8.0,20.0,0.0,0.0,0.0,1.0,0.0,1.0
PMix_(AR-931)_QC_PURE_Timecourse_D2_GFP-Gext,,0.0,0.042503057,3.889249735,0.865333879,0.00025016,4.206755396,5.9,0.0,5.0,0.0,130.3361633,3.633795918,40.94155102,15.02008163,2.180571429,7.025142857,23.49991837,17.928,1.45322449,74.61697959,7.510040816,11.87118367,4.361142857,31.73583673,18.65387755,3.633795918,11.62873469,11.62873469,1.21077551,3.391346939,18.65387755,74.61697959,18.65387755,93.27085714,931.7358367,93.27085714,18.65387755,18.65387755,18.65387755,18.65387755,37.3077551,7.510040816,5.571918367,1.938122449,1.938122449,18.65387755,3.24,8.0,20.0,0.0,0.0,0.0,1.0,0.0,1.0
PMix_(AR-931)_QC_PURE_Timecourse_D6_GFP-Gext,,0.0,0.040007765,3.325849148,0.904192909,0.00041505,4.157023217,5.9,0.0,5.0,0.0,130.3361633,3.633795918,40.94155102,15.02008163,2.180571429,7.025142857,23.49991837,17.928,1.45322449,74.61697959,7.510040816,11.87118367,4.361142857,31.73583673,18.65387755,3.633795918,11.62873469,11.62873469,1.21077551,3.391346939,18.65387755,74.61697959,18.65387755,93.27085714,931.7358367,93.27085714,18.65387755,18.65387755,18.65387755,18.65387755,37.3077551,7.510040816,5.571918367,1.938122449,1.938122449,18.65387755,1.8,8.0,20.0,0.0,0.0,0.0,1.0,0.0,1.0
PMix_(AR-931)_QC_PURE_Timecourse_D8_GFP-Gext,,0.0,0.044092169,3.215866553,0.965959152,0.000545656,4.144825382,5.9,0.0,5.0,0.0,130.3361633,3.633795918,40.94155102,15.02008163,2.180571429,7.025142857,23.49991837,17.928,1.45322449,74.61697959,7.510040816,11.87118367,4.361142857,31.73583673,18.65387755,3.633795918,11.62873469,11.62873469,1.21077551,3.391346939,18.65387755,74.61697959,18.65387755,93.27085714,931.7358367,93.27085714,18.65387755,18.65387755,18.65387755,18.65387755,37.3077551,7.510040816,5.571918367,1.938122449,1.938122449,18.65387755,1.8,8.0,20.0,0.0,0.0,0.0,1.0,0.0,1.0
PMix_(AR-931)_QC_PURE_Timecourse_F2_GFP-Gext,,0.0,0.042840994,3.771228131,0.87899543,0.000280396,4.19787127,5.9,0.0,5.0,0.0,130.3361633,3.633795918,40.94155102,15.02008163,2.180571429,7.025142857,23.49991837,17.928,1.45322449,74.61697959,7.510040816,11.87118367,4.361142857,31.73583673,18.65387755,3.633795918,11.62873469,11.62873469,1.21077551,3.391346939,18.65387755,74.61697959,18.65387755,93.27085714,931.7358367,93.27085714,18.65387755,18.65387755,18.65387755,18.65387755,37.3077551,7.510040816,5.571918367,1.938122449,1.938122449,18.65387755,3.24,8.0,20.0,0.0,0.0,0.0,1.0,0.0,1.0
PMix_(AR-931)_QC_PURE_Timecourse_F6_GFP-Gext,,0.0,0.040071673,3.25573315,0.908663935,0.000424892,4.148648802,5.9,0.0,5.0,0.0,130.3361633,3.633795918,40.94155102,15.02008163,2.180571429,7.025142857,23.49991837,17.928,1.45322449,74.61697959,7.510040816,11.87118367,4.361142857,31.73583673,18.65387755,3.633795918,11.62873469,11.62873469,1.21077551,3.391346939,18.65387755,74.61697959,18.65387755,93.27085714,931.7358367,93.27085714,18.65387755,18.65387755,18.65387755,18.65387755,37.3077551,7.510040816,5.571918367,1.938122449,1.938122449,18.65387755,1.8,8.0,20.0,0.0,0.0,0.0,1.0,0.0,1.0
PMix_(AR-931)_QC_PURE_Timecourse_F8_GFP-Gext,,0.0,0.043380752,3.193298043,0.957661743,0.000573204,4.142662773,5.9,0.0,5.0,0.0,130.3361633,3.633795918,40.94155102,15.02008163,2.180571429,7.025142857,23.49991837,17.928,1.45322449,74.61697959,7.510040816,11.87118367,4.361142857,31.73583673,18.65387755,3.633795918,11.62873469,11.62873469,1.21077551,3.391346939,18.65387755,74.61697959,18.65387755,93.27085714,931.7358367,93.27085714,18.65387755,18.65387755,18.65387755,18.65387755,37.3077551,7.510040816,5.571918367,1.938122449,1.938122449,18.65387755,1.8,8.0,20.0,0.0,0.0,0.0,1.0,0.0,1.0
PMix-MFG-128-PURE-Activity-QC_B2_GFP-Gext,,0.0,0.091948897,3.663639871,0.880374271,0.000721334,4.186324795,5.9,0.0,5.0,0.0,130.3361633,3.633795918,40.94155102,15.02008163,2.180571429,7.025142857,23.49991837,17.928,1.45322449,74.61697959,7.510040816,11.87118367,4.361142857,31.73583673,18.65387755,3.633795918,11.62873469,11.62873469,1.21077551,3.391346939,18.65387755,74.61697959,18.65387755,93.27085714,931.7358367,93.27085714,18.65387755,18.65387755,18.65387755,18.65387755,37.3077551,7.510040816,5.571918367,1.938122449,1.938122449,18.65387755,1.8,8.0,20.0,0.0,0.0,0.0,1.0,0.0,0.0
PMix-MFG-128-PURE-Activity-QC_B4_GFP-Gext,,0.0,0.049081616,4.610306605,0.732686506,0.000164429,4.244304473,5.9,0.0,5.0,0.0,130.3361633,3.633795918,40.94155102,15.02008163,2.180571429,7.025142857,23.49991837,17.928,1.45322449,74.61697959,7.510040816,11.87118367,4.361142857,31.73583673,18.65387755,3.633795918,11.62873469,11.62873469,1.21077551,3.391346939,18.65387755,74.61697959,18.65387755,93.27085714,931.7358367,93.27085714,18.65387755,18.65387755,18.65387755,18.65387755,37.3077551,7.510040816,5.571918367,1.938122449,1.938122449,18.65387755,1.8,8.0,20.0,0.0,0.0,0.0,1.0,0.0,0.0
PMix-MFG-128-PURE-Activity-QC_D2_GFP-Gext,,0.0,0.1073229,3.666340658,0.874730707,0.001024925,4.186391763,5.9,0.0,5.0,0.0,130.3361633,3.633795918,40.94155102,15.02008163,2.180571429,7.025142857,23.49991837,17.928,1.45322449,74.61697959,7.510040816,11.87118367,4.361142857,31.73583673,18.65387755,3.633795918,11.62873469,11.62873469,1.21077551,3.391346939,18.65387755,74.61697959,18.65387755,93.27085714,931.7358367,93.27085714,18.65387755,18.65387755,18.65387755,18.65387755,37.3077551,7.510040816,5.571918367,1.938122449,1.938122449,18.65387755,1.8,8.0,20.0,0.0,0.0,0.0,1.0,0.0,0.0
PMix-MFG-128-PURE-Activity-QC_D4_GFP-Gext,,0.0,0.053775025,4.589141603,0.731983502,0.00012382,4.243636193,5.9,0.0,5.0,0.0,130.3361633,3.633795918,40.94155102,15.02008163,2.180571429,7.025142857,23.49991837,17.928,1.45322449,74.61697959,7.510040816,11.87118367,4.361142857,31.73583673,18.65387755,3.633795918,11.62873469,11.62873469,1.21077551,3.391346939,18.65387755,74.61697959,18.65387755,93.27085714,931.7358367,93.27085714,18.65387755,18.65387755,18.65387755,18.65387755,37.3077551,7.510040816,5.571918367,1.938122449,1.938122449,18.65387755,1.8,8.0,20.0,0.0,0.0,0.0,1.0,0.0,0.0
PMix-MFG-128-PURE-Activity-QC_F2_GFP-Gext,,0.0,0.103258961,3.453530887,0.889422023,0.001263112,4.166829012,5.9,0.0,5.0,0.0,130.3361633,3.633795918,40.94155102,15.02008163,2.180571429,7.025142857,23.49991837,17.928,1.45322449,74.61697959,7.510040816,11.87118367,4.361142857,31.73583673,18.65387755,3.633795918,11.62873469,11.62873469,1.21077551,3.391346939,18.65387755,74.61697959,18.65387755,93.27085714,931.7358367,93.27085714,18.65387755,18.65387755,18.65387755,18.65387755,37.3077551,7.510040816,5.571918367,1.938122449,1.938122449,18.65387755,1.8,8.0,20.0,0.0,0.0,0.0,1.0,0.0,0.0
PMix-MFG-128-PURE-Activity-QC_F4_GFP-Gext,,0.0,0.059147183,4.273413931,0.767536717,0.00015338,4.229695527,5.9,0.0,5.0,0.0,130.3361633,3.633795918,40.94155102,15.02008163,2.180571429,7.025142857,23.49991837,17.928,1.45322449,74.61697959,7.510040816,11.87118367,4.361142857,31.73583673,18.65387755,3.633795918,11.62873469,11.62873469,1.21077551,3.391346939,18.65387755,74.61697959,18.65387755,93.27085714,931.7358367,93.27085714,18.65387755,18.65387755,18.65387755,18.65387755,37.3077551,7.510040816,5.571918367,1.938122449,1.938122449,18.65387755,1.8,8.0,20.0,0.0,0.0,0.0,1.0,0.0,0.0
PPK_20250611_A11_GFP-F-G35,,0.0,0.080625143,1.405888155,1.965151481,0.001181491,3.937150167,5.725714286,2.0,0.0,1.0,130.3361633,3.633795918,40.94155102,15.02008163,2.180571429,7.025142857,23.49991837,17.928,1.45322449,74.61697959,7.510040816,11.87118367,4.361142857,31.73583673,18.65387755,3.633795918,11.62873469,11.62873469,1.21077551,3.391346939,18.65387755,74.61697959,18.65387755,93.27085714,931.7358367,93.27085714,18.65387755,18.65387755,18.65387755,18.65387755,37.3077551,7.510040816,5.571918367,1.938122449,1.938122449,18.65387755,1.8,6.0,20.0,0.0,0.0,1.0,0.0,0.0,1.0
PPK_20250611_A14_GFP-F-G35,,0.0,0.08577942,1.417941433,1.845483167,0.001518179,4.005629076,5.725714286,2.0,0.0,1.0,130.3361633,3.633795918,40.94155102,15.02008163,2.180571429,7.025142857,23.49991837,17.928,1.45322449,74.61697959,7.510040816,11.87118367,4.361142857,31.73583673,18.65387755,3.633795918,11.62873469,11.62873469,1.21077551,3.391346939,18.65387755,74.61697959,18.65387755,93.27085714,931.7358367,93.27085714,18.65387755,18.65387755,18.65387755,18.65387755,37.3077551,7.510040816,5.571918367,1.938122449,1.938122449,18.65387755,1.8,6.0,20.0,0.0,0.0,1.0,0.0,0.0,1.0
PPK_20250611_A17_GFP-F-G35,,0.0,0.108807473,2.097134254,1.311962188,0.001862356,4.018589819,5.725714286,2.0,0.0,1.0,130.3361633,3.633795918,40.94155102,15.02008163,2.180571429,7.025142857,23.49991837,17.928,1.45322449,74.61697959,7.510040816,11.87118367,4.361142857,31.73583673,18.65387755,3.633795918,11.62873469,11.62873469,1.21077551,3.391346939,18.65387755,74.61697959,18.65387755,93.27085714,931.7358367,93.27085714,18.65387755,18.65387755,18.65387755,18.65387755,37.3077551,7.510040816,5.571918367,1.938122449,1.938122449,18.65387755,1.8,6.0,20.0,0.0,0.0,1.0,0.0,0.0,1.0
PPK_20250611_C11_GFP-F-G35,,0.0,0.106878484,2.911292144,1.075108237,0.001108036,4.105861536,5.725714286,2.0,0.0,1.0,130.3361633,3.633795918,40.94155102,15.02008163,2.180571429,7.025142857,23.49991837,17.928,1.45322449,74.61697959,7.510040816,11.87118367,4.361142857,31.73583673,18.65387755,3.633795918,11.62873469,11.62873469,1.21077551,3.391346939,18.65387755,74.61697959,18.65387755,93.27085714,931.7358367,93.27085714,18.65387755,18.65387755,18.65387755,18.65387755,37.3077551,7.510040816,5.571918367,1.938122449,1.938122449,18.65387755,1.8,7.0,20.0,0.0,0.0,1.0,0.0,0.0,1.0
PPK_20250611_C13_GFP-F-G35,,0.0,0.111941856,3.018005776,1.043418944,0.001360737,4.118071448,5.725714286,2.0,0.0,1.0,130.3361633,3.633795918,40.94155102,15.02008163,2.180571429,7.025142857,23.49991837,17.928,1.45322449,74.61697959,7.510040816,11.87118367,4.361142857,31.73583673,18.65387755,3.633795918,11.62873469,11.62873469,1.21077551,3.391346939,18.65387755,74.61697959,18.65387755,93.27085714,931.7358367,93.27085714,18.65387755,18.65387755,18.65387755,18.65387755,37.3077551,7.510040816,5.571918367,1.938122449,1.938122449,18.65387755,1.8,7.0,20.0,0.0,0.0,1.0,0.0,0.0,1.0
PPK_20250611_C17_GFP-F-G35,,0.0,0.109001225,2.964560011,1.056126457,0.001256431,4.111053599,5.725714286,2.0,0.0,1.0,130.3361633,3.633795918,40.94155102,15.02008163,2.180571429,7.025142857,23.49991837,17.928,1.45322449,74.61697959,7.510040816,11.87118367,4.361142857,31.73583673,18.65387755,3.633795918,11.62873469,11.62873469,1.21077551,3.391346939,18.65387755,74.61697959,18.65387755,93.27085714,931.7358367,93.27085714,18.65387755,18.65387755,18.65387755,18.65387755,37.3077551,7.510040816,5.571918367,1.938122449,1.938122449,18.65387755,1.8,7.0,20.0,0.0,0.0,1.0,0.0,0.0,1.0
PPK_20250611_E11_GFP-F-G35,,0.0,0.111118489,3.244973664,1.045517435,0.00121345,4.143592884,5.725714286,2.0,0.0,1.0,130.3361633,3.633795918,40.94155102,15.02008163,2.180571429,7.025142857,23.49991837,17.928,1.45322449,74.61697959,7.510040816,11.87118367,4.361142857,31.73583673,18.65387755,3.633795918,11.62873469,11.62873469,1.21077551,3.391346939,18.65387755,74.61697959,18.65387755,93.27085714,931.7358367,93.27085714,18.65387755,18.65387755,18.65387755,18.65387755,37.3077551,7.510040816,5.571918367,1.938122449,1.938122449,18.65387755,1.8,8.0,20.0,0.0,0.0,1.0,0.0,0.0,1.0
PPK_20250611_E14_GFP-F-G35,,0.0,0.111636143,3.258344001,1.04367449,0.001237191,4.145077852,5.725714286,2.0,0.0,1.0,130.3361633,3.633795918,40.94155102,15.02008163,2.180571429,7.025142857,23.49991837,17.928,1.45322449,74.61697959,7.510040816,11.87118367,4.361142857,31.73583673,18.65387755,3.633795918,11.62873469,11.62873469,1.21077551,3.391346939,18.65387755,74.61697959,18.65387755,93.27085714,931.7358367,93.27085714,18.65387755,18.65387755,18.65387755,18.65387755,37.3077551,7.510040816,5.571918367,1.938122449,1.938122449,18.65387755,1.8,8.0,20.0,0.0,0.0,1.0,0.0,0.0,1.0
PPK_20250611_E17_GFP-F-G35,,0.0,0.114476266,3.346139123,1.026899228,0.001293351,4.154456267,5.725714286,2.0,0.0,1.0,130.3361633,3.633795918,40.94155102,15.02008163,2.180571429,7.025142857,23.49991837,17.928,1.45322449,74.61697959,7.510040816,11.87118367,4.361142857,31.73583673,18.65387755,3.633795918,11.62873469,11.62873469,1.21077551,3.391346939,18.65387755,74.61697959,18.65387755,93.27085714,931.7358367,93.27085714,18.65387755,18.65387755,18.65387755,18.65387755,37.3077551,7.510040816,5.571918367,1.938122449,1.938122449,18.65387755,1.8,8.0,20.0,0.0,0.0,1.0,0.0,0.0,1.0
PPK_20250611_G11_GFP-F-G35,,0.0,0.109254659,3.336289131,1.041917292,0.001173417,4.153506016,5.725714286,2.0,0.0,1.0,130.3361633,3.633795918,40.94155102,15.02008163,2.180571429,7.025142857,23.49991837,17.928,1.45322449,74.61697959,7.510040816,11.87118367,4.361142857,31.73583673,18.65387755,3.633795918,11.62873469,11.62873469,1.21077551,3.391346939,18.65387755,74.61697959,18.65387755,93.27085714,931.7358367,93.27085714,18.65387755,18.65387755,18.65387755,18.65387755,37.3077551,7.510040816,5.571918367,1.938122449,1.938122449,18.65387755,1.8,9.0,20.0,0.0,0.0,1.0,0.0,0.0,1.0
PPK_20250611_G14_GFP-F-G35,,0.0,0.110042732,3.336871271,1.038146009,0.00128924,4.153478938,5.725714286,2.0,0.0,1.0,130.3361633,3.633795918,40.94155102,15.02008163,2.180571429,7.025142857,23.49991837,17.928,1.45322449,74.61697959,7.510040816,11.87118367,4.361142857,31.73583673,18.65387755,3.633795918,11.62873469,11.62873469,1.21077551,3.391346939,18.65387755,74.61697959,18.65387755,93.27085714,931.7358367,93.27085714,18.65387755,18.65387755,18.65387755,18.65387755,37.3077551,7.510040816,5.571918367,1.938122449,1.938122449,18.65387755,1.8,9.0,20.0,0.0,0.0,1.0,0.0,0.0,1.0
PPK_20250611_G17_GFP-F-G35,,0.0,0.103442093,3.227380772,1.068331415,0.001159376,4.141778752,5.725714286,2.0,0.0,1.0,130.3361633,3.633795918,40.94155102,15.02008163,2.180571429,7.025142857,23.49991837,17.928,1.45322449,74.61697959,7.510040816,11.87118367,4.361142857,31.73583673,18.65387755,3.633795918,11.62873469,11.62873469,1.21077551,3.391346939,18.65387755,74.61697959,18.65387755,93.27085714,931.7358367,93.27085714,18.65387755,18.65387755,18.65387755,18.65387755,37.3077551,7.510040816,5.571918367,1.938122449,1.938122449,18.65387755,1.8,9.0,20.0,0.0,0.0,1.0,0.0,0.0,1.0
PPK_20250611_I11_GFP-F-G35,,0.0,0.1022335,3.262887419,1.089480284,0.001133277,4.145479305,5.725714286,2.0,0.0,1.0,130.3361633,3.633795918,40.94155102,15.02008163,2.180571429,7.025142857,23.49991837,17.928,1.45322449,74.61697959,7.510040816,11.87118367,4.361142857,31.73583673,18.65387755,3.633795918,11.62873469,11.62873469,1.21077551,3.391346939,18.65387755,74.61697959,18.65387755,93.27085714,931.7358367,93.27085714,18.65387755,18.65387755,18.65387755,18.65387755,37.3077551,7.510040816,5.571918367,1.938122449,1.938122449,18.65387755,1.8,10.0,20.0,0.0,0.0,1.0,0.0,0.0,1.0
PPK_20250611_I14_GFP-F-G35,,0.0,0.101733456,3.194960266,1.101208866,0.001276812,4.137863926,5.725714286,2.0,0.0,1.0,130.3361633,3.633795918,40.94155102,15.02008163,2.180571429,7.025142857,23.49991837,17.928,1.45322449,74.61697959,7.510040816,11.87118367,4.361142857,31.73583673,18.65387755,3.633795918,11.62873469,11.62873469,1.21077551,3.391346939,18.65387755,74.61697959,18.65387755,93.27085714,931.7358367,93.27085714,18.65387755,18.65387755,18.65387755,18.65387755,37.3077551,7.510040816,5.571918367,1.938122449,1.938122449,18.65387755,1.8,10.0,20.0,0.0,0.0,1.0,0.0,0.0,1.0
PPK_20250611_I17_GFP-F-G35,,0.0,0.101191414,3.202564245,1.109568688,0.001264908,4.13881738,5.725714286,2.0,0.0,1.0,130.3361633,3.633795918,40.94155102,15.02008163,2.180571429,7.025142857,23.49991837,17.928,1.45322449,74.61697959,7.510040816,11.87118367,4.361142857,31.73583673,18.65387755,3.633795918,11.62873469,11.62873469,1.21077551,3.391346939,18.65387755,74.61697959,18.65387755,93.27085714,931.7358367,93.27085714,18.65387755,18.65387755,18.65387755,18.65387755,37.3077551,7.510040816,5.571918367,1.938122449,1.938122449,18.65387755,1.8,10.0,20.0,0.0,0.0,1.0,0.0,0.0,1.0
PPK_20250611_K11_GFP-F-G35,,0.0,0.094275006,3.231492157,1.107278096,0.001154445,4.142018159,5.725714286,2.0,0.0,1.0,130.3361633,3.633795918,40.94155102,15.02008163,2.180571429,7.025142857,23.49991837,17.928,1.45322449,74.61697959,7.510040816,11.87118367,4.361142857,31.73583673,18.65387755,3.633795918,11.62873469,11.62873469,1.21077551,3.391346939,18.65387755,74.61697959,18.65387755,93.27085714,931.7358367,93.27085714,18.65387755,18.65387755,18.65387755,18.65387755,37.3077551,7.510040816,5.571918367,1.938122449,1.938122449,18.65387755,1.8,11.0,20.0,0.0,0.0,1.0,0.0,0.0,1.0
PPK_20250611_K14_GFP-F-G35,,0.0,0.095910869,3.24222714,1.106864979,0.001181575,4.143251073,5.725714286,2.0,0.0,1.0,130.3361633,3.633795918,40.94155102,15.02008163,2.180571429,7.025142857,23.49991837,17.928,1.45322449,74.61697959,7.510040816,11.87118367,4.361142857,31.73583673,18.65387755,3.633795918,11.62873469,11.62873469,1.21077551,3.391346939,18.65387755,74.61697959,18.65387755,93.27085714,931.7358367,93.27085714,18.65387755,18.65387755,18.65387755,18.65387755,37.3077551,7.510040816,5.571918367,1.938122449,1.938122449,18.65387755,1.8,11.0,20.0,0.0,0.0,1.0,0.0,0.0,1.0
PPK_20250611_K17_GFP-F-G35,,0.0,0.093992557,3.240715889,1.107154737,0.001199647,4.14300186,5.725714286,2.0,0.0,1.0,130.3361633,3.633795918,40.94155102,15.02008163,2.180571429,7.025142857,23.49991837,17.928,1.45322449,74.61697959,7.510040816,11.87118367,4.361142857,31.73583673,18.65387755,3.633795918,11.62873469,11.62873469,1.21077551,3.391346939,18.65387755,74.61697959,18.65387755,93.27085714,931.7358367,93.27085714,18.65387755,18.65387755,18.65387755,18.65387755,37.3077551,7.510040816,5.571918367,1.938122449,1.938122449,18.65387755,1.8,11.0,20.0,0.0,0.0,1.0,0.0,0.0,1.0
PPK_20250611_M11_GFP-F-G35,,0.0,0.09174841,3.321115653,1.09341266,0.001125227,4.151836333,5.725714286,2.0,0.0,1.0,130.3361633,3.633795918,40.94155102,15.02008163,2.180571429,7.025142857,23.49991837,17.928,1.45322449,74.61697959,7.510040816,11.87118367,4.361142857,31.73583673,18.65387755,3.633795918,11.62873469,11.62873469,1.21077551,3.391346939,18.65387755,74.61697959,18.65387755,93.27085714,931.7358367,93.27085714,18.65387755,18.65387755,18.65387755,18.65387755,37.3077551,7.510040816,5.571918367,1.938122449,1.938122449,18.65387755,1.8,12.0,20.0,0.0,0.0,1.0,0.0,0.0,1.0
PPK_20250611_M14_GFP-F-G35,,0.0,0.090670829,3.329052149,1.100211882,0.001113102,4.152743422,5.725714286,2.0,0.0,1.0,130.3361633,3.633795918,40.94155102,15.02008163,2.180571429,7.025142857,23.49991837,17.928,1.45322449,74.61697959,7.510040816,11.87118367,4.361142857,31.73583673,18.65387755,3.633795918,11.62873469,11.62873469,1.21077551,3.391346939,18.65387755,74.61697959,18.65387755,93.27085714,931.7358367,93.27085714,18.65387755,18.65387755,18.65387755,18.65387755,37.3077551,7.510040816,5.571918367,1.938122449,1.938122449,18.65387755,1.8,12.0,20.0,0.0,0.0,1.0,0.0,0.0,1.0
PPK_20250611_M17_GFP-F-G35,,0.0,0.079341631,3.180376827,1.1526345,0.000972186,4.136453638,5.725714286,2.0,0.0,1.0,130.3361633,3.633795918,40.94155102,15.02008163,2.180571429,7.025142857,23.49991837,17.928,1.45322449,74.61697959,7.510040816,11.87118367,4.361142857,31.73583673,18.65387755,3.633795918,11.62873469,11.62873469,1.21077551,3.391346939,18.65387755,74.61697959,18.65387755,93.27085714,931.7358367,93.27085714,18.65387755,18.65387755,18.65387755,18.65387755,37.3077551,7.510040816,5.571918367,1.938122449,1.938122449,18.65387755,1.8,12.0,20.0,0.0,0.0,1.0,0.0,0.0,1.0
PPK_20250611_A11_GFP-M-G100,,0.0,0.050835141,1.364930141,2.337787829,0.000430446,3.965040798,5.725714286,2.0,0.0,1.0,130.3361633,3.633795918,40.94155102,15.02008163,2.180571429,7.025142857,23.49991837,17.928,1.45322449,74.61697959,7.510040816,11.87118367,4.361142857,31.73583673,18.65387755,3.633795918,11.62873469,11.62873469,1.21077551,3.391346939,18.65387755,74.61697959,18.65387755,93.27085714,931.7358367,93.27085714,18.65387755,18.65387755,18.65387755,18.65387755,37.3077551,7.510040816,5.571918367,1.938122449,1.938122449,18.65387755,1.8,6.0,20.0,0.0,0.0,0.0,0.0,1.0,1.0
PPK_20250611_A14_GFP-M-G100,,0.0,0.054716149,1.383799113,2.260578843,0.000512998,3.965303202,5.725714286,2.0,0.0,1.0,130.3361633,3.633795918,40.94155102,15.02008163,2.180571429,7.025142857,23.49991837,17.928,1.45322449,74.61697959,7.510040816,11.87118367,4.361142857,31.73583673,18.65387755,3.633795918,11.62873469,11.62873469,1.21077551,3.391346939,18.65387755,74.61697959,18.65387755,93.27085714,931.7358367,93.27085714,18.65387755,18.65387755,18.65387755,18.65387755,37.3077551,7.510040816,5.571918367,1.938122449,1.938122449,18.65387755,1.8,6.0,20.0,0.0,0.0,0.0,0.0,1.0,1.0
PPK_20250611_A17_GFP-M-G100,,0.0,0.088172134,1.740514345,1.822570123,0.000932646,3.956641274,5.725714286,2.0,0.0,1.0,130.3361633,3.633795918,40.94155102,15.02008163,2.180571429,7.025142857,23.49991837,17.928,1.45322449,74.61697959,7.510040816,11.87118367,4.361142857,31.73583673,18.65387755,3.633795918,11.62873469,11.62873469,1.21077551,3.391346939,18.65387755,74.61697959,18.65387755,93.27085714,931.7358367,93.27085714,18.65387755,18.65387755,18.65387755,18.65387755,37.3077551,7.510040816,5.571918367,1.938122449,1.938122449,18.65387755,1.8,6.0,20.0,0.0,0.0,0.0,0.0,1.0,1.0
PPK_20250611_C11_GFP-M-G100,,0.0,0.082924074,2.609307121,1.374435817,0.000537022,4.034007479,5.725714286,2.0,0.0,1.0,130.3361633,3.633795918,40.94155102,15.02008163,2.180571429,7.025142857,23.49991837,17.928,1.45322449,74.61697959,7.510040816,11.87118367,4.361142857,31.73583673,18.65387755,3.633795918,11.62873469,11.62873469,1.21077551,3.391346939,18.65387755,74.61697959,18.65387755,93.27085714,931.7358367,93.27085714,18.65387755,18.65387755,18.65387755,18.65387755,37.3077551,7.510040816,5.571918367,1.938122449,1.938122449,18.65387755,1.8,7.0,20.0,0.0,0.0,0.0,0.0,1.0,1.0
PPK_20250611_C13_GFP-M-G100,,0.0,0.082796569,2.516930736,1.370576893,0.000859176,4.032159829,5.725714286,2.0,0.0,1.0,130.3361633,3.633795918,40.94155102,15.02008163,2.180571429,7.025142857,23.49991837,17.928,1.45322449,74.61697959,7.510040816,11.87118367,4.361142857,31.73583673,18.65387755,3.633795918,11.62873469,11.62873469,1.21077551,3.391346939,18.65387755,74.61697959,18.65387755,93.27085714,931.7358367,93.27085714,18.65387755,18.65387755,18.65387755,18.65387755,37.3077551,7.510040816,5.571918367,1.938122449,1.938122449,18.65387755,1.8,7.0,20.0,0.0,0.0,0.0,0.0,1.0,1.0
PPK_20250611_C17_GFP-M-G100,,0.0,0.084748751,2.557714308,1.356344741,0.000791829,4.031055204,5.725714286,2.0,0.0,1.0,130.3361633,3.633795918,40.94155102,15.02008163,2.180571429,7.025142857,23.49991837,17.928,1.45322449,74.61697959,7.510040816,11.87118367,4.361142857,31.73583673,18.65387755,3.633795918,11.62873469,11.62873469,1.21077551,3.391346939,18.65387755,74.61697959,18.65387755,93.27085714,931.7358367,93.27085714,18.65387755,18.65387755,18.65387755,18.65387755,37.3077551,7.510040816,5.571918367,1.938122449,1.938122449,18.65387755,1.8,7.0,20.0,0.0,0.0,0.0,0.0,1.0,1.0
PPK_20250611_E11_GFP-M-G100,,0.0,0.090140988,2.674747169,1.336197857,0.000908905,4.047166688,5.725714286,2.0,0.0,1.0,130.3361633,3.633795918,40.94155102,15.02008163,2.180571429,7.025142857,23.49991837,17.928,1.45322449,74.61697959,7.510040816,11.87118367,4.361142857,31.73583673,18.65387755,3.633795918,11.62873469,11.62873469,1.21077551,3.391346939,18.65387755,74.61697959,18.65387755,93.27085714,931.7358367,93.27085714,18.65387755,18.65387755,18.65387755,18.65387755,37.3077551,7.510040816,5.571918367,1.938122449,1.938122449,18.65387755,1.8,8.0,20.0,0.0,0.0,0.0,0.0,1.0,1.0
PPK_20250611_E14_GFP-M-G100,,0.0,0.09080574,2.639542957,1.340343927,0.001003162,4.050994655,5.725714286,2.0,0.0,1.0,130.3361633,3.633795918,40.94155102,15.02008163,2.180571429,7.025142857,23.49991837,17.928,1.45322449,74.61697959,7.510040816,11.87118367,4.361142857,31.73583673,18.65387755,3.633795918,11.62873469,11.62873469,1.21077551,3.391346939,18.65387755,74.61697959,18.65387755,93.27085714,931.7358367,93.27085714,18.65387755,18.65387755,18.65387755,18.65387755,37.3077551,7.510040816,5.571918367,1.938122449,1.938122449,18.65387755,1.8,8.0,20.0,0.0,0.0,0.0,0.0,1.0,1.0
PPK_20250611_E17_GFP-M-G100,,0.0,0.089344542,2.61737156,1.341818943,0.001078265,4.046990578,5.725714286,2.0,0.0,1.0,130.3361633,3.633795918,40.94155102,15.02008163,2.180571429,7.025142857,23.49991837,17.928,1.45322449,74.61697959,7.510040816,11.87118367,4.361142857,31.73583673,18.65387755,3.633795918,11.62873469,11.62873469,1.21077551,3.391346939,18.65387755,74.61697959,18.65387755,93.27085714,931.7358367,93.27085714,18.65387755,18.65387755,18.65387755,18.65387755,37.3077551,7.510040816,5.571918367,1.938122449,1.938122449,18.65387755,1.8,8.0,20.0,0.0,0.0,0.0,0.0,1.0,1.0
PPK_20250611_G11_GFP-M-G100,,0.0,0.07293438,2.813232675,1.28810264,0.000814367,4.071734953,5.725714286,2.0,0.0,1.0,130.3361633,3.633795918,40.94155102,15.02008163,2.180571429,7.025142857,23.49991837,17.928,1.45322449,74.61697959,7.510040816,11.87118367,4.361142857,31.73583673,18.65387755,3.633795918,11.62873469,11.62873469,1.21077551,3.391346939,18.65387755,74.61697959,18.65387755,93.27085714,931.7358367,93.27085714,18.65387755,18.65387755,18.65387755,18.65387755,37.3077551,7.510040816,5.571918367,1.938122449,1.938122449,18.65387755,1.8,9.0,20.0,0.0,0.0,0.0,0.0,1.0,1.0
PPK_20250611_G14_GFP-M-G100,,0.0,0.067622076,2.497633264,1.282565817,0.000986283,4.0499413,5.725714286,2.0,0.0,1.0,130.3361633,3.633795918,40.94155102,15.02008163,2.180571429,7.025142857,23.49991837,17.928,1.45322449,74.61697959,7.510040816,11.87118367,4.361142857,31.73583673,18.65387755,3.633795918,11.62873469,11.62873469,1.21077551,3.391346939,18.65387755,74.61697959,18.65387755,93.27085714,931.7358367,93.27085714,18.65387755,18.65387755,18.65387755,18.65387755,37.3077551,7.510040816,5.571918367,1.938122449,1.938122449,18.65387755,1.8,9.0,20.0,0.0,0.0,0.0,0.0,1.0,1.0
PPK_20250611_G17_GFP-M-G100,,0.0,0.073003277,2.80524885,1.281795086,0.000869795,4.074284623,5.725714286,2.0,0.0,1.0,130.3361633,3.633795918,40.94155102,15.02008163,2.180571429,7.025142857,23.49991837,17.928,1.45322449,74.61697959,7.510040816,11.87118367,4.361142857,31.73583673,18.65387755,3.633795918,11.62873469,11.62873469,1.21077551,3.391346939,18.65387755,74.61697959,18.65387755,93.27085714,931.7358367,93.27085714,18.65387755,18.65387755,18.65387755,18.65387755,37.3077551,7.510040816,5.571918367,1.938122449,1.938122449,18.65387755,1.8,9.0,20.0,0.0,0.0,0.0,0.0,1.0,1.0
PPK_20250611_I11_GFP-M-G100,,0.0,0.063589702,2.584295729,1.282524814,0.000882484,4.061625352,5.725714286,2.0,0.0,1.0,130.3361633,3.633795918,40.94155102,15.02008163,2.180571429,7.025142857,23.49991837,17.928,1.45322449,74.61697959,7.510040816,11.87118367,4.361142857,31.73583673,18.65387755,3.633795918,11.62873469,11.62873469,1.21077551,3.391346939,18.65387755,74.61697959,18.65387755,93.27085714,931.7358367,93.27085714,18.65387755,18.65387755,18.65387755,18.65387755,37.3077551,7.510040816,5.571918367,1.938122449,1.938122449,18.65387755,1.8,10.0,20.0,0.0,0.0,0.0,0.0,1.0,1.0
PPK_20250611_I14_GFP-M-G100,,0.0,0.056454901,2.554558736,1.289833907,0.000858611,4.057878859,5.725714286,2.0,0.0,1.0,130.3361633,3.633795918,40.94155102,15.02008163,2.180571429,7.025142857,23.49991837,17.928,1.45322449,74.61697959,7.510040816,11.87118367,4.361142857,31.73583673,18.65387755,3.633795918,11.62873469,11.62873469,1.21077551,3.391346939,18.65387755,74.61697959,18.65387755,93.27085714,931.7358367,93.27085714,18.65387755,18.65387755,18.65387755,18.65387755,37.3077551,7.510040816,5.571918367,1.938122449,1.938122449,18.65387755,1.8,10.0,20.0,0.0,0.0,0.0,0.0,1.0,1.0
PPK_20250611_I17_GFP-M-G100,,0.0,0.058299599,2.548609462,1.301682581,0.000882356,4.057201443,5.725714286,2.0,0.0,1.0,130.3361633,3.633795918,40.94155102,15.02008163,2.180571429,7.025142857,23.49991837,17.928,1.45322449,74.61697959,7.510040816,11.87118367,4.361142857,31.73583673,18.65387755,3.633795918,11.62873469,11.62873469,1.21077551,3.391346939,18.65387755,74.61697959,18.65387755,93.27085714,931.7358367,93.27085714,18.65387755,18.65387755,18.65387755,18.65387755,37.3077551,7.510040816,5.571918367,1.938122449,1.938122449,18.65387755,1.8,10.0,20.0,0.0,0.0,0.0,0.0,1.0,1.0
PPK_20250611_K11_GFP-M-G100,,0.0,0.04925615,2.940208698,1.261363204,0.000630699,4.097075195,5.725714286,2.0,0.0,1.0,130.3361633,3.633795918,40.94155102,15.02008163,2.180571429,7.025142857,23.49991837,17.928,1.45322449,74.61697959,7.510040816,11.87118367,4.361142857,31.73583673,18.65387755,3.633795918,11.62873469,11.62873469,1.21077551,3.391346939,18.65387755,74.61697959,18.65387755,93.27085714,931.7358367,93.27085714,18.65387755,18.65387755,18.65387755,18.65387755,37.3077551,7.510040816,5.571918367,1.938122449,1.938122449,18.65387755,1.8,11.0,20.0,0.0,0.0,0.0,0.0,1.0,1.0
PPK_20250611_K14_GFP-M-G100,,0.0,0.051164304,2.656664626,1.264810096,0.000764931,4.071278688,5.725714286,2.0,0.0,1.0,130.3361633,3.633795918,40.94155102,15.02008163,2.180571429,7.025142857,23.49991837,17.928,1.45322449,74.61697959,7.510040816,11.87118367,4.361142857,31.73583673,18.65387755,3.633795918,11.62873469,11.62873469,1.21077551,3.391346939,18.65387755,74.61697959,18.65387755,93.27085714,931.7358367,93.27085714,18.65387755,18.65387755,18.65387755,18.65387755,37.3077551,7.510040816,5.571918367,1.938122449,1.938122449,18.65387755,1.8,11.0,20.0,0.0,0.0,0.0,0.0,1.0,1.0
PPK_20250611_K17_GFP-M-G100,,0.0,0.054432843,2.644345845,1.261986859,0.000854442,4.069621094,5.725714286,2.0,0.0,1.0,130.3361633,3.633795918,40.94155102,15.02008163,2.180571429,7.025142857,23.49991837,17.928,1.45322449,74.61697959,7.510040816,11.87118367,4.361142857,31.73583673,18.65387755,3.633795918,11.62873469,11.62873469,1.21077551,3.391346939,18.65387755,74.61697959,18.65387755,93.27085714,931.7358367,93.27085714,18.65387755,18.65387755,18.65387755,18.65387755,37.3077551,7.510040816,5.571918367,1.938122449,1.938122449,18.65387755,1.8,11.0,20.0,0.0,0.0,0.0,0.0,1.0,1.0
PPK_20250611_M11_GFP-M-G100,,0.0,0.050190175,2.712156397,1.262550165,0.000590805,4.07963417,5.725714286,2.0,0.0,1.0,130.3361633,3.633795918,40.94155102,15.02008163,2.180571429,7.025142857,23.49991837,17.928,1.45322449,74.61697959,7.510040816,11.87118367,4.361142857,31.73583673,18.65387755,3.633795918,11.62873469,11.62873469,1.21077551,3.391346939,18.65387755,74.61697959,18.65387755,93.27085714,931.7358367,93.27085714,18.65387755,18.65387755,18.65387755,18.65387755,37.3077551,7.510040816,5.571918367,1.938122449,1.938122449,18.65387755,1.8,12.0,20.0,0.0,0.0,0.0,0.0,1.0,1.0
PPK_20250611_M14_GFP-M-G100,,0.0,0.048983311,2.721790882,1.236929156,0.000737306,4.079428382,5.725714286,2.0,0.0,1.0,130.3361633,3.633795918,40.94155102,15.02008163,2.180571429,7.025142857,23.49991837,17.928,1.45322449,74.61697959,7.510040816,11.87118367,4.361142857,31.73583673,18.65387755,3.633795918,11.62873469,11.62873469,1.21077551,3.391346939,18.65387755,74.61697959,18.65387755,93.27085714,931.7358367,93.27085714,18.65387755,18.65387755,18.65387755,18.65387755,37.3077551,7.510040816,5.571918367,1.938122449,1.938122449,18.65387755,1.8,12.0,20.0,0.0,0.0,0.0,0.0,1.0,1.0
PPK_20250611_M17_GFP-M-G100,,0.0,0.046096542,2.746792906,1.345731161,0.000302848,4.08415259,5.725714286,2.0,0.0,1.0,130.3361633,3.633795918,40.94155102,15.02008163,2.180571429,7.025142857,23.49991837,17.928,1.45322449,74.61697959,7.510040816,11.87118367,4.361142857,31.73583673,18.65387755,3.633795918,11.62873469,11.62873469,1.21077551,3.391346939,18.65387755,74.61697959,18.65387755,93.27085714,931.7358367,93.27085714,18.65387755,18.65387755,18.65387755,18.65387755,37.3077551,7.510040816,5.571918367,1.938122449,1.938122449,18.65387755,1.8,12.0,20.0,0.0,0.0,0.0,0.0,1.0,1.0
PPK_20250612_A19_GFP-F-G35,,1.0,0.00017615,0.423277343,4.833333114,-1.14e-05,3.996645511,5.725714286,2.0,0.0,1.0,130.3361633,3.633795918,40.94155102,15.02008163,2.180571429,7.025142857,23.49991837,17.928,1.45322449,74.61697959,7.510040816,11.87118367,4.361142857,31.73583673,18.65387755,3.633795918,11.62873469,11.62873469,1.21077551,3.391346939,18.65387755,74.61697959,18.65387755,93.27085714,931.7358367,93.27085714,18.65387755,18.65387755,18.65387755,18.65387755,37.3077551,7.510040816,5.571918367,1.938122449,1.938122449,18.65387755,1.8,8.0,20.0,0.0,30.0,1.0,0.0,0.0,1.0
PPK_20250612_A21_GFP-F-G35,,1.0,0.000132537,0.344083531,3.333333073,-6.84e-06,3.99664502,5.725714286,2.0,0.0,1.0,130.3361633,3.633795918,40.94155102,15.02008163,2.180571429,7.025142857,23.49991837,17.928,1.45322449,74.61697959,7.510040816,11.87118367,4.361142857,31.73583673,18.65387755,3.633795918,11.62873469,11.62873469,1.21077551,3.391346939,18.65387755,74.61697959,18.65387755,93.27085714,931.7358367,93.27085714,18.65387755,18.65387755,18.65387755,18.65387755,37.3077551,7.510040816,5.571918367,1.938122449,1.938122449,18.65387755,1.8,8.0,20.0,0.0,30.0,1.0,0.0,0.0,1.0
PPK_20250612_A23_GFP-F-G35,,1.0,0.000156056,0.380949681,4.833333153,-9.38e-06,3.996645125,5.725714286,2.0,0.0,1.0,130.3361633,3.633795918,40.94155102,15.02008163,2.180571429,7.025142857,23.49991837,17.928,1.45322449,74.61697959,7.510040816,11.87118367,4.361142857,31.73583673,18.65387755,3.633795918,11.62873469,11.62873469,1.21077551,3.391346939,18.65387755,74.61697959,18.65387755,93.27085714,931.7358367,93.27085714,18.65387755,18.65387755,18.65387755,18.65387755,37.3077551,7.510040816,5.571918367,1.938122449,1.938122449,18.65387755,1.8,8.0,20.0,0.0,30.0,1.0,0.0,0.0,1.0
PPK_20250612_C19_GFP-F-G35,,1.0,0.000219146,0.438352766,5.249999791,-1.2e-05,3.996645999,5.725714286,2.0,0.0,1.0,130.3361633,3.633795918,40.94155102,15.02008163,2.180571429,7.025142857,23.49991837,17.928,1.45322449,74.61697959,7.510040816,11.87118367,4.361142857,31.73583673,18.65387755,3.633795918,11.62873469,11.62873469,1.21077551,3.391346939,18.65387755,74.61697959,18.65387755,93.27085714,931.7358367,93.27085714,18.65387755,18.65387755,18.65387755,18.65387755,37.3077551,7.510040816,5.571918367,1.938122449,1.938122449,18.65387755,1.8,8.0,0.0,2.0,30.0,1.0,0.0,0.0,1.0
PPK_20250612_C21_GFP-F-G35,,1.0,0.000194512,0.432428787,4.749999729,-1.11e-05,3.996645671,5.725714286,2.0,0.0,1.0,130.3361633,3.633795918,40.94155102,15.02008163,2.180571429,7.025142857,23.49991837,17.928,1.45322449,74.61697959,7.510040816,11.87118367,4.361142857,31.73583673,18.65387755,3.633795918,11.62873469,11.62873469,1.21077551,3.391346939,18.65387755,74.61697959,18.65387755,93.27085714,931.7358367,93.27085714,18.65387755,18.65387755,18.65387755,18.65387755,37.3077551,7.510040816,5.571918367,1.938122449,1.938122449,18.65387755,1.8,8.0,0.0,2.0,30.0,1.0,0.0,0.0,1.0
PPK_20250612_C23_GFP-F-G35,,1.0,0.000162668,0.386470113,4.166666385,-8.48e-06,3.99664515,5.725714286,2.0,0.0,1.0,130.3361633,3.633795918,40.94155102,15.02008163,2.180571429,7.025142857,23.49991837,17.928,1.45322449,74.61697959,7.510040816,11.87118367,4.361142857,31.73583673,18.65387755,3.633795918,11.62873469,11.62873469,1.21077551,3.391346939,18.65387755,74.61697959,18.65387755,93.27085714,931.7358367,93.27085714,18.65387755,18.65387755,18.65387755,18.65387755,37.3077551,7.510040816,5.571918367,1.938122449,1.938122449,18.65387755,1.8,8.0,0.0,2.0,30.0,1.0,0.0,0.0,1.0
PPK_20250612_E19_GFP-F-G35,,1.0,0.000154859,0.48484509,4.083332974,-1.1e-05,3.996645487,5.725714286,2.0,0.0,1.0,130.3361633,3.633795918,40.94155102,15.02008163,2.180571429,7.025142857,23.49991837,17.928,1.45322449,74.61697959,7.510040816,11.87118367,4.361142857,31.73583673,18.65387755,3.633795918,11.62873469,11.62873469,1.21077551,3.391346939,18.65387755,74.61697959,18.65387755,93.27085714,931.7358367,93.27085714,18.65387755,18.65387755,18.65387755,18.65387755,37.3077551,7.510040816,5.571918367,1.938122449,1.938122449,18.65387755,1.8,10.0,0.0,2.0,30.0,1.0,0.0,0.0,1.0
PPK_20250612_E21_GFP-F-G35,,1.0,0.000200967,0.438352591,4.833333075,-1.22e-05,3.996645879,5.725714286,2.0,0.0,1.0,130.3361633,3.633795918,40.94155102,15.02008163,2.180571429,7.025142857,23.49991837,17.928,1.45322449,74.61697959,7.510040816,11.87118367,4.361142857,31.73583673,18.65387755,3.633795918,11.62873469,11.62873469,1.21077551,3.391346939,18.65387755,74.61697959,18.65387755,93.27085714,931.7358367,93.27085714,18.65387755,18.65387755,18.65387755,18.65387755,37.3077551,7.510040816,5.571918367,1.938122449,1.938122449,18.65387755,1.8,10.0,0.0,2.0,30.0,1.0,0.0,0.0,1.0
PPK_20250612_E23_GFP-F-G35,,1.0,9.82e-05,0.444444824,0.499999349,-3.16e-06,3.996644947,5.725714286,2.0,0.0,1.0,130.3361633,3.633795918,40.94155102,15.02008163,2.180571429,7.025142857,23.49991837,17.928,1.45322449,74.61697959,7.510040816,11.87118367,4.361142857,31.73583673,18.65387755,3.633795918,11.62873469,11.62873469,1.21077551,3.391346939,18.65387755,74.61697959,18.65387755,93.27085714,931.7358367,93.27085714,18.65387755,18.65387755,18.65387755,18.65387755,37.3077551,7.510040816,5.571918367,1.938122449,1.938122449,18.65387755,1.8,10.0,0.0,2.0,30.0,1.0,0.0,0.0,1.0
PPK_20250612_G19_GFP-F-G35,,1.0,0.000301756,0.747659995,5.166666689,-1.77e-05,3.99665354,5.725714286,2.0,0.0,1.0,130.3361633,3.633795918,40.94155102,15.02008163,2.180571429,7.025142857,23.49991837,17.928,1.45322449,74.61697959,7.510040816,11.87118367,4.361142857,31.73583673,18.65387755,3.633795918,11.62873469,11.62873469,1.21077551,3.391346939,18.65387755,74.61697959,18.65387755,93.27085714,931.7358367,93.27085714,18.65387755,18.65387755,18.65387755,18.65387755,37.3077551,7.510040816,5.571918367,1.938122449,1.938122449,18.65387755,1.8,12.0,0.0,2.0,30.0,1.0,0.0,0.0,1.0
PPK_20250612_G21_GFP-F-G35,,1.0,0.000224374,0.755898998,3.833332188,-1.35e-05,3.996646876,5.725714286,2.0,0.0,1.0,130.3361633,3.633795918,40.94155102,15.02008163,2.180571429,7.025142857,23.49991837,17.928,1.45322449,74.61697959,7.510040816,11.87118367,4.361142857,31.73583673,18.65387755,3.633795918,11.62873469,11.62873469,1.21077551,3.391346939,18.65387755,74.61697959,18.65387755,93.27085714,931.7358367,93.27085714,18.65387755,18.65387755,18.65387755,18.65387755,37.3077551,7.510040816,5.571918367,1.938122449,1.938122449,18.65387755,1.8,12.0,0.0,2.0,30.0,1.0,0.0,0.0,1.0
PPK_20250612_G23_GFP-F-G35,,1.0,0.000378232,0.953181053,3.999998258,-1.44e-05,3.996647697,5.725714286,2.0,0.0,1.0,130.3361633,3.633795918,40.94155102,15.02008163,2.180571429,7.025142857,23.49991837,17.928,1.45322449,74.61697959,7.510040816,11.87118367,4.361142857,31.73583673,18.65387755,3.633795918,11.62873469,11.62873469,1.21077551,3.391346939,18.65387755,74.61697959,18.65387755,93.27085714,931.7358367,93.27085714,18.65387755,18.65387755,18.65387755,18.65387755,37.3077551,7.510040816,5.571918367,1.938122449,1.938122449,18.65387755,1.8,12.0,0.0,2.0,30.0,1.0,0.0,0.0,1.0
PPK_20250612_I19_GFP-F-G35,,0.0,0.012873996,1.643367853,2.249244022,0.000182066,3.962431353,5.725714286,2.0,0.0,1.0,130.3361633,3.633795918,40.94155102,15.02008163,2.180571429,7.025142857,23.49991837,17.928,1.45322449,74.61697959,7.510040816,11.87118367,4.361142857,31.73583673,18.65387755,3.633795918,11.62873469,11.62873469,1.21077551,3.391346939,18.65387755,74.61697959,18.65387755,93.27085714,931.7358367,93.27085714,18.65387755,18.65387755,18.65387755,18.65387755,37.3077551,7.510040816,5.571918367,1.938122449,1.938122449,18.65387755,1.8,14.0,0.0,2.0,30.0,1.0,0.0,0.0,1.0
PPK_20250612_I21_GFP-F-G35,,0.0,0.013795911,1.663706101,2.249184004,0.000158655,3.964084904,5.725714286,2.0,0.0,1.0,130.3361633,3.633795918,40.94155102,15.02008163,2.180571429,7.025142857,23.49991837,17.928,1.45322449,74.61697959,7.510040816,11.87118367,4.361142857,31.73583673,18.65387755,3.633795918,11.62873469,11.62873469,1.21077551,3.391346939,18.65387755,74.61697959,18.65387755,93.27085714,931.7358367,93.27085714,18.65387755,18.65387755,18.65387755,18.65387755,37.3077551,7.510040816,5.571918367,1.938122449,1.938122449,18.65387755,1.8,14.0,0.0,2.0,30.0,1.0,0.0,0.0,1.0
PPK_20250612_I23_GFP-F-G35,,0.0,0.021052046,1.757721297,1.915147621,0.000224606,3.972222467,5.725714286,2.0,0.0,1.0,130.3361633,3.633795918,40.94155102,15.02008163,2.180571429,7.025142857,23.49991837,17.928,1.45322449,74.61697959,7.510040816,11.87118367,4.361142857,31.73583673,18.65387755,3.633795918,11.62873469,11.62873469,1.21077551,3.391346939,18.65387755,74.61697959,18.65387755,93.27085714,931.7358367,93.27085714,18.65387755,18.65387755,18.65387755,18.65387755,37.3077551,7.510040816,5.571918367,1.938122449,1.938122449,18.65387755,1.8,14.0,0.0,2.0,30.0,1.0,0.0,0.0,1.0
PPK_20250612_A19_GFP-M-G100,,1.0,2.52e-05,5.111110988,2.260546714,-4.36e-06,4.255526083,5.725714286,2.0,0.0,1.0,130.3361633,3.633795918,40.94155102,15.02008163,2.180571429,7.025142857,23.49991837,17.928,1.45322449,74.61697959,7.510040816,11.87118367,4.361142857,31.73583673,18.65387755,3.633795918,11.62873469,11.62873469,1.21077551,3.391346939,18.65387755,74.61697959,18.65387755,93.27085714,931.7358367,93.27085714,18.65387755,18.65387755,18.65387755,18.65387755,37.3077551,7.510040816,5.571918367,1.938122449,1.938122449,18.65387755,1.8,8.0,20.0,0.0,30.0,0.0,0.0,1.0,1.0
PPK_20250612_A21_GFP-M-G100,,1.0,3.45e-05,4.345678787,3.343885134,-7.69e-06,4.236425092,5.725714286,2.0,0.0,1.0,130.3361633,3.633795918,40.94155102,15.02008163,2.180571429,7.025142857,23.49991837,17.928,1.45322449,74.61697959,7.510040816,11.87118367,4.361142857,31.73583673,18.65387755,3.633795918,11.62873469,11.62873469,1.21077551,3.391346939,18.65387755,74.61697959,18.65387755,93.27085714,931.7358367,93.27085714,18.65387755,18.65387755,18.65387755,18.65387755,37.3077551,7.510040816,5.571918367,1.938122449,1.938122449,18.65387755,1.8,8.0,20.0,0.0,30.0,0.0,0.0,1.0,1.0
PPK_20250612_A23_GFP-M-G100,,1.0,5.16e-05,5.111111019,5.260562983,-7.43e-06,4.255492452,5.725714286,2.0,0.0,1.0,130.3361633,3.633795918,40.94155102,15.02008163,2.180571429,7.025142857,23.49991837,17.928,1.45322449,74.61697959,7.510040816,11.87118367,4.361142857,31.73583673,18.65387755,3.633795918,11.62873469,11.62873469,1.21077551,3.391346939,18.65387755,74.61697959,18.65387755,93.27085714,931.7358367,93.27085714,18.65387755,18.65387755,18.65387755,18.65387755,37.3077551,7.510040816,5.571918367,1.938122449,1.938122449,18.65387755,1.8,8.0,20.0,0.0,30.0,0.0,0.0,1.0,1.0
PPK_20250612_C19_GFP-M-G100,,1.0,8.7e-05,4.84848501,5.843895255,-6.75e-06,4.253196475,5.725714286,2.0,0.0,1.0,130.3361633,3.633795918,40.94155102,15.02008163,2.180571429,7.025142857,23.49991837,17.928,1.45322449,74.61697959,7.510040816,11.87118367,4.361142857,31.73583673,18.65387755,3.633795918,11.62873469,11.62873469,1.21077551,3.391346939,18.65387755,74.61697959,18.65387755,93.27085714,931.7358367,93.27085714,18.65387755,18.65387755,18.65387755,18.65387755,37.3077551,7.510040816,5.571918367,1.938122449,1.938122449,18.65387755,1.8,8.0,0.0,2.0,30.0,0.0,0.0,1.0,1.0
PPK_20250612_C21_GFP-M-G100,,1.0,6.75e-05,3.692307652,5.427226938,-7.19e-06,4.191860012,5.725714286,2.0,0.0,1.0,130.3361633,3.633795918,40.94155102,15.02008163,2.180571429,7.025142857,23.49991837,17.928,1.45322449,74.61697959,7.510040816,11.87118367,4.361142857,31.73583673,18.65387755,3.633795918,11.62873469,11.62873469,1.21077551,3.391346939,18.65387755,74.61697959,18.65387755,93.27085714,931.7358367,93.27085714,18.65387755,18.65387755,18.65387755,18.65387755,37.3077551,7.510040816,5.571918367,1.938122449,1.938122449,18.65387755,1.8,8.0,0.0,2.0,30.0,0.0,0.0,1.0,1.0
PPK_20250612_C23_GFP-M-G100,,1.0,3.41e-05,4.444444214,2.84388145,-6.6e-06,4.241069953,5.725714286,2.0,0.0,1.0,130.3361633,3.633795918,40.94155102,15.02008163,2.180571429,7.025142857,23.49991837,17.928,1.45322449,74.61697959,7.510040816,11.87118367,4.361142857,31.73583673,18.65387755,3.633795918,11.62873469,11.62873469,1.21077551,3.391346939,18.65387755,74.61697959,18.65387755,93.27085714,931.7358367,93.27085714,18.65387755,18.65387755,18.65387755,18.65387755,37.3077551,7.510040816,5.571918367,1.938122449,1.938122449,18.65387755,1.8,8.0,0.0,2.0,30.0,0.0,0.0,1.0,1.0
PPK_20250612_E19_GFP-M-G100,,1.0,4.09e-05,3.839999752,3.760554484,-7.94e-06,4.203838502,5.725714286,2.0,0.0,1.0,130.3361633,3.633795918,40.94155102,15.02008163,2.180571429,7.025142857,23.49991837,17.928,1.45322449,74.61697959,7.510040816,11.87118367,4.361142857,31.73583673,18.65387755,3.633795918,11.62873469,11.62873469,1.21077551,3.391346939,18.65387755,74.61697959,18.65387755,93.27085714,931.7358367,93.27085714,18.65387755,18.65387755,18.65387755,18.65387755,37.3077551,7.510040816,5.571918367,1.938122449,1.938122449,18.65387755,1.8,10.0,0.0,2.0,30.0,0.0,0.0,1.0,1.0
PPK_20250612_E21_GFP-M-G100,,1.0,2.86e-05,3.999999968,0.843886602,-2.33e-06,4.215290371,5.725714286,2.0,0.0,1.0,130.3361633,3.633795918,40.94155102,15.02008163,2.180571429,7.025142857,23.49991837,17.928,1.45322449,74.61697959,7.510040816,11.87118367,4.361142857,31.73583673,18.65387755,3.633795918,11.62873469,11.62873469,1.21077551,3.391346939,18.65387755,74.61697959,18.65387755,93.27085714,931.7358367,93.27085714,18.65387755,18.65387755,18.65387755,18.65387755,37.3077551,7.510040816,5.571918367,1.938122449,1.938122449,18.65387755,1.8,10.0,0.0,2.0,30.0,0.0,0.0,1.0,1.0
PPK_20250612_E23_GFP-M-G100,,1.0,2.95e-05,5.142857168,1.343891723,-3.64e-06,4.25585828,5.725714286,2.0,0.0,1.0,130.3361633,3.633795918,40.94155102,15.02008163,2.180571429,7.025142857,23.49991837,17.928,1.45322449,74.61697959,7.510040816,11.87118367,4.361142857,31.73583673,18.65387755,3.633795918,11.62873469,11.62873469,1.21077551,3.391346939,18.65387755,74.61697959,18.65387755,93.27085714,931.7358367,93.27085714,18.65387755,18.65387755,18.65387755,18.65387755,37.3077551,7.510040816,5.571918367,1.938122449,1.938122449,18.65387755,1.8,10.0,0.0,2.0,30.0,0.0,0.0,1.0,1.0
PPK_20250612_G19_GFP-M-G100,,1.0,7.58e-05,2.909090557,4.84389168,-8.66e-06,4.107604871,5.725714286,2.0,0.0,1.0,130.3361633,3.633795918,40.94155102,15.02008163,2.180571429,7.025142857,23.49991837,17.928,1.45322449,74.61697959,7.510040816,11.87118367,4.361142857,31.73583673,18.65387755,3.633795918,11.62873469,11.62873469,1.21077551,3.391346939,18.65387755,74.61697959,18.65387755,93.27085714,931.7358367,93.27085714,18.65387755,18.65387755,18.65387755,18.65387755,37.3077551,7.510040816,5.571918367,1.938122449,1.938122449,18.65387755,1.8,12.0,0.0,2.0,30.0,0.0,0.0,1.0,1.0
PPK_20250612_G21_GFP-M-G100,,1.0,0.000224508,2.081301158,5.927224427,-9.67e-06,4.005680263,5.725714286,2.0,0.0,1.0,130.3361633,3.633795918,40.94155102,15.02008163,2.180571429,7.025142857,23.49991837,17.928,1.45322449,74.61697959,7.510040816,11.87118367,4.361142857,31.73583673,18.65387755,3.633795918,11.62873469,11.62873469,1.21077551,3.391346939,18.65387755,74.61697959,18.65387755,93.27085714,931.7358367,93.27085714,18.65387755,18.65387755,18.65387755,18.65387755,37.3077551,7.510040816,5.571918367,1.938122449,1.938122449,18.65387755,1.8,12.0,0.0,2.0,30.0,0.0,0.0,1.0,1.0
PPK_20250612_G23_GFP-M-G100,,1.0,8.99e-05,2.550723405,3.010549631,-5.29e-06,4.062826078,5.725714286,2.0,0.0,1.0,130.3361633,3.633795918,40.94155102,15.02008163,2.180571429,7.025142857,23.49991837,17.928,1.45322449,74.61697959,7.510040816,11.87118367,4.361142857,31.73583673,18.65387755,3.633795918,11.62873469,11.62873469,1.21077551,3.391346939,18.65387755,74.61697959,18.65387755,93.27085714,931.7358367,93.27085714,18.65387755,18.65387755,18.65387755,18.65387755,37.3077551,7.510040816,5.571918367,1.938122449,1.938122449,18.65387755,1.8,12.0,0.0,2.0,30.0,0.0,0.0,1.0,1.0
PPK_20250612_I19_GFP-M-G100,,0.0,0.005391984,1.634797346,2.260239347,8.28e-05,3.961910136,5.725714286,2.0,0.0,1.0,130.3361633,3.633795918,40.94155102,15.02008163,2.180571429,7.025142857,23.49991837,17.928,1.45322449,74.61697959,7.510040816,11.87118367,4.361142857,31.73583673,18.65387755,3.633795918,11.62873469,11.62873469,1.21077551,3.391346939,18.65387755,74.61697959,18.65387755,93.27085714,931.7358367,93.27085714,18.65387755,18.65387755,18.65387755,18.65387755,37.3077551,7.510040816,5.571918367,1.938122449,1.938122449,18.65387755,1.8,14.0,0.0,2.0,30.0,0.0,0.0,1.0,1.0
PPK_20250612_I21_GFP-M-G100,,0.0,0.005851523,1.672758516,2.260204329,7.55e-05,3.964972893,5.725714286,2.0,0.0,1.0,130.3361633,3.633795918,40.94155102,15.02008163,2.180571429,7.025142857,23.49991837,17.928,1.45322449,74.61697959,7.510040816,11.87118367,4.361142857,31.73583673,18.65387755,3.633795918,11.62873469,11.62873469,1.21077551,3.391346939,18.65387755,74.61697959,18.65387755,93.27085714,931.7358367,93.27085714,18.65387755,18.65387755,18.65387755,18.65387755,37.3077551,7.510040816,5.571918367,1.938122449,1.938122449,18.65387755,1.8,14.0,0.0,2.0,30.0,0.0,0.0,1.0,1.0
PPK_20250612_I23_GFP-M-G100,,0.0,0.009283069,1.725399608,2.009925398,6.55e-05,3.969457438,5.725714286,2.0,0.0,1.0,130.3361633,3.633795918,40.94155102,15.02008163,2.180571429,7.025142857,23.49991837,17.928,1.45322449,74.61697959,7.510040816,11.87118367,4.361142857,31.73583673,18.65387755,3.633795918,11.62873469,11.62873469,1.21077551,3.391346939,18.65387755,74.61697959,18.65387755,93.27085714,931.7358367,93.27085714,18.65387755,18.65387755,18.65387755,18.65387755,37.3077551,7.510040816,5.571918367,1.938122449,1.938122449,18.65387755,1.8,14.0,0.0,2.0,30.0,0.0,0.0,1.0,1.0
PPK_20250613_I1_GFP-F-G35,,0.0,0.008974612,1.377843692,2.499635315,0.00011721,3.941732098,5.725714286,2.0,0.0,1.0,130.3361633,3.633795918,40.94155102,15.02008163,2.180571429,7.025142857,23.49991837,17.928,1.45322449,74.61697959,7.510040816,11.87118367,4.361142857,31.73583673,18.65387755,3.633795918,11.62873469,11.62873469,1.21077551,3.391346939,18.65387755,74.61697959,18.65387755,93.27085714,931.7358367,93.27085714,18.65387755,18.65387755,18.65387755,18.65387755,37.3077551,7.510040816,5.571918367,1.938122449,1.938122449,18.65387755,1.8,14.0,0.0,2.0,30.0,1.0,0.0,0.0,1.0
PPK_20250613_I4_GFP-F-G35,,0.0,0.007559945,1.336832585,2.583048879,0.000115494,3.939800457,5.725714286,2.0,0.0,1.0,130.3361633,3.633795918,40.94155102,15.02008163,2.180571429,7.025142857,23.49991837,17.928,1.45322449,74.61697959,7.510040816,11.87118367,4.361142857,31.73583673,18.65387755,3.633795918,11.62873469,11.62873469,1.21077551,3.391346939,18.65387755,74.61697959,18.65387755,93.27085714,931.7358367,93.27085714,18.65387755,18.65387755,18.65387755,18.65387755,37.3077551,7.510040816,5.571918367,1.938122449,1.938122449,18.65387755,1.8,14.0,0.0,2.0,30.0,1.0,0.0,0.0,1.0
PPK_20250613_I7_GFP-F-G35,,0.0,0.011109086,1.579384053,2.416113944,6.73e-05,3.954190003,5.725714286,2.0,0.0,1.0,130.3361633,3.633795918,40.94155102,15.02008163,2.180571429,7.025142857,23.49991837,17.928,1.45322449,74.61697959,7.510040816,11.87118367,4.361142857,31.73583673,18.65387755,3.633795918,11.62873469,11.62873469,1.21077551,3.391346939,18.65387755,74.61697959,18.65387755,93.27085714,931.7358367,93.27085714,18.65387755,18.65387755,18.65387755,18.65387755,37.3077551,7.510040816,5.571918367,1.938122449,1.938122449,18.65387755,1.8,14.0,0.0,2.0,30.0,1.0,0.0,0.0,1.0
PPK_20250613_K1_GFP-F-G35,,0.0,0.055501111,4.609334134,0.934610472,0.00088268,4.243902295,5.725714286,2.0,0.0,1.0,130.3361633,3.633795918,40.94155102,15.02008163,2.180571429,7.025142857,23.49991837,17.928,1.45322449,74.61697959,7.510040816,11.87118367,4.361142857,31.73583673,18.65387755,3.633795918,11.62873469,11.62873469,1.21077551,3.391346939,18.65387755,74.61697959,18.65387755,93.27085714,931.7358367,93.27085714,18.65387755,18.65387755,18.65387755,18.65387755,37.3077551,7.510040816,5.571918367,1.938122449,1.938122449,18.65387755,1.8,16.0,0.0,2.0,30.0,1.0,0.0,0.0,1.0
PPK_20250613_K4_GFP-F-G35,,0.0,0.054909552,4.614706634,0.923347497,0.000868869,4.243993282,5.725714286,2.0,0.0,1.0,130.3361633,3.633795918,40.94155102,15.02008163,2.180571429,7.025142857,23.49991837,17.928,1.45322449,74.61697959,7.510040816,11.87118367,4.361142857,31.73583673,18.65387755,3.633795918,11.62873469,11.62873469,1.21077551,3.391346939,18.65387755,74.61697959,18.65387755,93.27085714,931.7358367,93.27085714,18.65387755,18.65387755,18.65387755,18.65387755,37.3077551,7.510040816,5.571918367,1.938122449,1.938122449,18.65387755,1.8,16.0,0.0,2.0,30.0,1.0,0.0,0.0,1.0
PPK_20250613_K7_GFP-F-G35,,0.0,0.054887179,4.6328282,0.913237928,0.000867154,4.244675509,5.725714286,2.0,0.0,1.0,130.3361633,3.633795918,40.94155102,15.02008163,2.180571429,7.025142857,23.49991837,17.928,1.45322449,74.61697959,7.510040816,11.87118367,4.361142857,31.73583673,18.65387755,3.633795918,11.62873469,11.62873469,1.21077551,3.391346939,18.65387755,74.61697959,18.65387755,93.27085714,931.7358367,93.27085714,18.65387755,18.65387755,18.65387755,18.65387755,37.3077551,7.510040816,5.571918367,1.938122449,1.938122449,18.65387755,1.8,16.0,0.0,2.0,30.0,1.0,0.0,0.0,1.0
PPK_20250613_M1_GFP-F-G35,,0.0,0.058405103,4.67693971,0.930216173,0.000986059,4.245856932,5.725714286,2.0,0.0,1.0,130.3361633,3.633795918,40.94155102,15.02008163,2.180571429,7.025142857,23.49991837,17.928,1.45322449,74.61697959,7.510040816,11.87118367,4.361142857,31.73583673,18.65387755,3.633795918,11.62873469,11.62873469,1.21077551,3.391346939,18.65387755,74.61697959,18.65387755,93.27085714,931.7358367,93.27085714,18.65387755,18.65387755,18.65387755,18.65387755,37.3077551,7.510040816,5.571918367,1.938122449,1.938122449,18.65387755,1.8,18.0,0.0,2.0,30.0,1.0,0.0,0.0,1.0
PPK_20250613_M4_GFP-F-G35,,0.0,0.055378798,4.79218467,0.907763067,0.000868478,4.250240045,5.725714286,2.0,0.0,1.0,130.3361633,3.633795918,40.94155102,15.02008163,2.180571429,7.025142857,23.49991837,17.928,1.45322449,74.61697959,7.510040816,11.87118367,4.361142857,31.73583673,18.65387755,3.633795918,11.62873469,11.62873469,1.21077551,3.391346939,18.65387755,74.61697959,18.65387755,93.27085714,931.7358367,93.27085714,18.65387755,18.65387755,18.65387755,18.65387755,37.3077551,7.510040816,5.571918367,1.938122449,1.938122449,18.65387755,1.8,18.0,0.0,2.0,30.0,1.0,0.0,0.0,1.0
PPK_20250613_M7_GFP-F-G35,,0.0,0.052713883,4.846884327,0.894593799,0.000774039,4.251661235,5.725714286,2.0,0.0,1.0,130.3361633,3.633795918,40.94155102,15.02008163,2.180571429,7.025142857,23.49991837,17.928,1.45322449,74.61697959,7.510040816,11.87118367,4.361142857,31.73583673,18.65387755,3.633795918,11.62873469,11.62873469,1.21077551,3.391346939,18.65387755,74.61697959,18.65387755,93.27085714,931.7358367,93.27085714,18.65387755,18.65387755,18.65387755,18.65387755,37.3077551,7.510040816,5.571918367,1.938122449,1.938122449,18.65387755,1.8,18.0,0.0,2.0,30.0,1.0,0.0,0.0,1.0
PPK_20250613_O1_GFP-F-G35,,0.0,0.050589906,4.79596331,0.964137015,0.000723992,4.251031084,5.725714286,2.0,0.0,1.0,130.3361633,3.633795918,40.94155102,15.02008163,2.180571429,7.025142857,23.49991837,17.928,1.45322449,74.61697959,7.510040816,11.87118367,4.361142857,31.73583673,18.65387755,3.633795918,11.62873469,11.62873469,1.21077551,3.391346939,18.65387755,74.61697959,18.65387755,93.27085714,931.7358367,93.27085714,18.65387755,18.65387755,18.65387755,18.65387755,37.3077551,7.510040816,5.571918367,1.938122449,1.938122449,18.65387755,1.8,20.0,0.0,2.0,30.0,1.0,0.0,0.0,1.0
PPK_20250613_O4_GFP-F-G35,,0.0,0.050972422,4.721502832,0.9499264,0.000821205,4.246027328,5.725714286,2.0,0.0,1.0,130.3361633,3.633795918,40.94155102,15.02008163,2.180571429,7.025142857,23.49991837,17.928,1.45322449,74.61697959,7.510040816,11.87118367,4.361142857,31.73583673,18.65387755,3.633795918,11.62873469,11.62873469,1.21077551,3.391346939,18.65387755,74.61697959,18.65387755,93.27085714,931.7358367,93.27085714,18.65387755,18.65387755,18.65387755,18.65387755,37.3077551,7.510040816,5.571918367,1.938122449,1.938122449,18.65387755,1.8,20.0,0.0,2.0,30.0,1.0,0.0,0.0,1.0
PPK_20250613_O7_GFP-F-G35,,0.0,0.046453508,4.855639303,0.940909725,0.00067404,4.250974996,5.725714286,2.0,0.0,1.0,130.3361633,3.633795918,40.94155102,15.02008163,2.180571429,7.025142857,23.49991837,17.928,1.45322449,74.61697959,7.510040816,11.87118367,4.361142857,31.73583673,18.65387755,3.633795918,11.62873469,11.62873469,1.21077551,3.391346939,18.65387755,74.61697959,18.65387755,93.27085714,931.7358367,93.27085714,18.65387755,18.65387755,18.65387755,18.65387755,37.3077551,7.510040816,5.571918367,1.938122449,1.938122449,18.65387755,1.8,20.0,0.0,2.0,30.0,1.0,0.0,0.0,1.0
PPK_20250613_I1_GFP-M-G100,,0.0,0.003570786,1.491740549,2.58956973,1.91e-05,3.9483201,5.725714286,2.0,0.0,1.0,130.3361633,3.633795918,40.94155102,15.02008163,2.180571429,7.025142857,23.49991837,17.928,1.45322449,74.61697959,7.510040816,11.87118367,4.361142857,31.73583673,18.65387755,3.633795918,11.62873469,11.62873469,1.21077551,3.391346939,18.65387755,74.61697959,18.65387755,93.27085714,931.7358367,93.27085714,18.65387755,18.65387755,18.65387755,18.65387755,37.3077551,7.510040816,5.571918367,1.938122449,1.938122449,18.65387755,1.8,14.0,0.0,2.0,30.0,0.0,0.0,1.0,1.0
PPK_20250613_I4_GFP-M-G100,,0.0,0.003010463,1.380800084,2.589603839,4.31e-05,3.942029417,5.725714286,2.0,0.0,1.0,130.3361633,3.633795918,40.94155102,15.02008163,2.180571429,7.025142857,23.49991837,17.928,1.45322449,74.61697959,7.510040816,11.87118367,4.361142857,31.73583673,18.65387755,3.633795918,11.62873469,11.62873469,1.21077551,3.391346939,18.65387755,74.61697959,18.65387755,93.27085714,931.7358367,93.27085714,18.65387755,18.65387755,18.65387755,18.65387755,37.3077551,7.510040816,5.571918367,1.938122449,1.938122449,18.65387755,1.8,14.0,0.0,2.0,30.0,0.0,0.0,1.0,1.0
PPK_20250613_I7_GFP-M-G100,,0.0,0.004328209,1.555136295,2.422842916,3.56e-05,3.952544522,5.725714286,2.0,0.0,1.0,130.3361633,3.633795918,40.94155102,15.02008163,2.180571429,7.025142857,23.49991837,17.928,1.45322449,74.61697959,7.510040816,11.87118367,4.361142857,31.73583673,18.65387755,3.633795918,11.62873469,11.62873469,1.21077551,3.391346939,18.65387755,74.61697959,18.65387755,93.27085714,931.7358367,93.27085714,18.65387755,18.65387755,18.65387755,18.65387755,37.3077551,7.510040816,5.571918367,1.938122449,1.938122449,18.65387755,1.8,14.0,0.0,2.0,30.0,0.0,0.0,1.0,1.0
PPK_20250613_K1_GFP-M-G100,,0.0,0.028795578,4.179505421,1.004811707,0.000465509,4.224615384,5.725714286,2.0,0.0,1.0,130.3361633,3.633795918,40.94155102,15.02008163,2.180571429,7.025142857,23.49991837,17.928,1.45322449,74.61697959,7.510040816,11.87118367,4.361142857,31.73583673,18.65387755,3.633795918,11.62873469,11.62873469,1.21077551,3.391346939,18.65387755,74.61697959,18.65387755,93.27085714,931.7358367,93.27085714,18.65387755,18.65387755,18.65387755,18.65387755,37.3077551,7.510040816,5.571918367,1.938122449,1.938122449,18.65387755,1.8,16.0,0.0,2.0,30.0,0.0,0.0,1.0,1.0
PPK_20250613_K4_GFP-M-G100,,0.0,0.028715688,4.142281331,1.004805853,0.000446574,4.222343499,5.725714286,2.0,0.0,1.0,130.3361633,3.633795918,40.94155102,15.02008163,2.180571429,7.025142857,23.49991837,17.928,1.45322449,74.61697959,7.510040816,11.87118367,4.361142857,31.73583673,18.65387755,3.633795918,11.62873469,11.62873469,1.21077551,3.391346939,18.65387755,74.61697959,18.65387755,93.27085714,931.7358367,93.27085714,18.65387755,18.65387755,18.65387755,18.65387755,37.3077551,7.510040816,5.571918367,1.938122449,1.938122449,18.65387755,1.8,16.0,0.0,2.0,30.0,0.0,0.0,1.0,1.0
PPK_20250613_K7_GFP-M-G100,,0.0,0.028294249,4.189525403,1.004806214,0.000378776,4.225227146,5.725714286,2.0,0.0,1.0,130.3361633,3.633795918,40.94155102,15.02008163,2.180571429,7.025142857,23.49991837,17.928,1.45322449,74.61697959,7.510040816,11.87118367,4.361142857,31.73583673,18.65387755,3.633795918,11.62873469,11.62873469,1.21077551,3.391346939,18.65387755,74.61697959,18.65387755,93.27085714,931.7358367,93.27085714,18.65387755,18.65387755,18.65387755,18.65387755,37.3077551,7.510040816,5.571918367,1.938122449,1.938122449,18.65387755,1.8,16.0,0.0,2.0,30.0,0.0,0.0,1.0,1.0
PPK_20250613_M1_GFP-M-G100,,0.0,0.027877485,4.227530067,1.004812384,0.000455321,4.227435174,5.725714286,2.0,0.0,1.0,130.3361633,3.633795918,40.94155102,15.02008163,2.180571429,7.025142857,23.49991837,17.928,1.45322449,74.61697959,7.510040816,11.87118367,4.361142857,31.73583673,18.65387755,3.633795918,11.62873469,11.62873469,1.21077551,3.391346939,18.65387755,74.61697959,18.65387755,93.27085714,931.7358367,93.27085714,18.65387755,18.65387755,18.65387755,18.65387755,37.3077551,7.510040816,5.571918367,1.938122449,1.938122449,18.65387755,1.8,18.0,0.0,2.0,30.0,0.0,0.0,1.0,1.0
PPK_20250613_M4_GFP-M-G100,,0.0,0.028614492,4.348313217,1.004829894,0.000350905,4.23388062,5.725714286,2.0,0.0,1.0,130.3361633,3.633795918,40.94155102,15.02008163,2.180571429,7.025142857,23.49991837,17.928,1.45322449,74.61697959,7.510040816,11.87118367,4.361142857,31.73583673,18.65387755,3.633795918,11.62873469,11.62873469,1.21077551,3.391346939,18.65387755,74.61697959,18.65387755,93.27085714,931.7358367,93.27085714,18.65387755,18.65387755,18.65387755,18.65387755,37.3077551,7.510040816,5.571918367,1.938122449,1.938122449,18.65387755,1.8,18.0,0.0,2.0,30.0,0.0,0.0,1.0,1.0
PPK_20250613_M7_GFP-M-G100,,0.0,0.027551126,4.398715712,0.938849443,0.000475814,4.236140069,5.725714286,2.0,0.0,1.0,130.3361633,3.633795918,40.94155102,15.02008163,2.180571429,7.025142857,23.49991837,17.928,1.45322449,74.61697959,7.510040816,11.87118367,4.361142857,31.73583673,18.65387755,3.633795918,11.62873469,11.62873469,1.21077551,3.391346939,18.65387755,74.61697959,18.65387755,93.27085714,931.7358367,93.27085714,18.65387755,18.65387755,18.65387755,18.65387755,37.3077551,7.510040816,5.571918367,1.938122449,1.938122449,18.65387755,1.8,18.0,0.0,2.0,30.0,0.0,0.0,1.0,1.0
PPK_20250613_O1_GFP-M-G100,,0.0,0.025876058,4.452371718,1.088010232,0.000185589,4.238815705,5.725714286,2.0,0.0,1.0,130.3361633,3.633795918,40.94155102,15.02008163,2.180571429,7.025142857,23.49991837,17.928,1.45322449,74.61697959,7.510040816,11.87118367,4.361142857,31.73583673,18.65387755,3.633795918,11.62873469,11.62873469,1.21077551,3.391346939,18.65387755,74.61697959,18.65387755,93.27085714,931.7358367,93.27085714,18.65387755,18.65387755,18.65387755,18.65387755,37.3077551,7.510040816,5.571918367,1.938122449,1.938122449,18.65387755,1.8,20.0,0.0,2.0,30.0,0.0,0.0,1.0,1.0
PPK_20250613_O4_GFP-M-G100,,0.0,0.024158119,4.507690714,1.088007365,0.000143445,4.241115529,5.725714286,2.0,0.0,1.0,130.3361633,3.633795918,40.94155102,15.02008163,2.180571429,7.025142857,23.49991837,17.928,1.45322449,74.61697959,7.510040816,11.87118367,4.361142857,31.73583673,18.65387755,3.633795918,11.62873469,11.62873469,1.21077551,3.391346939,18.65387755,74.61697959,18.65387755,93.27085714,931.7358367,93.27085714,18.65387755,18.65387755,18.65387755,18.65387755,37.3077551,7.510040816,5.571918367,1.938122449,1.938122449,18.65387755,1.8,20.0,0.0,2.0,30.0,0.0,0.0,1.0,1.0
PPK_20250613_O7_GFP-M-G100,,0.0,0.02270797,4.544701311,0.973642289,0.000383354,4.243020617,5.725714286,2.0,0.0,1.0,130.3361633,3.633795918,40.94155102,15.02008163,2.180571429,7.025142857,23.49991837,17.928,1.45322449,74.61697959,7.510040816,11.87118367,4.361142857,31.73583673,18.65387755,3.633795918,11.62873469,11.62873469,1.21077551,3.391346939,18.65387755,74.61697959,18.65387755,93.27085714,931.7358367,93.27085714,18.65387755,18.65387755,18.65387755,18.65387755,37.3077551,7.510040816,5.571918367,1.938122449,1.938122449,18.65387755,1.8,20.0,0.0,2.0,30.0,0.0,0.0,1.0,1.0
PPK_20250616_A1_GFP-Gext,,0.0,0.057207718,2.78803884,1.431383881,0.000383001,3.940843597,5.725714286,2.0,0.0,1.0,130.3361633,3.633795918,40.94155102,15.02008163,2.180571429,7.025142857,23.49991837,17.928,1.45322449,74.61697959,7.510040816,11.87118367,4.361142857,31.73583673,18.65387755,3.633795918,11.62873469,11.62873469,1.21077551,3.391346939,18.65387755,74.61697959,18.65387755,93.27085714,931.7358367,93.27085714,18.65387755,18.65387755,18.65387755,18.65387755,37.3077551,7.510040816,5.571918367,1.938122449,1.938122449,18.65387755,1.8,8.0,20.0,0.0,0.0,0.0,1.0,0.0,1.0
PPK_20250616_A4_GFP-Gext,,0.0,0.060267106,2.781648007,1.431384876,0.000405199,3.941432887,5.725714286,2.0,0.0,1.0,130.3361633,3.633795918,40.94155102,15.02008163,2.180571429,7.025142857,23.49991837,17.928,1.45322449,74.61697959,7.510040816,11.87118367,4.361142857,31.73583673,18.65387755,3.633795918,11.62873469,11.62873469,1.21077551,3.391346939,18.65387755,74.61697959,18.65387755,93.27085714,931.7358367,93.27085714,18.65387755,18.65387755,18.65387755,18.65387755,37.3077551,7.510040816,5.571918367,1.938122449,1.938122449,18.65387755,1.8,8.0,20.0,0.0,0.0,0.0,1.0,0.0,1.0
PPK_20250616_A7_GFP-Gext,,0.0,0.054736924,2.767596916,1.348096556,0.000572689,3.942728555,5.725714286,2.0,0.0,1.0,130.3361633,3.633795918,40.94155102,15.02008163,2.180571429,7.025142857,23.49991837,17.928,1.45322449,74.61697959,7.510040816,11.87118367,4.361142857,31.73583673,18.65387755,3.633795918,11.62873469,11.62873469,1.21077551,3.391346939,18.65387755,74.61697959,18.65387755,93.27085714,931.7358367,93.27085714,18.65387755,18.65387755,18.65387755,18.65387755,37.3077551,7.510040816,5.571918367,1.938122449,1.938122449,18.65387755,1.8,8.0,20.0,0.0,0.0,0.0,1.0,0.0,1.0
PPK_20250616_E1_GFP-Gext,,0.0,0.013130411,3.024812066,1.014780308,0.000200162,3.917797819,5.725714286,2.0,0.0,1.0,130.3361633,3.633795918,40.94155102,15.02008163,2.180571429,7.025142857,23.49991837,17.928,1.45322449,74.61697959,7.510040816,11.87118367,4.361142857,31.73583673,18.65387755,3.633795918,11.62873469,11.62873469,1.21077551,3.391346939,18.65387755,74.61697959,18.65387755,93.27085714,931.7358367,93.27085714,18.65387755,18.65387755,18.65387755,18.65387755,37.3077551,7.510040816,5.571918367,1.938122449,1.938122449,18.65387755,1.8,18.0,0.0,2.0,30.0,0.0,1.0,0.0,1.0
PPK_20250616_E4_GFP-Gext,,0.0,0.012997801,2.983896526,1.098095647,0.000178993,3.92188859,5.725714286,2.0,0.0,1.0,130.3361633,3.633795918,40.94155102,15.02008163,2.180571429,7.025142857,23.49991837,17.928,1.45322449,74.61697959,7.510040816,11.87118367,4.361142857,31.73583673,18.65387755,3.633795918,11.62873469,11.62873469,1.21077551,3.391346939,18.65387755,74.61697959,18.65387755,93.27085714,931.7358367,93.27085714,18.65387755,18.65387755,18.65387755,18.65387755,37.3077551,7.510040816,5.571918367,1.938122449,1.938122449,18.65387755,1.8,18.0,0.0,2.0,30.0,0.0,1.0,0.0,1.0
PPK_20250616_E7_GFP-Gext,,0.0,0.012634496,3.007663858,1.098095375,0.000178353,3.919534871,5.725714286,2.0,0.0,1.0,130.3361633,3.633795918,40.94155102,15.02008163,2.180571429,7.025142857,23.49991837,17.928,1.45322449,74.61697959,7.510040816,11.87118367,4.361142857,31.73583673,18.65387755,3.633795918,11.62873469,11.62873469,1.21077551,3.391346939,18.65387755,74.61697959,18.65387755,93.27085714,931.7358367,93.27085714,18.65387755,18.65387755,18.65387755,18.65387755,37.3077551,7.510040816,5.571918367,1.938122449,1.938122449,18.65387755,1.8,18.0,0.0,2.0,30.0,0.0,1.0,0.0,1.0
PPK_20250616_G1_GFP-Gext,,0.0,0.117034697,2.235698388,1.598023914,0.000419718,3.986394177,5.725714286,2.0,0.0,1.0,130.3361633,3.633795918,40.94155102,15.02008163,2.180571429,7.025142857,23.49991837,17.928,1.45322449,74.61697959,7.510040816,11.87118367,4.361142857,31.73583673,18.65387755,3.633795918,11.62873469,11.62873469,1.21077551,3.391346939,18.65387755,74.61697959,18.65387755,93.27085714,931.7358367,93.27085714,18.65387755,18.65387755,18.65387755,18.65387755,37.3077551,7.510040816,5.571918367,1.938122449,1.938122449,18.65387755,1.8,18.0,20.0,2.0,30.0,0.0,1.0,0.0,1.0
PPK_20250616_G4_GFP-Gext,,0.0,0.114907065,2.541159209,1.551377401,0.000663852,3.997202512,5.725714286,2.0,0.0,1.0,130.3361633,3.633795918,40.94155102,15.02008163,2.180571429,7.025142857,23.49991837,17.928,1.45322449,74.61697959,7.510040816,11.87118367,4.361142857,31.73583673,18.65387755,3.633795918,11.62873469,11.62873469,1.21077551,3.391346939,18.65387755,74.61697959,18.65387755,93.27085714,931.7358367,93.27085714,18.65387755,18.65387755,18.65387755,18.65387755,37.3077551,7.510040816,5.571918367,1.938122449,1.938122449,18.65387755,1.8,18.0,20.0,2.0,30.0,0.0,1.0,0.0,1.0
PPK_20250616_G7_GFP-Gext,,0.0,0.112343501,2.591821904,1.538104238,0.000566232,4.008836039,5.725714286,2.0,0.0,1.0,130.3361633,3.633795918,40.94155102,15.02008163,2.180571429,7.025142857,23.49991837,17.928,1.45322449,74.61697959,7.510040816,11.87118367,4.361142857,31.73583673,18.65387755,3.633795918,11.62873469,11.62873469,1.21077551,3.391346939,18.65387755,74.61697959,18.65387755,93.27085714,931.7358367,93.27085714,18.65387755,18.65387755,18.65387755,18.65387755,37.3077551,7.510040816,5.571918367,1.938122449,1.938122449,18.65387755,1.8,18.0,20.0,2.0,30.0,0.0,1.0,0.0,1.0
GES-1,,7.02916531736264e-06,0.10947156697511673,2.497344493865967,1.5816086530685425,0.0005435779457911849,3.9990856647491455,5.7257142068998785,2.0000000098345136,-9.471744277789185e-09,1.0000000049172568,130.3361663797525,3.6337959765187104,40.941551209672724,15.020081520576879,2.180571317608485,7.025142669580475,23.499917983875502,17.928843093273578,1.453224539737533,74.61698150915241,7.510040760288439,11.871183395626023,4.36114263521697,31.735836029227748,18.653877258843526,3.6337959765187104,11.628734588936327,11.628734588936327,1.2107754946108351,3.3913469313522766,18.653877258843526,74.61698150915241,18.653877258843526,93.27085876340558,931.7358398381655,93.32162913590642,18.653877258843526,18.653877258843526,18.6541942180842,18.653877258843526,37.307754517407936,7.510040760288439,5.571918487680711,1.9381223917715096,1.9381223917715096,18.659371719599932,1.7999999518389258,17.66614319113844,19.999999821191977,1.9999999538832185,29.99999841316594,0.05472000498328672,1.000000043057021,6.008349373587407e-11,0.986220426185572
GES-2,,3.2676024108724278e-09,0.08965407311916351,3.5315308570861816,0.9942029714584351,0.0006471095257438719,4.128238201141357,5.74345842220254,2.0000000098345136,-9.471744277789185e-09,1.0000000049172568,130.42564481258097,3.683213018936555,40.941551209672724,16.098732666103846,2.2682929926502857,7.132019010094676,24.28641548200295,17.927999496944643,1.453224539737533,74.61698150915241,7.567553353003163,11.871183395626023,4.427550109197195,33.47076245964119,18.887629977961215,3.6337959765187104,12.195008073406639,11.724501394931984,1.2107754946108351,3.3913469313522766,19.025044580799253,74.61698150915241,18.851159941625912,93.27085876340558,992.935248321864,99.20975363565137,18.653877258843526,18.653877258843526,19.45333656226216,18.653877258843526,37.307754517407936,7.54351724101065,5.581696065058429,1.9381223917715096,1.9381223917715096,18.666787791517773,1.7999999518389258,19.999999627135537,19.999999821191977,1.9999999538832185,-8.222571068472462e-08,1.0000000228912995,1.000000043057021,6.008349373587407e-11,2.5649981694186863e-08
GES-3,,5.470197628199003e-10,0.08960885554552078,3.4415369033813477,1.0988397598266602,0.0006270059966482222,4.125674724578857,5.7257142068998785,2.0000000098345136,-9.471744277789185e-09,1.0000000049172568,141.19750992263926,3.888626570686746,40.941551209672724,15.049114098553227,2.180571317608485,7.025142669580475,24.22622161435113,17.927999496944643,1.5046394900077054,76.1960500153505,7.5106394189816035,12.616013805000772,4.439877317761357,33.181949711174106,18.653877258843526,3.6337959765187104,11.681848786633454,12.06802459729659,1.224174314990126,3.3913469313522766,18.653877258843526,74.61698150915241,18.653877258843526,94.32310001156365,931.7358398381655,101.04342666629952,18.653877258843526,18.653877258843526,20.070072007031474,19.54623111079117,37.307754517407936,7.540274474898267,5.571918487680711,1.9693285711618875,1.9381223917715096,18.653877258843526,1.7999999518389258,19.999999627135537,19.999999821191977,1.9999999538832185,-8.222571068472462e-08,1.0000000228912995,1.000000043057021,6.008349373587407e-11,2.5649981694186863e-08
GES-4,,1.557442924626784e-10,0.08684840798377991,3.4613888263702393,0.9299230575561523,0.0006296489154919982,4.107339382171631,5.7257142068998785,2.0000000098345136,-9.471744277789185e-09,1.0000000049172568,130.3361663797525,3.6337959765187104,40.941551209672724,15.020081520576879,2.180571317608485,7.025142669580475,23.499917983875502,17.927999496944643,1.453224539737533,74.61698150915241,7.55036600137879,12.431230493189448,4.36114263521697,32.06556402629181,18.653877258843526,3.6337959765187104,11.628734588936327,11.628734588936327,1.2107754946108351,3.3913469313522766,18.653877258843526,75.2900472957644,18.948470286287453,93.27085876340558,1009.3804953909848,96.88190954901017,20.208368234075266,19.6700994822132,19.13813968914399,18.653877258843526,40.08290436360938,7.745387772459201,5.571918487680711,2.0733598389139503,1.9381223917715096,18.657456060317475,1.7999999518389258,19.999999627135537,19.999999821191977,1.9999999538832185,-8.222571068472462e-08,1.0000000228912995,1.000000043057021,6.008349373587407e-11,2.5649981694186863e-08
GES-5,,6.825775361596342e-11,0.08843599259853363,3.4669041633605957,0.8840984106063843,0.000647022039629519,4.130551815032959,5.7257142068998785,2.0000000098345136,-9.471744277789185e-09,1.0000000049172568,130.3361663797525,3.751260034180964,40.941551209672724,15.121421501082455,2.3622856054637325,7.025207548445169,23.499917983875502,19.42200087726019,1.5445720592873229,74.61698150915241,7.654409228633758,11.871183395626023,4.365921727615101,31.735836029227748,18.653877258843526,3.8184030232047315,11.628734588936327,11.628734588936327,1.2107754946108351,3.5298212477620625,19.252954200077784,74.61698150915241,18.653877258843526,93.27085876340558,931.7358398381655,101.04342666629952,18.68026925302036,18.653877258843526,20.12762004869512,18.653877258843526,37.307754517407936,7.56630790771803,5.571918487680711,1.9833373218173314,1.9381223917715096,19.210773277237564,1.7999999518389258,19.999999627135537,19.999999821191977,1.9999999538832185,-8.222571068472462e-08,1.0000000228912995,1.000000043057021,6.008349373587407e-11,2.5649981694186863e-08
