[DNA] (nM),[RNAse Inhib] (U/mL),[PMix] (mg/mL),[Ribosome] (uM),Rxn Volume (uL),[Magnesium acetate] (mM),[Creatine phosphate] (mM),[Potassium glutamate] (mM)
2.996187423,2000.000003,1.799999952,1.799999951,9.999999959,19.99999961,19.99999993,99.99999975
2.996187423,2000.000003,1.950000051,1.799999951,9.999999959,19.99999961,19.99999993,99.99999975
2.996187423,2000.000003,1.950000051,1.799999951,9.999999959,6.000000206,0.00E+00,139.9999984
5.000000045,2000.000003,1.799999952,1.799999951,9.999999959,6.000000206,0.00E+00,139.9999984
2.996187423,2000.000003,1.833326026,1.799999951,9.999999959,13.20906968,0.00E+00,99.99999975
5.000000045,2000.000003,1.828292141,1.799999951,9.999999959,14.33515444,19.99999993,139.9999984
1.00000002,2000.000003,1.763142289,1.799999951,9.999999959,23.74278585,100.0000014,60.00000111
1.00000002,2000.000003,1.555191326,1.799999951,9.999999959,12.48424666,49.32133074,72.40670177
1.00000002,2000.000003,2.030823266,1.799999951,9.999999959,25.00000059,70.51590401,123.735314
1.049452172,2000.000003,1.975896497,1.799999951,9.999999959,2.469184843,67.20085341,199.9497628
19.99999901,2000.000003,1.529999978,1.799999951,9.999999959,4.474625367,0.00E+00,61.36653814
1.00000002,2000.000003,1.839244265,1.799999951,9.999999959,18.43750086,100.0000014,174.9293879
,,,,,,,
,,,,,,,
,,,,,,,
,,,,,,,
,,,,,,,
,,,,,,,
,,,,,,,
,,,,,,,
,,,,,,,
,,,,,,,
,,,,,,,
,,,,,,,
,,,,,,,
,,,,,,,
,,,,,,,
,,,,,,,
,,,,,,,
,,,,,,,
,,,,,,,
,,,,,,,
,,,,,,,
,,,,,,,
,,,,,,,
,,,,,,,
,,,,,,,
,,,,,,,
,,,,,,,
,,,,,,,
,,,,,,,
,,,,,,,
,,,,,,,
,,,,,,,
,,,,,,,
,,,,,,,
,,,,,,,
,,,,,,,
,,,,,,,
,,,,,,,
,,,,,,,
,,,,,,,
,,,,,,,
,,,,,,,
,,,,,,,
,,,,,,,
,,,,,,,
,,,,,,,
,,,,,,,
,,,,,,,
,,,,,,,
,,,,,,,
,,,,,,,
,,,,,,,
,,,,,,,
,,,,,,,
,,,,,,,
,,,,,,,
,,,,,,,
,,,,,,,
,,,,,,,
,,,,,,,
,,,,,,,
,,,,,,,
,,,,,,,
,,,,,,,
,,,,,,,
,,,,,,,
,,,,,,,
,,,,,,,
,,,,,,,
,,,,,,,
,,,,,,,
,,,,,,,
,,,,,,,
,,,,,,,
,,,,,,,
,,,,,,,
,,,,,,,
,,,,,,,
,,,,,,,
,,,,,,,
,,,,,,,
,,,,,,,
,,,,,,,
,,,,,,,
,,,,,,,
,,,,,,,
,,,,,,,
,,,,,,,
,,,,,,,
,,,,,,,
,,,,,,,
,,,,,,,
,,,,,,,
,,,,,,,
,,,,,,,
,,,,,,,
,,,,,,,
,,,,,,,
,,,,,,,
,,,,,,,
,,,,,,,
,,,,,,,
,,,,,,,
,,,,,,,
,,,,,,,
,,,,,,,
,,,,,,,
,,,,,,,
,,,,,,,
,,,,,,,
,,,,,,,
,,,,,,,
,,,,,,,
,,,,,,,
,,,,,,,
,,,,,,,
,,,,,,,
,,,,,,,
,,,,,,,
,,,,,,,
,,,,,,,
,,,,,,,
,,,,,,,
,,,,,,,
,,,,,,,
,,,,,,,
,,,,,,,
,,,,,,,
,,,,,,,
,,,,,,,
,,,,,,,
,,,,,,,
,,,,,,,
,,,,,,,
,,,,,,,
,,,,,,,
,,,,,,,
,,,,,,,
,,,,,,,
,,,,,,,
,,,,,,,
,,,,,,,
,,,,,,,
,,,,,,,