experiment_id,experiment_name,Read,fit_param_0,fit_param_1,fit_param_2,fit_param_3,fit_param_4,HEPES,Potassium gluatmate,ATP,GTP,CTP,UTP,tRNA,TCEP,Folinic acid,Spermidine,Amino acid solution,DNA,Product,PEG4K 40%,RNAse inhibitor,NEB,AlaRS,ArgRS,AsnRS,AspRS,CysRS,GlnRS,GluRS,GlyRS,HisRS,IleRS,LeuRS,LysRS,MetRS,PheRS,ProRS,SerRS,ThrRS,TrpRS,TyrRS,ValRS,IF1,IF2,IF3,EF-G,EF-Tu,EF-Ts,RF1,RF2,RF3,RRF,MTF,CK,AK,NDK,PPiase,T7RNAP,Ribosome,Magnesium acetate,Creatine phosphate,PPK,PolyP
id,,feature,regressor,regressor,regressor,regressor,regressor,feature,feature,feature,feature,feature,feature,feature,feature,feature,feature,feature,feature,feature,feature,feature,feature,feature,feature,feature,feature,feature,feature,feature,feature,feature,feature,feature,feature,feature,feature,feature,feature,feature,feature,feature,feature,feature,feature,feature,feature,feature,feature,feature,feature,feature,feature,feature,feature,feature,feature,feature,feature,feature,feature,feature,feature,feature
,,discrete,real,real,real,real,real,real,real,real,real,real,real,real,real,real,real,real,real,discrete,real,real,boolean,real,real,real,real,real,real,real,real,real,real,real,real,real,real,real,real,real,real,real,real,real,real,real,real,real,real,real,real,real,real,real,real,real,real,real,real,real,real,real,real,real
0,PMix-AR-898_B2,GFP-Gext,0.036993541,3.096320358,1.276416824,0.000592114,4.132259555,50,100,2,2,1,1,3.5,1,0.02,2,0.3,6.25,plamGFP,0,5,0,141.1975102,3.936612245,44.35334694,16.2717551,2.362285714,7.610571429,25.4582449,19.422,1.574326531,80.83506122,8.135877551,12.86044898,4.724571429,34.3804898,20.20836735,3.936612245,12.59779592,12.59779592,1.311673469,3.673959184,20.20836735,80.83506122,20.20836735,101.0434286,1009.38049,101.0434286,20.20836735,20.20836735,20.20836735,20.20836735,40.41673469,8.135877551,6.036244898,2.099632653,2.099632653,20.20836735,1.836,8,20,0,0
1,PMix-AR-898_B4,GFP-Gext,0.036716143,3.42650925,1.213825641,0.000519577,4.167453729,50,100,2,2,1,1,3.5,1,0.02,2,0.3,6.25,plamGFP,0,5,0,130.3361633,3.633795918,40.94155102,15.02008163,2.180571429,7.025142857,23.49991837,17.928,1.45322449,74.61697959,7.510040816,11.87118367,4.361142857,31.73583673,18.65387755,3.633795918,11.62873469,11.62873469,1.21077551,3.391346939,18.65387755,74.61697959,18.65387755,93.27085714,931.7358367,93.27085714,18.65387755,18.65387755,18.65387755,18.65387755,37.3077551,7.510040816,5.571918367,1.938122449,1.938122449,18.65387755,1.836,8,20,0,0
2,PMix-AR-898_B10,GFP-Gext,0.046411262,2.734953119,1.33059502,0.00082622,4.087116017,50,100,2,2,1,1,3.5,1,0.02,2,0.3,6.25,plamGFP,0,5,0,130.3361633,3.633795918,40.94155102,15.02008163,2.180571429,7.025142857,23.49991837,17.928,1.45322449,74.61697959,7.510040816,11.87118367,4.361142857,31.73583673,18.65387755,3.633795918,11.62873469,11.62873469,1.21077551,3.391346939,18.65387755,74.61697959,18.65387755,93.27085714,931.7358367,93.27085714,18.65387755,18.65387755,18.65387755,18.65387755,37.3077551,7.510040816,5.571918367,1.938122449,1.938122449,18.65387755,2.1852,8,20,0,0
3,PMix-AR-898_B12,GFP-Gext,0.040439159,2.501731732,1.375690671,0.000815482,4.059527782,50,100,2,2,1,1,3.5,1,0.02,2,0.3,6.25,plamGFP,0,5,0,130.3361633,3.633795918,40.94155102,15.02008163,2.180571429,7.025142857,23.49991837,17.928,1.45322449,74.61697959,7.510040816,11.87118367,4.361142857,31.73583673,18.65387755,3.633795918,11.62873469,11.62873469,1.21077551,3.391346939,18.65387755,74.61697959,18.65387755,93.27085714,931.7358367,93.27085714,18.65387755,18.65387755,18.65387755,18.65387755,37.3077551,7.510040816,5.571918367,1.938122449,1.938122449,18.65387755,1.836,8,20,0,0
4,PMix-AR-898_D2,GFP-Gext,0.03927444,3.490511937,1.196405625,0.000548875,4.174013479,50,100,2,2,1,1,3.5,1,0.02,2,0.3,6.25,plamGFP,0,5,0,141.1975102,3.936612245,44.35334694,16.2717551,2.362285714,7.610571429,25.4582449,19.422,1.574326531,80.83506122,8.135877551,12.86044898,4.724571429,34.3804898,20.20836735,3.936612245,12.59779592,12.59779592,1.311673469,3.673959184,20.20836735,80.83506122,20.20836735,101.0434286,1009.38049,101.0434286,20.20836735,20.20836735,20.20836735,20.20836735,40.41673469,8.135877551,6.036244898,2.099632653,2.099632653,20.20836735,1.836,8,20,0,0
5,PMix-AR-898_D4,GFP-Gext,0.036664565,3.438550394,1.210125581,0.000499843,4.16864287,50,100,2,2,1,1,3.5,1,0.02,2,0.3,6.25,plamGFP,0,5,0,130.3361633,3.633795918,40.94155102,15.02008163,2.180571429,7.025142857,23.49991837,17.928,1.45322449,74.61697959,7.510040816,11.87118367,4.361142857,31.73583673,18.65387755,3.633795918,11.62873469,11.62873469,1.21077551,3.391346939,18.65387755,74.61697959,18.65387755,93.27085714,931.7358367,93.27085714,18.65387755,18.65387755,18.65387755,18.65387755,37.3077551,7.510040816,5.571918367,1.938122449,1.938122449,18.65387755,1.836,8,20,0,0
6,PMix-AR-898_D10,GFP-Gext,0.042908051,2.994406713,1.274365345,0.000724369,4.119232809,50,100,2,2,1,1,3.5,1,0.02,2,0.3,6.25,plamGFP,0,5,0,130.3361633,3.633795918,40.94155102,15.02008163,2.180571429,7.025142857,23.49991837,17.928,1.45322449,74.61697959,7.510040816,11.87118367,4.361142857,31.73583673,18.65387755,3.633795918,11.62873469,11.62873469,1.21077551,3.391346939,18.65387755,74.61697959,18.65387755,93.27085714,931.7358367,93.27085714,18.65387755,18.65387755,18.65387755,18.65387755,37.3077551,7.510040816,5.571918367,1.938122449,1.938122449,18.65387755,2.1852,8,20,0,0
7,PMix-AR-898_D12,GFP-Gext,0.038497944,2.872910036,1.306450957,0.000640826,4.105028513,50,100,2,2,1,1,3.5,1,0.02,2,0.3,6.25,plamGFP,0,5,0,130.3361633,3.633795918,40.94155102,15.02008163,2.180571429,7.025142857,23.49991837,17.928,1.45322449,74.61697959,7.510040816,11.87118367,4.361142857,31.73583673,18.65387755,3.633795918,11.62873469,11.62873469,1.21077551,3.391346939,18.65387755,74.61697959,18.65387755,93.27085714,931.7358367,93.27085714,18.65387755,18.65387755,18.65387755,18.65387755,37.3077551,7.510040816,5.571918367,1.938122449,1.938122449,18.65387755,1.836,8,20,0,0
8,PMix-AR-898_F2,GFP-Gext,0.038500045,3.362131799,1.209145412,0.000515758,4.160846811,50,100,2,2,1,1,3.5,1,0.02,2,0.3,6.25,plamGFP,0,5,0,141.1975102,3.936612245,44.35334694,16.2717551,2.362285714,7.610571429,25.4582449,19.422,1.574326531,80.83506122,8.135877551,12.86044898,4.724571429,34.3804898,20.20836735,3.936612245,12.59779592,12.59779592,1.311673469,3.673959184,20.20836735,80.83506122,20.20836735,101.0434286,1009.38049,101.0434286,20.20836735,20.20836735,20.20836735,20.20836735,40.41673469,8.135877551,6.036244898,2.099632653,2.099632653,20.20836735,1.836,8,20,0,0
9,PMix-AR-898_F4,GFP-Gext,0.034369443,3.196307455,1.254025369,0.000506859,4.143216019,50,100,2,2,1,1,3.5,1,0.02,2,0.3,6.25,plamGFP,0,5,0,130.3361633,3.633795918,40.94155102,15.02008163,2.180571429,7.025142857,23.49991837,17.928,1.45322449,74.61697959,7.510040816,11.87118367,4.361142857,31.73583673,18.65387755,3.633795918,11.62873469,11.62873469,1.21077551,3.391346939,18.65387755,74.61697959,18.65387755,93.27085714,931.7358367,93.27085714,18.65387755,18.65387755,18.65387755,18.65387755,37.3077551,7.510040816,5.571918367,1.938122449,1.938122449,18.65387755,1.836,8,20,0,0
10,PMix-AR-898_F10,GFP-Gext,0.033076855,3.084087155,1.22242488,0.000504709,4.131907944,50,100,2,2,1,1,3.5,1,0.02,2,0.3,6.25,plamGFP,0,5,0,130.3361633,3.633795918,40.94155102,15.02008163,2.180571429,7.025142857,23.49991837,17.928,1.45322449,74.61697959,7.510040816,11.87118367,4.361142857,31.73583673,18.65387755,3.633795918,11.62873469,11.62873469,1.21077551,3.391346939,18.65387755,74.61697959,18.65387755,93.27085714,931.7358367,93.27085714,18.65387755,18.65387755,18.65387755,18.65387755,37.3077551,7.510040816,5.571918367,1.938122449,1.938122449,18.65387755,2.1852,8,20,0,0
11,PMix-AR-898_F12,GFP-Gext,0.033818129,3.178404762,1.234266471,0.000486722,4.141608598,50,100,2,2,1,1,3.5,1,0.02,2,0.3,6.25,plamGFP,0,5,0,130.3361633,3.633795918,40.94155102,15.02008163,2.180571429,7.025142857,23.49991837,17.928,1.45322449,74.61697959,7.510040816,11.87118367,4.361142857,31.73583673,18.65387755,3.633795918,11.62873469,11.62873469,1.21077551,3.391346939,18.65387755,74.61697959,18.65387755,93.27085714,931.7358367,93.27085714,18.65387755,18.65387755,18.65387755,18.65387755,37.3077551,7.510040816,5.571918367,1.938122449,1.938122449,18.65387755,1.836,8,20,0,0
12,PMix_(AR-931)_QC_PURE_Timecourse_B2,GFP-Gext,0.043080794,3.935085107,0.874006988,0.000228277,4.210552298,50,100,2,2,1,1,3.5,1,0.02,2,0.3,5.9,plamGFP,0,5,0,130.3361633,3.633795918,40.94155102,15.02008163,2.180571429,7.025142857,23.49991837,17.928,1.45322449,74.61697959,7.510040816,11.87118367,4.361142857,31.73583673,18.65387755,3.633795918,11.62873469,11.62873469,1.21077551,3.391346939,18.65387755,74.61697959,18.65387755,93.27085714,931.7358367,93.27085714,18.65387755,18.65387755,18.65387755,18.65387755,37.3077551,7.510040816,5.571918367,1.938122449,1.938122449,18.65387755,3.24,8,20,0,0
13,PMix_(AR-931)_QC_PURE_Timecourse_B6,GFP-Gext,0.040505664,3.345696212,0.914064003,0.000401679,4.15900403,50,100,2,2,1,1,3.5,1,0.02,2,0.3,5.9,plamGFP,0,5,0,130.3361633,3.633795918,40.94155102,15.02008163,2.180571429,7.025142857,23.49991837,17.928,1.45322449,74.61697959,7.510040816,11.87118367,4.361142857,31.73583673,18.65387755,3.633795918,11.62873469,11.62873469,1.21077551,3.391346939,18.65387755,74.61697959,18.65387755,93.27085714,931.7358367,93.27085714,18.65387755,18.65387755,18.65387755,18.65387755,37.3077551,7.510040816,5.571918367,1.938122449,1.938122449,18.65387755,1.8,8,20,0,0
14,PMix_(AR-931)_QC_PURE_Timecourse_B8,GFP-Gext,0.04243936,3.055272382,0.995107047,0.000527299,4.126481744,50,100,2,2,1,1,3.5,1,0.02,2,0.3,5.9,plamGFP,0,5,0,130.3361633,3.633795918,40.94155102,15.02008163,2.180571429,7.025142857,23.49991837,17.928,1.45322449,74.61697959,7.510040816,11.87118367,4.361142857,31.73583673,18.65387755,3.633795918,11.62873469,11.62873469,1.21077551,3.391346939,18.65387755,74.61697959,18.65387755,93.27085714,931.7358367,93.27085714,18.65387755,18.65387755,18.65387755,18.65387755,37.3077551,7.510040816,5.571918367,1.938122449,1.938122449,18.65387755,1.8,8,20,0,0
15,PMix_(AR-931)_QC_PURE_Timecourse_D2,GFP-Gext,0.042503057,3.889249735,0.865333879,0.00025016,4.206755396,50,100,2,2,1,1,3.5,1,0.02,2,0.3,5.9,plamGFP,0,5,0,130.3361633,3.633795918,40.94155102,15.02008163,2.180571429,7.025142857,23.49991837,17.928,1.45322449,74.61697959,7.510040816,11.87118367,4.361142857,31.73583673,18.65387755,3.633795918,11.62873469,11.62873469,1.21077551,3.391346939,18.65387755,74.61697959,18.65387755,93.27085714,931.7358367,93.27085714,18.65387755,18.65387755,18.65387755,18.65387755,37.3077551,7.510040816,5.571918367,1.938122449,1.938122449,18.65387755,3.24,8,20,0,0
16,PMix_(AR-931)_QC_PURE_Timecourse_D6,GFP-Gext,0.040007765,3.325849148,0.904192909,0.00041505,4.157023217,50,100,2,2,1,1,3.5,1,0.02,2,0.3,5.9,plamGFP,0,5,0,130.3361633,3.633795918,40.94155102,15.02008163,2.180571429,7.025142857,23.49991837,17.928,1.45322449,74.61697959,7.510040816,11.87118367,4.361142857,31.73583673,18.65387755,3.633795918,11.62873469,11.62873469,1.21077551,3.391346939,18.65387755,74.61697959,18.65387755,93.27085714,931.7358367,93.27085714,18.65387755,18.65387755,18.65387755,18.65387755,37.3077551,7.510040816,5.571918367,1.938122449,1.938122449,18.65387755,1.8,8,20,0,0
17,PMix_(AR-931)_QC_PURE_Timecourse_D8,GFP-Gext,0.044092169,3.215866553,0.965959152,0.000545656,4.144825382,50,100,2,2,1,1,3.5,1,0.02,2,0.3,5.9,plamGFP,0,5,0,130.3361633,3.633795918,40.94155102,15.02008163,2.180571429,7.025142857,23.49991837,17.928,1.45322449,74.61697959,7.510040816,11.87118367,4.361142857,31.73583673,18.65387755,3.633795918,11.62873469,11.62873469,1.21077551,3.391346939,18.65387755,74.61697959,18.65387755,93.27085714,931.7358367,93.27085714,18.65387755,18.65387755,18.65387755,18.65387755,37.3077551,7.510040816,5.571918367,1.938122449,1.938122449,18.65387755,1.8,8,20,0,0
18,PMix_(AR-931)_QC_PURE_Timecourse_F2,GFP-Gext,0.042840994,3.771228131,0.87899543,0.000280396,4.19787127,50,100,2,2,1,1,3.5,1,0.02,2,0.3,5.9,plamGFP,0,5,0,130.3361633,3.633795918,40.94155102,15.02008163,2.180571429,7.025142857,23.49991837,17.928,1.45322449,74.61697959,7.510040816,11.87118367,4.361142857,31.73583673,18.65387755,3.633795918,11.62873469,11.62873469,1.21077551,3.391346939,18.65387755,74.61697959,18.65387755,93.27085714,931.7358367,93.27085714,18.65387755,18.65387755,18.65387755,18.65387755,37.3077551,7.510040816,5.571918367,1.938122449,1.938122449,18.65387755,3.24,8,20,0,0
19,PMix_(AR-931)_QC_PURE_Timecourse_F6,GFP-Gext,0.040071673,3.25573315,0.908663935,0.000424892,4.148648802,50,100,2,2,1,1,3.5,1,0.02,2,0.3,5.9,plamGFP,0,5,0,130.3361633,3.633795918,40.94155102,15.02008163,2.180571429,7.025142857,23.49991837,17.928,1.45322449,74.61697959,7.510040816,11.87118367,4.361142857,31.73583673,18.65387755,3.633795918,11.62873469,11.62873469,1.21077551,3.391346939,18.65387755,74.61697959,18.65387755,93.27085714,931.7358367,93.27085714,18.65387755,18.65387755,18.65387755,18.65387755,37.3077551,7.510040816,5.571918367,1.938122449,1.938122449,18.65387755,1.8,8,20,0,0
20,PMix_(AR-931)_QC_PURE_Timecourse_F8,GFP-Gext,0.043380752,3.193298043,0.957661743,0.000573204,4.142662773,50,100,2,2,1,1,3.5,1,0.02,2,0.3,5.9,plamGFP,0,5,0,130.3361633,3.633795918,40.94155102,15.02008163,2.180571429,7.025142857,23.49991837,17.928,1.45322449,74.61697959,7.510040816,11.87118367,4.361142857,31.73583673,18.65387755,3.633795918,11.62873469,11.62873469,1.21077551,3.391346939,18.65387755,74.61697959,18.65387755,93.27085714,931.7358367,93.27085714,18.65387755,18.65387755,18.65387755,18.65387755,37.3077551,7.510040816,5.571918367,1.938122449,1.938122449,18.65387755,1.8,8,20,0,0
21,PMix-MFG-128-PURE-Activity-QC_B2,GFP-Gext,0.091948897,3.663639871,0.880374271,0.000721334,4.186324795,50,100,2,2,1,1,3.5,1,0.02,2,0.3,5.9,deGFP,0,5,0,130.3361633,3.633795918,40.94155102,15.02008163,2.180571429,7.025142857,23.49991837,17.928,1.45322449,74.61697959,7.510040816,11.87118367,4.361142857,31.73583673,18.65387755,3.633795918,11.62873469,11.62873469,1.21077551,3.391346939,18.65387755,74.61697959,18.65387755,93.27085714,931.7358367,93.27085714,18.65387755,18.65387755,18.65387755,18.65387755,37.3077551,7.510040816,5.571918367,1.938122449,1.938122449,18.65387755,1.8,8,20,0,0
22,PMix-MFG-128-PURE-Activity-QC_B4,GFP-Gext,0.049081616,4.610306605,0.732686506,0.000164429,4.244304473,50,100,2,2,1,1,3.5,1,0.02,2,0.3,5.9,deGFP,0,5,0,130.3361633,3.633795918,40.94155102,15.02008163,2.180571429,7.025142857,23.49991837,17.928,1.45322449,74.61697959,7.510040816,11.87118367,4.361142857,31.73583673,18.65387755,3.633795918,11.62873469,11.62873469,1.21077551,3.391346939,18.65387755,74.61697959,18.65387755,93.27085714,931.7358367,93.27085714,18.65387755,18.65387755,18.65387755,18.65387755,37.3077551,7.510040816,5.571918367,1.938122449,1.938122449,18.65387755,1.8,8,20,0,0
23,PMix-MFG-128-PURE-Activity-QC_D2,GFP-Gext,0.1073229,3.666340658,0.874730707,0.001024925,4.186391763,50,100,2,2,1,1,3.5,1,0.02,2,0.3,5.9,deGFP,0,5,0,130.3361633,3.633795918,40.94155102,15.02008163,2.180571429,7.025142857,23.49991837,17.928,1.45322449,74.61697959,7.510040816,11.87118367,4.361142857,31.73583673,18.65387755,3.633795918,11.62873469,11.62873469,1.21077551,3.391346939,18.65387755,74.61697959,18.65387755,93.27085714,931.7358367,93.27085714,18.65387755,18.65387755,18.65387755,18.65387755,37.3077551,7.510040816,5.571918367,1.938122449,1.938122449,18.65387755,1.8,8,20,0,0
24,PMix-MFG-128-PURE-Activity-QC_D4,GFP-Gext,0.053775025,4.589141603,0.731983502,0.00012382,4.243636193,50,100,2,2,1,1,3.5,1,0.02,2,0.3,5.9,deGFP,0,5,0,130.3361633,3.633795918,40.94155102,15.02008163,2.180571429,7.025142857,23.49991837,17.928,1.45322449,74.61697959,7.510040816,11.87118367,4.361142857,31.73583673,18.65387755,3.633795918,11.62873469,11.62873469,1.21077551,3.391346939,18.65387755,74.61697959,18.65387755,93.27085714,931.7358367,93.27085714,18.65387755,18.65387755,18.65387755,18.65387755,37.3077551,7.510040816,5.571918367,1.938122449,1.938122449,18.65387755,1.8,8,20,0,0
25,PMix-MFG-128-PURE-Activity-QC_F2,GFP-Gext,0.103258961,3.453530887,0.889422023,0.001263112,4.166829012,50,100,2,2,1,1,3.5,1,0.02,2,0.3,5.9,deGFP,0,5,0,130.3361633,3.633795918,40.94155102,15.02008163,2.180571429,7.025142857,23.49991837,17.928,1.45322449,74.61697959,7.510040816,11.87118367,4.361142857,31.73583673,18.65387755,3.633795918,11.62873469,11.62873469,1.21077551,3.391346939,18.65387755,74.61697959,18.65387755,93.27085714,931.7358367,93.27085714,18.65387755,18.65387755,18.65387755,18.65387755,37.3077551,7.510040816,5.571918367,1.938122449,1.938122449,18.65387755,1.8,8,20,0,0
26,PMix-MFG-128-PURE-Activity-QC_F4,GFP-Gext,0.059147183,4.273413931,0.767536717,0.00015338,4.229695527,50,100,2,2,1,1,3.5,1,0.02,2,0.3,5.9,deGFP,0,5,0,130.3361633,3.633795918,40.94155102,15.02008163,2.180571429,7.025142857,23.49991837,17.928,1.45322449,74.61697959,7.510040816,11.87118367,4.361142857,31.73583673,18.65387755,3.633795918,11.62873469,11.62873469,1.21077551,3.391346939,18.65387755,74.61697959,18.65387755,93.27085714,931.7358367,93.27085714,18.65387755,18.65387755,18.65387755,18.65387755,37.3077551,7.510040816,5.571918367,1.938122449,1.938122449,18.65387755,1.8,8,20,0,0
27,PPK_20250611_A11,GFP-F-G35,0.080625143,1.405888155,1.965151481,0.001181491,3.937150167,50,100,2,2,1,1,3.5,1,0.02,2,0.3,5.725714286,plamGFP,2,0,1,130.3361633,3.633795918,40.94155102,15.02008163,2.180571429,7.025142857,23.49991837,17.928,1.45322449,74.61697959,7.510040816,11.87118367,4.361142857,31.73583673,18.65387755,3.633795918,11.62873469,11.62873469,1.21077551,3.391346939,18.65387755,74.61697959,18.65387755,93.27085714,931.7358367,93.27085714,18.65387755,18.65387755,18.65387755,18.65387755,37.3077551,7.510040816,5.571918367,1.938122449,1.938122449,18.65387755,1.8,6,20,0,0
28,PPK_20250611_A14,GFP-F-G35,0.08577942,1.417941433,1.845483167,0.001518179,4.005629076,50,100,2,2,1,1,3.5,1,0.02,2,0.3,5.725714286,plamGFP,2,0,1,130.3361633,3.633795918,40.94155102,15.02008163,2.180571429,7.025142857,23.49991837,17.928,1.45322449,74.61697959,7.510040816,11.87118367,4.361142857,31.73583673,18.65387755,3.633795918,11.62873469,11.62873469,1.21077551,3.391346939,18.65387755,74.61697959,18.65387755,93.27085714,931.7358367,93.27085714,18.65387755,18.65387755,18.65387755,18.65387755,37.3077551,7.510040816,5.571918367,1.938122449,1.938122449,18.65387755,1.8,6,20,0,0
29,PPK_20250611_A17,GFP-F-G35,0.108807473,2.097134254,1.311962188,0.001862356,4.018589819,50,100,2,2,1,1,3.5,1,0.02,2,0.3,5.725714286,plamGFP,2,0,1,130.3361633,3.633795918,40.94155102,15.02008163,2.180571429,7.025142857,23.49991837,17.928,1.45322449,74.61697959,7.510040816,11.87118367,4.361142857,31.73583673,18.65387755,3.633795918,11.62873469,11.62873469,1.21077551,3.391346939,18.65387755,74.61697959,18.65387755,93.27085714,931.7358367,93.27085714,18.65387755,18.65387755,18.65387755,18.65387755,37.3077551,7.510040816,5.571918367,1.938122449,1.938122449,18.65387755,1.8,6,20,0,0
30,PPK_20250611_C11,GFP-F-G35,0.106878484,2.911292144,1.075108237,0.001108036,4.105861536,50,100,2,2,1,1,3.5,1,0.02,2,0.3,5.725714286,plamGFP,2,0,1,130.3361633,3.633795918,40.94155102,15.02008163,2.180571429,7.025142857,23.49991837,17.928,1.45322449,74.61697959,7.510040816,11.87118367,4.361142857,31.73583673,18.65387755,3.633795918,11.62873469,11.62873469,1.21077551,3.391346939,18.65387755,74.61697959,18.65387755,93.27085714,931.7358367,93.27085714,18.65387755,18.65387755,18.65387755,18.65387755,37.3077551,7.510040816,5.571918367,1.938122449,1.938122449,18.65387755,1.8,7,20,0,0
31,PPK_20250611_C13,GFP-F-G35,0.111941856,3.018005776,1.043418944,0.001360737,4.118071448,50,100,2,2,1,1,3.5,1,0.02,2,0.3,5.725714286,plamGFP,2,0,1,130.3361633,3.633795918,40.94155102,15.02008163,2.180571429,7.025142857,23.49991837,17.928,1.45322449,74.61697959,7.510040816,11.87118367,4.361142857,31.73583673,18.65387755,3.633795918,11.62873469,11.62873469,1.21077551,3.391346939,18.65387755,74.61697959,18.65387755,93.27085714,931.7358367,93.27085714,18.65387755,18.65387755,18.65387755,18.65387755,37.3077551,7.510040816,5.571918367,1.938122449,1.938122449,18.65387755,1.8,7,20,0,0
32,PPK_20250611_C17,GFP-F-G35,0.109001225,2.964560011,1.056126457,0.001256431,4.111053599,50,100,2,2,1,1,3.5,1,0.02,2,0.3,5.725714286,plamGFP,2,0,1,130.3361633,3.633795918,40.94155102,15.02008163,2.180571429,7.025142857,23.49991837,17.928,1.45322449,74.61697959,7.510040816,11.87118367,4.361142857,31.73583673,18.65387755,3.633795918,11.62873469,11.62873469,1.21077551,3.391346939,18.65387755,74.61697959,18.65387755,93.27085714,931.7358367,93.27085714,18.65387755,18.65387755,18.65387755,18.65387755,37.3077551,7.510040816,5.571918367,1.938122449,1.938122449,18.65387755,1.8,7,20,0,0
33,PPK_20250611_E11,GFP-F-G35,0.111118489,3.244973664,1.045517435,0.00121345,4.143592884,50,100,2,2,1,1,3.5,1,0.02,2,0.3,5.725714286,plamGFP,2,0,1,130.3361633,3.633795918,40.94155102,15.02008163,2.180571429,7.025142857,23.49991837,17.928,1.45322449,74.61697959,7.510040816,11.87118367,4.361142857,31.73583673,18.65387755,3.633795918,11.62873469,11.62873469,1.21077551,3.391346939,18.65387755,74.61697959,18.65387755,93.27085714,931.7358367,93.27085714,18.65387755,18.65387755,18.65387755,18.65387755,37.3077551,7.510040816,5.571918367,1.938122449,1.938122449,18.65387755,1.8,8,20,0,0
34,PPK_20250611_E14,GFP-F-G35,0.111636143,3.258344001,1.04367449,0.001237191,4.145077852,50,100,2,2,1,1,3.5,1,0.02,2,0.3,5.725714286,plamGFP,2,0,1,130.3361633,3.633795918,40.94155102,15.02008163,2.180571429,7.025142857,23.49991837,17.928,1.45322449,74.61697959,7.510040816,11.87118367,4.361142857,31.73583673,18.65387755,3.633795918,11.62873469,11.62873469,1.21077551,3.391346939,18.65387755,74.61697959,18.65387755,93.27085714,931.7358367,93.27085714,18.65387755,18.65387755,18.65387755,18.65387755,37.3077551,7.510040816,5.571918367,1.938122449,1.938122449,18.65387755,1.8,8,20,0,0
35,PPK_20250611_E17,GFP-F-G35,0.114476266,3.346139123,1.026899228,0.001293351,4.154456267,50,100,2,2,1,1,3.5,1,0.02,2,0.3,5.725714286,plamGFP,2,0,1,130.3361633,3.633795918,40.94155102,15.02008163,2.180571429,7.025142857,23.49991837,17.928,1.45322449,74.61697959,7.510040816,11.87118367,4.361142857,31.73583673,18.65387755,3.633795918,11.62873469,11.62873469,1.21077551,3.391346939,18.65387755,74.61697959,18.65387755,93.27085714,931.7358367,93.27085714,18.65387755,18.65387755,18.65387755,18.65387755,37.3077551,7.510040816,5.571918367,1.938122449,1.938122449,18.65387755,1.8,8,20,0,0
36,PPK_20250611_G11,GFP-F-G35,0.109254659,3.336289131,1.041917292,0.001173417,4.153506016,50,100,2,2,1,1,3.5,1,0.02,2,0.3,5.725714286,plamGFP,2,0,1,130.3361633,3.633795918,40.94155102,15.02008163,2.180571429,7.025142857,23.49991837,17.928,1.45322449,74.61697959,7.510040816,11.87118367,4.361142857,31.73583673,18.65387755,3.633795918,11.62873469,11.62873469,1.21077551,3.391346939,18.65387755,74.61697959,18.65387755,93.27085714,931.7358367,93.27085714,18.65387755,18.65387755,18.65387755,18.65387755,37.3077551,7.510040816,5.571918367,1.938122449,1.938122449,18.65387755,1.8,9,20,0,0
37,PPK_20250611_G14,GFP-F-G35,0.110042732,3.336871271,1.038146009,0.00128924,4.153478938,50,100,2,2,1,1,3.5,1,0.02,2,0.3,5.725714286,plamGFP,2,0,1,130.3361633,3.633795918,40.94155102,15.02008163,2.180571429,7.025142857,23.49991837,17.928,1.45322449,74.61697959,7.510040816,11.87118367,4.361142857,31.73583673,18.65387755,3.633795918,11.62873469,11.62873469,1.21077551,3.391346939,18.65387755,74.61697959,18.65387755,93.27085714,931.7358367,93.27085714,18.65387755,18.65387755,18.65387755,18.65387755,37.3077551,7.510040816,5.571918367,1.938122449,1.938122449,18.65387755,1.8,9,20,0,0
38,PPK_20250611_G17,GFP-F-G35,0.103442093,3.227380772,1.068331415,0.001159376,4.141778752,50,100,2,2,1,1,3.5,1,0.02,2,0.3,5.725714286,plamGFP,2,0,1,130.3361633,3.633795918,40.94155102,15.02008163,2.180571429,7.025142857,23.49991837,17.928,1.45322449,74.61697959,7.510040816,11.87118367,4.361142857,31.73583673,18.65387755,3.633795918,11.62873469,11.62873469,1.21077551,3.391346939,18.65387755,74.61697959,18.65387755,93.27085714,931.7358367,93.27085714,18.65387755,18.65387755,18.65387755,18.65387755,37.3077551,7.510040816,5.571918367,1.938122449,1.938122449,18.65387755,1.8,9,20,0,0
39,PPK_20250611_I11,GFP-F-G35,0.1022335,3.262887419,1.089480284,0.001133277,4.145479305,50,100,2,2,1,1,3.5,1,0.02,2,0.3,5.725714286,plamGFP,2,0,1,130.3361633,3.633795918,40.94155102,15.02008163,2.180571429,7.025142857,23.49991837,17.928,1.45322449,74.61697959,7.510040816,11.87118367,4.361142857,31.73583673,18.65387755,3.633795918,11.62873469,11.62873469,1.21077551,3.391346939,18.65387755,74.61697959,18.65387755,93.27085714,931.7358367,93.27085714,18.65387755,18.65387755,18.65387755,18.65387755,37.3077551,7.510040816,5.571918367,1.938122449,1.938122449,18.65387755,1.8,10,20,0,0
40,PPK_20250611_I14,GFP-F-G35,0.101733456,3.194960266,1.101208866,0.001276812,4.137863926,50,100,2,2,1,1,3.5,1,0.02,2,0.3,5.725714286,plamGFP,2,0,1,130.3361633,3.633795918,40.94155102,15.02008163,2.180571429,7.025142857,23.49991837,17.928,1.45322449,74.61697959,7.510040816,11.87118367,4.361142857,31.73583673,18.65387755,3.633795918,11.62873469,11.62873469,1.21077551,3.391346939,18.65387755,74.61697959,18.65387755,93.27085714,931.7358367,93.27085714,18.65387755,18.65387755,18.65387755,18.65387755,37.3077551,7.510040816,5.571918367,1.938122449,1.938122449,18.65387755,1.8,10,20,0,0
41,PPK_20250611_I17,GFP-F-G35,0.101191414,3.202564245,1.109568688,0.001264908,4.13881738,50,100,2,2,1,1,3.5,1,0.02,2,0.3,5.725714286,plamGFP,2,0,1,130.3361633,3.633795918,40.94155102,15.02008163,2.180571429,7.025142857,23.49991837,17.928,1.45322449,74.61697959,7.510040816,11.87118367,4.361142857,31.73583673,18.65387755,3.633795918,11.62873469,11.62873469,1.21077551,3.391346939,18.65387755,74.61697959,18.65387755,93.27085714,931.7358367,93.27085714,18.65387755,18.65387755,18.65387755,18.65387755,37.3077551,7.510040816,5.571918367,1.938122449,1.938122449,18.65387755,1.8,10,20,0,0
42,PPK_20250611_K11,GFP-F-G35,0.094275006,3.231492157,1.107278096,0.001154445,4.142018159,50,100,2,2,1,1,3.5,1,0.02,2,0.3,5.725714286,plamGFP,2,0,1,130.3361633,3.633795918,40.94155102,15.02008163,2.180571429,7.025142857,23.49991837,17.928,1.45322449,74.61697959,7.510040816,11.87118367,4.361142857,31.73583673,18.65387755,3.633795918,11.62873469,11.62873469,1.21077551,3.391346939,18.65387755,74.61697959,18.65387755,93.27085714,931.7358367,93.27085714,18.65387755,18.65387755,18.65387755,18.65387755,37.3077551,7.510040816,5.571918367,1.938122449,1.938122449,18.65387755,1.8,11,20,0,0
43,PPK_20250611_K14,GFP-F-G35,0.095910869,3.24222714,1.106864979,0.001181575,4.143251073,50,100,2,2,1,1,3.5,1,0.02,2,0.3,5.725714286,plamGFP,2,0,1,130.3361633,3.633795918,40.94155102,15.02008163,2.180571429,7.025142857,23.49991837,17.928,1.45322449,74.61697959,7.510040816,11.87118367,4.361142857,31.73583673,18.65387755,3.633795918,11.62873469,11.62873469,1.21077551,3.391346939,18.65387755,74.61697959,18.65387755,93.27085714,931.7358367,93.27085714,18.65387755,18.65387755,18.65387755,18.65387755,37.3077551,7.510040816,5.571918367,1.938122449,1.938122449,18.65387755,1.8,11,20,0,0
44,PPK_20250611_K17,GFP-F-G35,0.093992557,3.240715889,1.107154737,0.001199647,4.14300186,50,100,2,2,1,1,3.5,1,0.02,2,0.3,5.725714286,plamGFP,2,0,1,130.3361633,3.633795918,40.94155102,15.02008163,2.180571429,7.025142857,23.49991837,17.928,1.45322449,74.61697959,7.510040816,11.87118367,4.361142857,31.73583673,18.65387755,3.633795918,11.62873469,11.62873469,1.21077551,3.391346939,18.65387755,74.61697959,18.65387755,93.27085714,931.7358367,93.27085714,18.65387755,18.65387755,18.65387755,18.65387755,37.3077551,7.510040816,5.571918367,1.938122449,1.938122449,18.65387755,1.8,11,20,0,0
45,PPK_20250611_M11,GFP-F-G35,0.09174841,3.321115653,1.09341266,0.001125227,4.151836333,50,100,2,2,1,1,3.5,1,0.02,2,0.3,5.725714286,plamGFP,2,0,1,130.3361633,3.633795918,40.94155102,15.02008163,2.180571429,7.025142857,23.49991837,17.928,1.45322449,74.61697959,7.510040816,11.87118367,4.361142857,31.73583673,18.65387755,3.633795918,11.62873469,11.62873469,1.21077551,3.391346939,18.65387755,74.61697959,18.65387755,93.27085714,931.7358367,93.27085714,18.65387755,18.65387755,18.65387755,18.65387755,37.3077551,7.510040816,5.571918367,1.938122449,1.938122449,18.65387755,1.8,12,20,0,0
46,PPK_20250611_M14,GFP-F-G35,0.090670829,3.329052149,1.100211882,0.001113102,4.152743422,50,100,2,2,1,1,3.5,1,0.02,2,0.3,5.725714286,plamGFP,2,0,1,130.3361633,3.633795918,40.94155102,15.02008163,2.180571429,7.025142857,23.49991837,17.928,1.45322449,74.61697959,7.510040816,11.87118367,4.361142857,31.73583673,18.65387755,3.633795918,11.62873469,11.62873469,1.21077551,3.391346939,18.65387755,74.61697959,18.65387755,93.27085714,931.7358367,93.27085714,18.65387755,18.65387755,18.65387755,18.65387755,37.3077551,7.510040816,5.571918367,1.938122449,1.938122449,18.65387755,1.8,12,20,0,0
47,PPK_20250611_M17,GFP-F-G35,0.079341631,3.180376827,1.1526345,0.000972186,4.136453638,50,100,2,2,1,1,3.5,1,0.02,2,0.3,5.725714286,plamGFP,2,0,1,130.3361633,3.633795918,40.94155102,15.02008163,2.180571429,7.025142857,23.49991837,17.928,1.45322449,74.61697959,7.510040816,11.87118367,4.361142857,31.73583673,18.65387755,3.633795918,11.62873469,11.62873469,1.21077551,3.391346939,18.65387755,74.61697959,18.65387755,93.27085714,931.7358367,93.27085714,18.65387755,18.65387755,18.65387755,18.65387755,37.3077551,7.510040816,5.571918367,1.938122449,1.938122449,18.65387755,1.8,12,20,0,0
48,PPK_20250611_A11,GFP-M-G100,0.050835141,1.364930141,2.337787829,0.000430446,3.965040798,50,100,2,2,1,1,3.5,1,0.02,2,0.3,5.725714286,plamGFP,2,0,1,130.3361633,3.633795918,40.94155102,15.02008163,2.180571429,7.025142857,23.49991837,17.928,1.45322449,74.61697959,7.510040816,11.87118367,4.361142857,31.73583673,18.65387755,3.633795918,11.62873469,11.62873469,1.21077551,3.391346939,18.65387755,74.61697959,18.65387755,93.27085714,931.7358367,93.27085714,18.65387755,18.65387755,18.65387755,18.65387755,37.3077551,7.510040816,5.571918367,1.938122449,1.938122449,18.65387755,1.8,6,20,0,0
49,PPK_20250611_A14,GFP-M-G100,0.054716149,1.383799113,2.260578843,0.000512998,3.965303202,50,100,2,2,1,1,3.5,1,0.02,2,0.3,5.725714286,plamGFP,2,0,1,130.3361633,3.633795918,40.94155102,15.02008163,2.180571429,7.025142857,23.49991837,17.928,1.45322449,74.61697959,7.510040816,11.87118367,4.361142857,31.73583673,18.65387755,3.633795918,11.62873469,11.62873469,1.21077551,3.391346939,18.65387755,74.61697959,18.65387755,93.27085714,931.7358367,93.27085714,18.65387755,18.65387755,18.65387755,18.65387755,37.3077551,7.510040816,5.571918367,1.938122449,1.938122449,18.65387755,1.8,6,20,0,0
50,PPK_20250611_A17,GFP-M-G100,0.088172134,1.740514345,1.822570123,0.000932646,3.956641274,50,100,2,2,1,1,3.5,1,0.02,2,0.3,5.725714286,plamGFP,2,0,1,130.3361633,3.633795918,40.94155102,15.02008163,2.180571429,7.025142857,23.49991837,17.928,1.45322449,74.61697959,7.510040816,11.87118367,4.361142857,31.73583673,18.65387755,3.633795918,11.62873469,11.62873469,1.21077551,3.391346939,18.65387755,74.61697959,18.65387755,93.27085714,931.7358367,93.27085714,18.65387755,18.65387755,18.65387755,18.65387755,37.3077551,7.510040816,5.571918367,1.938122449,1.938122449,18.65387755,1.8,6,20,0,0
51,PPK_20250611_C11,GFP-M-G100,0.082924074,2.609307121,1.374435817,0.000537022,4.034007479,50,100,2,2,1,1,3.5,1,0.02,2,0.3,5.725714286,plamGFP,2,0,1,130.3361633,3.633795918,40.94155102,15.02008163,2.180571429,7.025142857,23.49991837,17.928,1.45322449,74.61697959,7.510040816,11.87118367,4.361142857,31.73583673,18.65387755,3.633795918,11.62873469,11.62873469,1.21077551,3.391346939,18.65387755,74.61697959,18.65387755,93.27085714,931.7358367,93.27085714,18.65387755,18.65387755,18.65387755,18.65387755,37.3077551,7.510040816,5.571918367,1.938122449,1.938122449,18.65387755,1.8,7,20,0,0
52,PPK_20250611_C13,GFP-M-G100,0.082796569,2.516930736,1.370576893,0.000859176,4.032159829,50,100,2,2,1,1,3.5,1,0.02,2,0.3,5.725714286,plamGFP,2,0,1,130.3361633,3.633795918,40.94155102,15.02008163,2.180571429,7.025142857,23.49991837,17.928,1.45322449,74.61697959,7.510040816,11.87118367,4.361142857,31.73583673,18.65387755,3.633795918,11.62873469,11.62873469,1.21077551,3.391346939,18.65387755,74.61697959,18.65387755,93.27085714,931.7358367,93.27085714,18.65387755,18.65387755,18.65387755,18.65387755,37.3077551,7.510040816,5.571918367,1.938122449,1.938122449,18.65387755,1.8,7,20,0,0
53,PPK_20250611_C17,GFP-M-G100,0.084748751,2.557714308,1.356344741,0.000791829,4.031055204,50,100,2,2,1,1,3.5,1,0.02,2,0.3,5.725714286,plamGFP,2,0,1,130.3361633,3.633795918,40.94155102,15.02008163,2.180571429,7.025142857,23.49991837,17.928,1.45322449,74.61697959,7.510040816,11.87118367,4.361142857,31.73583673,18.65387755,3.633795918,11.62873469,11.62873469,1.21077551,3.391346939,18.65387755,74.61697959,18.65387755,93.27085714,931.7358367,93.27085714,18.65387755,18.65387755,18.65387755,18.65387755,37.3077551,7.510040816,5.571918367,1.938122449,1.938122449,18.65387755,1.8,7,20,0,0
54,PPK_20250611_E11,GFP-M-G100,0.090140988,2.674747169,1.336197857,0.000908905,4.047166688,50,100,2,2,1,1,3.5,1,0.02,2,0.3,5.725714286,plamGFP,2,0,1,130.3361633,3.633795918,40.94155102,15.02008163,2.180571429,7.025142857,23.49991837,17.928,1.45322449,74.61697959,7.510040816,11.87118367,4.361142857,31.73583673,18.65387755,3.633795918,11.62873469,11.62873469,1.21077551,3.391346939,18.65387755,74.61697959,18.65387755,93.27085714,931.7358367,93.27085714,18.65387755,18.65387755,18.65387755,18.65387755,37.3077551,7.510040816,5.571918367,1.938122449,1.938122449,18.65387755,1.8,8,20,0,0
55,PPK_20250611_E14,GFP-M-G100,0.09080574,2.639542957,1.340343927,0.001003162,4.050994655,50,100,2,2,1,1,3.5,1,0.02,2,0.3,5.725714286,plamGFP,2,0,1,130.3361633,3.633795918,40.94155102,15.02008163,2.180571429,7.025142857,23.49991837,17.928,1.45322449,74.61697959,7.510040816,11.87118367,4.361142857,31.73583673,18.65387755,3.633795918,11.62873469,11.62873469,1.21077551,3.391346939,18.65387755,74.61697959,18.65387755,93.27085714,931.7358367,93.27085714,18.65387755,18.65387755,18.65387755,18.65387755,37.3077551,7.510040816,5.571918367,1.938122449,1.938122449,18.65387755,1.8,8,20,0,0
56,PPK_20250611_E17,GFP-M-G100,0.089344542,2.61737156,1.341818943,0.001078265,4.046990578,50,100,2,2,1,1,3.5,1,0.02,2,0.3,5.725714286,plamGFP,2,0,1,130.3361633,3.633795918,40.94155102,15.02008163,2.180571429,7.025142857,23.49991837,17.928,1.45322449,74.61697959,7.510040816,11.87118367,4.361142857,31.73583673,18.65387755,3.633795918,11.62873469,11.62873469,1.21077551,3.391346939,18.65387755,74.61697959,18.65387755,93.27085714,931.7358367,93.27085714,18.65387755,18.65387755,18.65387755,18.65387755,37.3077551,7.510040816,5.571918367,1.938122449,1.938122449,18.65387755,1.8,8,20,0,0
57,PPK_20250611_G11,GFP-M-G100,0.07293438,2.813232675,1.28810264,0.000814367,4.071734953,50,100,2,2,1,1,3.5,1,0.02,2,0.3,5.725714286,plamGFP,2,0,1,130.3361633,3.633795918,40.94155102,15.02008163,2.180571429,7.025142857,23.49991837,17.928,1.45322449,74.61697959,7.510040816,11.87118367,4.361142857,31.73583673,18.65387755,3.633795918,11.62873469,11.62873469,1.21077551,3.391346939,18.65387755,74.61697959,18.65387755,93.27085714,931.7358367,93.27085714,18.65387755,18.65387755,18.65387755,18.65387755,37.3077551,7.510040816,5.571918367,1.938122449,1.938122449,18.65387755,1.8,9,20,0,0
58,PPK_20250611_G14,GFP-M-G100,0.067622076,2.497633264,1.282565817,0.000986283,4.0499413,50,100,2,2,1,1,3.5,1,0.02,2,0.3,5.725714286,plamGFP,2,0,1,130.3361633,3.633795918,40.94155102,15.02008163,2.180571429,7.025142857,23.49991837,17.928,1.45322449,74.61697959,7.510040816,11.87118367,4.361142857,31.73583673,18.65387755,3.633795918,11.62873469,11.62873469,1.21077551,3.391346939,18.65387755,74.61697959,18.65387755,93.27085714,931.7358367,93.27085714,18.65387755,18.65387755,18.65387755,18.65387755,37.3077551,7.510040816,5.571918367,1.938122449,1.938122449,18.65387755,1.8,9,20,0,0
59,PPK_20250611_G17,GFP-M-G100,0.073003277,2.80524885,1.281795086,0.000869795,4.074284623,50,100,2,2,1,1,3.5,1,0.02,2,0.3,5.725714286,plamGFP,2,0,1,130.3361633,3.633795918,40.94155102,15.02008163,2.180571429,7.025142857,23.49991837,17.928,1.45322449,74.61697959,7.510040816,11.87118367,4.361142857,31.73583673,18.65387755,3.633795918,11.62873469,11.62873469,1.21077551,3.391346939,18.65387755,74.61697959,18.65387755,93.27085714,931.7358367,93.27085714,18.65387755,18.65387755,18.65387755,18.65387755,37.3077551,7.510040816,5.571918367,1.938122449,1.938122449,18.65387755,1.8,9,20,0,0
60,PPK_20250611_I11,GFP-M-G100,0.063589702,2.584295729,1.282524814,0.000882484,4.061625352,50,100,2,2,1,1,3.5,1,0.02,2,0.3,5.725714286,plamGFP,2,0,1,130.3361633,3.633795918,40.94155102,15.02008163,2.180571429,7.025142857,23.49991837,17.928,1.45322449,74.61697959,7.510040816,11.87118367,4.361142857,31.73583673,18.65387755,3.633795918,11.62873469,11.62873469,1.21077551,3.391346939,18.65387755,74.61697959,18.65387755,93.27085714,931.7358367,93.27085714,18.65387755,18.65387755,18.65387755,18.65387755,37.3077551,7.510040816,5.571918367,1.938122449,1.938122449,18.65387755,1.8,10,20,0,0
61,PPK_20250611_I14,GFP-M-G100,0.056454901,2.554558736,1.289833907,0.000858611,4.057878859,50,100,2,2,1,1,3.5,1,0.02,2,0.3,5.725714286,plamGFP,2,0,1,130.3361633,3.633795918,40.94155102,15.02008163,2.180571429,7.025142857,23.49991837,17.928,1.45322449,74.61697959,7.510040816,11.87118367,4.361142857,31.73583673,18.65387755,3.633795918,11.62873469,11.62873469,1.21077551,3.391346939,18.65387755,74.61697959,18.65387755,93.27085714,931.7358367,93.27085714,18.65387755,18.65387755,18.65387755,18.65387755,37.3077551,7.510040816,5.571918367,1.938122449,1.938122449,18.65387755,1.8,10,20,0,0
62,PPK_20250611_I17,GFP-M-G100,0.058299599,2.548609462,1.301682581,0.000882356,4.057201443,50,100,2,2,1,1,3.5,1,0.02,2,0.3,5.725714286,plamGFP,2,0,1,130.3361633,3.633795918,40.94155102,15.02008163,2.180571429,7.025142857,23.49991837,17.928,1.45322449,74.61697959,7.510040816,11.87118367,4.361142857,31.73583673,18.65387755,3.633795918,11.62873469,11.62873469,1.21077551,3.391346939,18.65387755,74.61697959,18.65387755,93.27085714,931.7358367,93.27085714,18.65387755,18.65387755,18.65387755,18.65387755,37.3077551,7.510040816,5.571918367,1.938122449,1.938122449,18.65387755,1.8,10,20,0,0
63,PPK_20250611_K11,GFP-M-G100,0.04925615,2.940208698,1.261363204,0.000630699,4.097075195,50,100,2,2,1,1,3.5,1,0.02,2,0.3,5.725714286,plamGFP,2,0,1,130.3361633,3.633795918,40.94155102,15.02008163,2.180571429,7.025142857,23.49991837,17.928,1.45322449,74.61697959,7.510040816,11.87118367,4.361142857,31.73583673,18.65387755,3.633795918,11.62873469,11.62873469,1.21077551,3.391346939,18.65387755,74.61697959,18.65387755,93.27085714,931.7358367,93.27085714,18.65387755,18.65387755,18.65387755,18.65387755,37.3077551,7.510040816,5.571918367,1.938122449,1.938122449,18.65387755,1.8,11,20,0,0
64,PPK_20250611_K14,GFP-M-G100,0.051164304,2.656664626,1.264810096,0.000764931,4.071278688,50,100,2,2,1,1,3.5,1,0.02,2,0.3,5.725714286,plamGFP,2,0,1,130.3361633,3.633795918,40.94155102,15.02008163,2.180571429,7.025142857,23.49991837,17.928,1.45322449,74.61697959,7.510040816,11.87118367,4.361142857,31.73583673,18.65387755,3.633795918,11.62873469,11.62873469,1.21077551,3.391346939,18.65387755,74.61697959,18.65387755,93.27085714,931.7358367,93.27085714,18.65387755,18.65387755,18.65387755,18.65387755,37.3077551,7.510040816,5.571918367,1.938122449,1.938122449,18.65387755,1.8,11,20,0,0
65,PPK_20250611_K17,GFP-M-G100,0.054432843,2.644345845,1.261986859,0.000854442,4.069621094,50,100,2,2,1,1,3.5,1,0.02,2,0.3,5.725714286,plamGFP,2,0,1,130.3361633,3.633795918,40.94155102,15.02008163,2.180571429,7.025142857,23.49991837,17.928,1.45322449,74.61697959,7.510040816,11.87118367,4.361142857,31.73583673,18.65387755,3.633795918,11.62873469,11.62873469,1.21077551,3.391346939,18.65387755,74.61697959,18.65387755,93.27085714,931.7358367,93.27085714,18.65387755,18.65387755,18.65387755,18.65387755,37.3077551,7.510040816,5.571918367,1.938122449,1.938122449,18.65387755,1.8,11,20,0,0
66,PPK_20250611_M11,GFP-M-G100,0.050190175,2.712156397,1.262550165,0.000590805,4.07963417,50,100,2,2,1,1,3.5,1,0.02,2,0.3,5.725714286,plamGFP,2,0,1,130.3361633,3.633795918,40.94155102,15.02008163,2.180571429,7.025142857,23.49991837,17.928,1.45322449,74.61697959,7.510040816,11.87118367,4.361142857,31.73583673,18.65387755,3.633795918,11.62873469,11.62873469,1.21077551,3.391346939,18.65387755,74.61697959,18.65387755,93.27085714,931.7358367,93.27085714,18.65387755,18.65387755,18.65387755,18.65387755,37.3077551,7.510040816,5.571918367,1.938122449,1.938122449,18.65387755,1.8,12,20,0,0
67,PPK_20250611_M14,GFP-M-G100,0.048983311,2.721790882,1.236929156,0.000737306,4.079428382,50,100,2,2,1,1,3.5,1,0.02,2,0.3,5.725714286,plamGFP,2,0,1,130.3361633,3.633795918,40.94155102,15.02008163,2.180571429,7.025142857,23.49991837,17.928,1.45322449,74.61697959,7.510040816,11.87118367,4.361142857,31.73583673,18.65387755,3.633795918,11.62873469,11.62873469,1.21077551,3.391346939,18.65387755,74.61697959,18.65387755,93.27085714,931.7358367,93.27085714,18.65387755,18.65387755,18.65387755,18.65387755,37.3077551,7.510040816,5.571918367,1.938122449,1.938122449,18.65387755,1.8,12,20,0,0
68,PPK_20250611_M17,GFP-M-G100,0.046096542,2.746792906,1.345731161,0.000302848,4.08415259,50,100,2,2,1,1,3.5,1,0.02,2,0.3,5.725714286,plamGFP,2,0,1,130.3361633,3.633795918,40.94155102,15.02008163,2.180571429,7.025142857,23.49991837,17.928,1.45322449,74.61697959,7.510040816,11.87118367,4.361142857,31.73583673,18.65387755,3.633795918,11.62873469,11.62873469,1.21077551,3.391346939,18.65387755,74.61697959,18.65387755,93.27085714,931.7358367,93.27085714,18.65387755,18.65387755,18.65387755,18.65387755,37.3077551,7.510040816,5.571918367,1.938122449,1.938122449,18.65387755,1.8,12,20,0,0
69,PPK_20250612_A19,GFP-F-G35,0.00017615,0.423277343,4.833333114,-1.14E-05,3.996645511,50,100,2,2,1,1,3.5,1,0.02,2,0.3,5.725714286,plamGFP,2,0,1,130.3361633,3.633795918,40.94155102,15.02008163,2.180571429,7.025142857,23.49991837,17.928,1.45322449,74.61697959,7.510040816,11.87118367,4.361142857,31.73583673,18.65387755,3.633795918,11.62873469,11.62873469,1.21077551,3.391346939,18.65387755,74.61697959,18.65387755,93.27085714,931.7358367,93.27085714,18.65387755,18.65387755,18.65387755,18.65387755,37.3077551,7.510040816,5.571918367,1.938122449,1.938122449,18.65387755,1.8,8,20,0,30
70,PPK_20250612_A21,GFP-F-G35,0.000132537,0.344083531,3.333333073,-6.84E-06,3.99664502,50,100,2,2,1,1,3.5,1,0.02,2,0.3,5.725714286,plamGFP,2,0,1,130.3361633,3.633795918,40.94155102,15.02008163,2.180571429,7.025142857,23.49991837,17.928,1.45322449,74.61697959,7.510040816,11.87118367,4.361142857,31.73583673,18.65387755,3.633795918,11.62873469,11.62873469,1.21077551,3.391346939,18.65387755,74.61697959,18.65387755,93.27085714,931.7358367,93.27085714,18.65387755,18.65387755,18.65387755,18.65387755,37.3077551,7.510040816,5.571918367,1.938122449,1.938122449,18.65387755,1.8,8,20,0,30
71,PPK_20250612_A23,GFP-F-G35,0.000156056,0.380949681,4.833333153,-9.38E-06,3.996645125,50,100,2,2,1,1,3.5,1,0.02,2,0.3,5.725714286,plamGFP,2,0,1,130.3361633,3.633795918,40.94155102,15.02008163,2.180571429,7.025142857,23.49991837,17.928,1.45322449,74.61697959,7.510040816,11.87118367,4.361142857,31.73583673,18.65387755,3.633795918,11.62873469,11.62873469,1.21077551,3.391346939,18.65387755,74.61697959,18.65387755,93.27085714,931.7358367,93.27085714,18.65387755,18.65387755,18.65387755,18.65387755,37.3077551,7.510040816,5.571918367,1.938122449,1.938122449,18.65387755,1.8,8,20,0,30
72,PPK_20250612_C19,GFP-F-G35,0.000219146,0.438352766,5.249999791,-1.20E-05,3.996645999,50,100,2,2,1,1,3.5,1,0.02,2,0.3,5.725714286,plamGFP,2,0,1,130.3361633,3.633795918,40.94155102,15.02008163,2.180571429,7.025142857,23.49991837,17.928,1.45322449,74.61697959,7.510040816,11.87118367,4.361142857,31.73583673,18.65387755,3.633795918,11.62873469,11.62873469,1.21077551,3.391346939,18.65387755,74.61697959,18.65387755,93.27085714,931.7358367,93.27085714,18.65387755,18.65387755,18.65387755,18.65387755,37.3077551,7.510040816,5.571918367,1.938122449,1.938122449,18.65387755,1.8,8,0,2,30
73,PPK_20250612_C21,GFP-F-G35,0.000194512,0.432428787,4.749999729,-1.11E-05,3.996645671,50,100,2,2,1,1,3.5,1,0.02,2,0.3,5.725714286,plamGFP,2,0,1,130.3361633,3.633795918,40.94155102,15.02008163,2.180571429,7.025142857,23.49991837,17.928,1.45322449,74.61697959,7.510040816,11.87118367,4.361142857,31.73583673,18.65387755,3.633795918,11.62873469,11.62873469,1.21077551,3.391346939,18.65387755,74.61697959,18.65387755,93.27085714,931.7358367,93.27085714,18.65387755,18.65387755,18.65387755,18.65387755,37.3077551,7.510040816,5.571918367,1.938122449,1.938122449,18.65387755,1.8,8,0,2,30
74,PPK_20250612_C23,GFP-F-G35,0.000162668,0.386470113,4.166666385,-8.48E-06,3.99664515,50,100,2,2,1,1,3.5,1,0.02,2,0.3,5.725714286,plamGFP,2,0,1,130.3361633,3.633795918,40.94155102,15.02008163,2.180571429,7.025142857,23.49991837,17.928,1.45322449,74.61697959,7.510040816,11.87118367,4.361142857,31.73583673,18.65387755,3.633795918,11.62873469,11.62873469,1.21077551,3.391346939,18.65387755,74.61697959,18.65387755,93.27085714,931.7358367,93.27085714,18.65387755,18.65387755,18.65387755,18.65387755,37.3077551,7.510040816,5.571918367,1.938122449,1.938122449,18.65387755,1.8,8,0,2,30
75,PPK_20250612_E19,GFP-F-G35,0.000154859,0.48484509,4.083332974,-1.10E-05,3.996645487,50,100,2,2,1,1,3.5,1,0.02,2,0.3,5.725714286,plamGFP,2,0,1,130.3361633,3.633795918,40.94155102,15.02008163,2.180571429,7.025142857,23.49991837,17.928,1.45322449,74.61697959,7.510040816,11.87118367,4.361142857,31.73583673,18.65387755,3.633795918,11.62873469,11.62873469,1.21077551,3.391346939,18.65387755,74.61697959,18.65387755,93.27085714,931.7358367,93.27085714,18.65387755,18.65387755,18.65387755,18.65387755,37.3077551,7.510040816,5.571918367,1.938122449,1.938122449,18.65387755,1.8,10,0,2,30
76,PPK_20250612_E21,GFP-F-G35,0.000200967,0.438352591,4.833333075,-1.22E-05,3.996645879,50,100,2,2,1,1,3.5,1,0.02,2,0.3,5.725714286,plamGFP,2,0,1,130.3361633,3.633795918,40.94155102,15.02008163,2.180571429,7.025142857,23.49991837,17.928,1.45322449,74.61697959,7.510040816,11.87118367,4.361142857,31.73583673,18.65387755,3.633795918,11.62873469,11.62873469,1.21077551,3.391346939,18.65387755,74.61697959,18.65387755,93.27085714,931.7358367,93.27085714,18.65387755,18.65387755,18.65387755,18.65387755,37.3077551,7.510040816,5.571918367,1.938122449,1.938122449,18.65387755,1.8,10,0,2,30
77,PPK_20250612_E23,GFP-F-G35,9.82E-05,0.444444824,0.499999349,-3.16E-06,3.996644947,50,100,2,2,1,1,3.5,1,0.02,2,0.3,5.725714286,plamGFP,2,0,1,130.3361633,3.633795918,40.94155102,15.02008163,2.180571429,7.025142857,23.49991837,17.928,1.45322449,74.61697959,7.510040816,11.87118367,4.361142857,31.73583673,18.65387755,3.633795918,11.62873469,11.62873469,1.21077551,3.391346939,18.65387755,74.61697959,18.65387755,93.27085714,931.7358367,93.27085714,18.65387755,18.65387755,18.65387755,18.65387755,37.3077551,7.510040816,5.571918367,1.938122449,1.938122449,18.65387755,1.8,10,0,2,30
78,PPK_20250612_G19,GFP-F-G35,0.000301756,0.747659995,5.166666689,-1.77E-05,3.99665354,50,100,2,2,1,1,3.5,1,0.02,2,0.3,5.725714286,plamGFP,2,0,1,130.3361633,3.633795918,40.94155102,15.02008163,2.180571429,7.025142857,23.49991837,17.928,1.45322449,74.61697959,7.510040816,11.87118367,4.361142857,31.73583673,18.65387755,3.633795918,11.62873469,11.62873469,1.21077551,3.391346939,18.65387755,74.61697959,18.65387755,93.27085714,931.7358367,93.27085714,18.65387755,18.65387755,18.65387755,18.65387755,37.3077551,7.510040816,5.571918367,1.938122449,1.938122449,18.65387755,1.8,12,0,2,30
79,PPK_20250612_G21,GFP-F-G35,0.000224374,0.755898998,3.833332188,-1.35E-05,3.996646876,50,100,2,2,1,1,3.5,1,0.02,2,0.3,5.725714286,plamGFP,2,0,1,130.3361633,3.633795918,40.94155102,15.02008163,2.180571429,7.025142857,23.49991837,17.928,1.45322449,74.61697959,7.510040816,11.87118367,4.361142857,31.73583673,18.65387755,3.633795918,11.62873469,11.62873469,1.21077551,3.391346939,18.65387755,74.61697959,18.65387755,93.27085714,931.7358367,93.27085714,18.65387755,18.65387755,18.65387755,18.65387755,37.3077551,7.510040816,5.571918367,1.938122449,1.938122449,18.65387755,1.8,12,0,2,30
80,PPK_20250612_G23,GFP-F-G35,0.000378232,0.953181053,3.999998258,-1.44E-05,3.996647697,50,100,2,2,1,1,3.5,1,0.02,2,0.3,5.725714286,plamGFP,2,0,1,130.3361633,3.633795918,40.94155102,15.02008163,2.180571429,7.025142857,23.49991837,17.928,1.45322449,74.61697959,7.510040816,11.87118367,4.361142857,31.73583673,18.65387755,3.633795918,11.62873469,11.62873469,1.21077551,3.391346939,18.65387755,74.61697959,18.65387755,93.27085714,931.7358367,93.27085714,18.65387755,18.65387755,18.65387755,18.65387755,37.3077551,7.510040816,5.571918367,1.938122449,1.938122449,18.65387755,1.8,12,0,2,30
81,PPK_20250612_I19,GFP-F-G35,0.012873996,1.643367853,2.249244022,0.000182066,3.962431353,50,100,2,2,1,1,3.5,1,0.02,2,0.3,5.725714286,plamGFP,2,0,1,130.3361633,3.633795918,40.94155102,15.02008163,2.180571429,7.025142857,23.49991837,17.928,1.45322449,74.61697959,7.510040816,11.87118367,4.361142857,31.73583673,18.65387755,3.633795918,11.62873469,11.62873469,1.21077551,3.391346939,18.65387755,74.61697959,18.65387755,93.27085714,931.7358367,93.27085714,18.65387755,18.65387755,18.65387755,18.65387755,37.3077551,7.510040816,5.571918367,1.938122449,1.938122449,18.65387755,1.8,14,0,2,30
82,PPK_20250612_I21,GFP-F-G35,0.013795911,1.663706101,2.249184004,0.000158655,3.964084904,50,100,2,2,1,1,3.5,1,0.02,2,0.3,5.725714286,plamGFP,2,0,1,130.3361633,3.633795918,40.94155102,15.02008163,2.180571429,7.025142857,23.49991837,17.928,1.45322449,74.61697959,7.510040816,11.87118367,4.361142857,31.73583673,18.65387755,3.633795918,11.62873469,11.62873469,1.21077551,3.391346939,18.65387755,74.61697959,18.65387755,93.27085714,931.7358367,93.27085714,18.65387755,18.65387755,18.65387755,18.65387755,37.3077551,7.510040816,5.571918367,1.938122449,1.938122449,18.65387755,1.8,14,0,2,30
83,PPK_20250612_I23,GFP-F-G35,0.021052046,1.757721297,1.915147621,0.000224606,3.972222467,50,100,2,2,1,1,3.5,1,0.02,2,0.3,5.725714286,plamGFP,2,0,1,130.3361633,3.633795918,40.94155102,15.02008163,2.180571429,7.025142857,23.49991837,17.928,1.45322449,74.61697959,7.510040816,11.87118367,4.361142857,31.73583673,18.65387755,3.633795918,11.62873469,11.62873469,1.21077551,3.391346939,18.65387755,74.61697959,18.65387755,93.27085714,931.7358367,93.27085714,18.65387755,18.65387755,18.65387755,18.65387755,37.3077551,7.510040816,5.571918367,1.938122449,1.938122449,18.65387755,1.8,14,0,2,30
84,PPK_20250612_A19,GFP-M-G100,2.52E-05,5.111110988,2.260546714,-4.36E-06,4.255526083,50,100,2,2,1,1,3.5,1,0.02,2,0.3,5.725714286,plamGFP,2,0,1,130.3361633,3.633795918,40.94155102,15.02008163,2.180571429,7.025142857,23.49991837,17.928,1.45322449,74.61697959,7.510040816,11.87118367,4.361142857,31.73583673,18.65387755,3.633795918,11.62873469,11.62873469,1.21077551,3.391346939,18.65387755,74.61697959,18.65387755,93.27085714,931.7358367,93.27085714,18.65387755,18.65387755,18.65387755,18.65387755,37.3077551,7.510040816,5.571918367,1.938122449,1.938122449,18.65387755,1.8,8,20,0,30
85,PPK_20250612_A21,GFP-M-G100,3.45E-05,4.345678787,3.343885134,-7.69E-06,4.236425092,50,100,2,2,1,1,3.5,1,0.02,2,0.3,5.725714286,plamGFP,2,0,1,130.3361633,3.633795918,40.94155102,15.02008163,2.180571429,7.025142857,23.49991837,17.928,1.45322449,74.61697959,7.510040816,11.87118367,4.361142857,31.73583673,18.65387755,3.633795918,11.62873469,11.62873469,1.21077551,3.391346939,18.65387755,74.61697959,18.65387755,93.27085714,931.7358367,93.27085714,18.65387755,18.65387755,18.65387755,18.65387755,37.3077551,7.510040816,5.571918367,1.938122449,1.938122449,18.65387755,1.8,8,20,0,30
86,PPK_20250612_A23,GFP-M-G100,5.16E-05,5.111111019,5.260562983,-7.43E-06,4.255492452,50,100,2,2,1,1,3.5,1,0.02,2,0.3,5.725714286,plamGFP,2,0,1,130.3361633,3.633795918,40.94155102,15.02008163,2.180571429,7.025142857,23.49991837,17.928,1.45322449,74.61697959,7.510040816,11.87118367,4.361142857,31.73583673,18.65387755,3.633795918,11.62873469,11.62873469,1.21077551,3.391346939,18.65387755,74.61697959,18.65387755,93.27085714,931.7358367,93.27085714,18.65387755,18.65387755,18.65387755,18.65387755,37.3077551,7.510040816,5.571918367,1.938122449,1.938122449,18.65387755,1.8,8,20,0,30
87,PPK_20250612_C19,GFP-M-G100,8.70E-05,4.84848501,5.843895255,-6.75E-06,4.253196475,50,100,2,2,1,1,3.5,1,0.02,2,0.3,5.725714286,plamGFP,2,0,1,130.3361633,3.633795918,40.94155102,15.02008163,2.180571429,7.025142857,23.49991837,17.928,1.45322449,74.61697959,7.510040816,11.87118367,4.361142857,31.73583673,18.65387755,3.633795918,11.62873469,11.62873469,1.21077551,3.391346939,18.65387755,74.61697959,18.65387755,93.27085714,931.7358367,93.27085714,18.65387755,18.65387755,18.65387755,18.65387755,37.3077551,7.510040816,5.571918367,1.938122449,1.938122449,18.65387755,1.8,8,0,2,30
88,PPK_20250612_C21,GFP-M-G100,6.75E-05,3.692307652,5.427226938,-7.19E-06,4.191860012,50,100,2,2,1,1,3.5,1,0.02,2,0.3,5.725714286,plamGFP,2,0,1,130.3361633,3.633795918,40.94155102,15.02008163,2.180571429,7.025142857,23.49991837,17.928,1.45322449,74.61697959,7.510040816,11.87118367,4.361142857,31.73583673,18.65387755,3.633795918,11.62873469,11.62873469,1.21077551,3.391346939,18.65387755,74.61697959,18.65387755,93.27085714,931.7358367,93.27085714,18.65387755,18.65387755,18.65387755,18.65387755,37.3077551,7.510040816,5.571918367,1.938122449,1.938122449,18.65387755,1.8,8,0,2,30
89,PPK_20250612_C23,GFP-M-G100,3.41E-05,4.444444214,2.84388145,-6.60E-06,4.241069953,50,100,2,2,1,1,3.5,1,0.02,2,0.3,5.725714286,plamGFP,2,0,1,130.3361633,3.633795918,40.94155102,15.02008163,2.180571429,7.025142857,23.49991837,17.928,1.45322449,74.61697959,7.510040816,11.87118367,4.361142857,31.73583673,18.65387755,3.633795918,11.62873469,11.62873469,1.21077551,3.391346939,18.65387755,74.61697959,18.65387755,93.27085714,931.7358367,93.27085714,18.65387755,18.65387755,18.65387755,18.65387755,37.3077551,7.510040816,5.571918367,1.938122449,1.938122449,18.65387755,1.8,8,0,2,30
90,PPK_20250612_E19,GFP-M-G100,4.09E-05,3.839999752,3.760554484,-7.94E-06,4.203838502,50,100,2,2,1,1,3.5,1,0.02,2,0.3,5.725714286,plamGFP,2,0,1,130.3361633,3.633795918,40.94155102,15.02008163,2.180571429,7.025142857,23.49991837,17.928,1.45322449,74.61697959,7.510040816,11.87118367,4.361142857,31.73583673,18.65387755,3.633795918,11.62873469,11.62873469,1.21077551,3.391346939,18.65387755,74.61697959,18.65387755,93.27085714,931.7358367,93.27085714,18.65387755,18.65387755,18.65387755,18.65387755,37.3077551,7.510040816,5.571918367,1.938122449,1.938122449,18.65387755,1.8,10,0,2,30
91,PPK_20250612_E21,GFP-M-G100,2.86E-05,3.999999968,0.843886602,-2.33E-06,4.215290371,50,100,2,2,1,1,3.5,1,0.02,2,0.3,5.725714286,plamGFP,2,0,1,130.3361633,3.633795918,40.94155102,15.02008163,2.180571429,7.025142857,23.49991837,17.928,1.45322449,74.61697959,7.510040816,11.87118367,4.361142857,31.73583673,18.65387755,3.633795918,11.62873469,11.62873469,1.21077551,3.391346939,18.65387755,74.61697959,18.65387755,93.27085714,931.7358367,93.27085714,18.65387755,18.65387755,18.65387755,18.65387755,37.3077551,7.510040816,5.571918367,1.938122449,1.938122449,18.65387755,1.8,10,0,2,30
92,PPK_20250612_E23,GFP-M-G100,2.95E-05,5.142857168,1.343891723,-3.64E-06,4.25585828,50,100,2,2,1,1,3.5,1,0.02,2,0.3,5.725714286,plamGFP,2,0,1,130.3361633,3.633795918,40.94155102,15.02008163,2.180571429,7.025142857,23.49991837,17.928,1.45322449,74.61697959,7.510040816,11.87118367,4.361142857,31.73583673,18.65387755,3.633795918,11.62873469,11.62873469,1.21077551,3.391346939,18.65387755,74.61697959,18.65387755,93.27085714,931.7358367,93.27085714,18.65387755,18.65387755,18.65387755,18.65387755,37.3077551,7.510040816,5.571918367,1.938122449,1.938122449,18.65387755,1.8,10,0,2,30
93,PPK_20250612_G19,GFP-M-G100,7.58E-05,2.909090557,4.84389168,-8.66E-06,4.107604871,50,100,2,2,1,1,3.5,1,0.02,2,0.3,5.725714286,plamGFP,2,0,1,130.3361633,3.633795918,40.94155102,15.02008163,2.180571429,7.025142857,23.49991837,17.928,1.45322449,74.61697959,7.510040816,11.87118367,4.361142857,31.73583673,18.65387755,3.633795918,11.62873469,11.62873469,1.21077551,3.391346939,18.65387755,74.61697959,18.65387755,93.27085714,931.7358367,93.27085714,18.65387755,18.65387755,18.65387755,18.65387755,37.3077551,7.510040816,5.571918367,1.938122449,1.938122449,18.65387755,1.8,12,0,2,30
94,PPK_20250612_G21,GFP-M-G100,0.000224508,2.081301158,5.927224427,-9.67E-06,4.005680263,50,100,2,2,1,1,3.5,1,0.02,2,0.3,5.725714286,plamGFP,2,0,1,130.3361633,3.633795918,40.94155102,15.02008163,2.180571429,7.025142857,23.49991837,17.928,1.45322449,74.61697959,7.510040816,11.87118367,4.361142857,31.73583673,18.65387755,3.633795918,11.62873469,11.62873469,1.21077551,3.391346939,18.65387755,74.61697959,18.65387755,93.27085714,931.7358367,93.27085714,18.65387755,18.65387755,18.65387755,18.65387755,37.3077551,7.510040816,5.571918367,1.938122449,1.938122449,18.65387755,1.8,12,0,2,30
95,PPK_20250612_G23,GFP-M-G100,8.99E-05,2.550723405,3.010549631,-5.29E-06,4.062826078,50,100,2,2,1,1,3.5,1,0.02,2,0.3,5.725714286,plamGFP,2,0,1,130.3361633,3.633795918,40.94155102,15.02008163,2.180571429,7.025142857,23.49991837,17.928,1.45322449,74.61697959,7.510040816,11.87118367,4.361142857,31.73583673,18.65387755,3.633795918,11.62873469,11.62873469,1.21077551,3.391346939,18.65387755,74.61697959,18.65387755,93.27085714,931.7358367,93.27085714,18.65387755,18.65387755,18.65387755,18.65387755,37.3077551,7.510040816,5.571918367,1.938122449,1.938122449,18.65387755,1.8,12,0,2,30
96,PPK_20250612_I19,GFP-M-G100,0.005391984,1.634797346,2.260239347,8.28E-05,3.961910136,50,100,2,2,1,1,3.5,1,0.02,2,0.3,5.725714286,plamGFP,2,0,1,130.3361633,3.633795918,40.94155102,15.02008163,2.180571429,7.025142857,23.49991837,17.928,1.45322449,74.61697959,7.510040816,11.87118367,4.361142857,31.73583673,18.65387755,3.633795918,11.62873469,11.62873469,1.21077551,3.391346939,18.65387755,74.61697959,18.65387755,93.27085714,931.7358367,93.27085714,18.65387755,18.65387755,18.65387755,18.65387755,37.3077551,7.510040816,5.571918367,1.938122449,1.938122449,18.65387755,1.8,14,0,2,30
97,PPK_20250612_I21,GFP-M-G100,0.005851523,1.672758516,2.260204329,7.55E-05,3.964972893,50,100,2,2,1,1,3.5,1,0.02,2,0.3,5.725714286,plamGFP,2,0,1,130.3361633,3.633795918,40.94155102,15.02008163,2.180571429,7.025142857,23.49991837,17.928,1.45322449,74.61697959,7.510040816,11.87118367,4.361142857,31.73583673,18.65387755,3.633795918,11.62873469,11.62873469,1.21077551,3.391346939,18.65387755,74.61697959,18.65387755,93.27085714,931.7358367,93.27085714,18.65387755,18.65387755,18.65387755,18.65387755,37.3077551,7.510040816,5.571918367,1.938122449,1.938122449,18.65387755,1.8,14,0,2,30
98,PPK_20250612_I23,GFP-M-G100,0.009283069,1.725399608,2.009925398,6.55E-05,3.969457438,50,100,2,2,1,1,3.5,1,0.02,2,0.3,5.725714286,plamGFP,2,0,1,130.3361633,3.633795918,40.94155102,15.02008163,2.180571429,7.025142857,23.49991837,17.928,1.45322449,74.61697959,7.510040816,11.87118367,4.361142857,31.73583673,18.65387755,3.633795918,11.62873469,11.62873469,1.21077551,3.391346939,18.65387755,74.61697959,18.65387755,93.27085714,931.7358367,93.27085714,18.65387755,18.65387755,18.65387755,18.65387755,37.3077551,7.510040816,5.571918367,1.938122449,1.938122449,18.65387755,1.8,14,0,2,30
99,PPK_20250613_I1,GFP-F-G35,0.008974612,1.377843692,2.499635315,0.00011721,3.941732098,50,100,2,2,1,1,3.5,1,0.02,2,0.3,5.725714286,plamGFP,2,0,1,130.3361633,3.633795918,40.94155102,15.02008163,2.180571429,7.025142857,23.49991837,17.928,1.45322449,74.61697959,7.510040816,11.87118367,4.361142857,31.73583673,18.65387755,3.633795918,11.62873469,11.62873469,1.21077551,3.391346939,18.65387755,74.61697959,18.65387755,93.27085714,931.7358367,93.27085714,18.65387755,18.65387755,18.65387755,18.65387755,37.3077551,7.510040816,5.571918367,1.938122449,1.938122449,18.65387755,1.8,14,0,2,30
100,PPK_20250613_I4,GFP-F-G35,0.007559945,1.336832585,2.583048879,0.000115494,3.939800457,50,100,2,2,1,1,3.5,1,0.02,2,0.3,5.725714286,plamGFP,2,0,1,130.3361633,3.633795918,40.94155102,15.02008163,2.180571429,7.025142857,23.49991837,17.928,1.45322449,74.61697959,7.510040816,11.87118367,4.361142857,31.73583673,18.65387755,3.633795918,11.62873469,11.62873469,1.21077551,3.391346939,18.65387755,74.61697959,18.65387755,93.27085714,931.7358367,93.27085714,18.65387755,18.65387755,18.65387755,18.65387755,37.3077551,7.510040816,5.571918367,1.938122449,1.938122449,18.65387755,1.8,14,0,2,30
101,PPK_20250613_I7,GFP-F-G35,0.011109086,1.579384053,2.416113944,6.73E-05,3.954190003,50,100,2,2,1,1,3.5,1,0.02,2,0.3,5.725714286,plamGFP,2,0,1,130.3361633,3.633795918,40.94155102,15.02008163,2.180571429,7.025142857,23.49991837,17.928,1.45322449,74.61697959,7.510040816,11.87118367,4.361142857,31.73583673,18.65387755,3.633795918,11.62873469,11.62873469,1.21077551,3.391346939,18.65387755,74.61697959,18.65387755,93.27085714,931.7358367,93.27085714,18.65387755,18.65387755,18.65387755,18.65387755,37.3077551,7.510040816,5.571918367,1.938122449,1.938122449,18.65387755,1.8,14,0,2,30
102,PPK_20250613_K1,GFP-F-G35,0.055501111,4.609334134,0.934610472,0.00088268,4.243902295,50,100,2,2,1,1,3.5,1,0.02,2,0.3,5.725714286,plamGFP,2,0,1,130.3361633,3.633795918,40.94155102,15.02008163,2.180571429,7.025142857,23.49991837,17.928,1.45322449,74.61697959,7.510040816,11.87118367,4.361142857,31.73583673,18.65387755,3.633795918,11.62873469,11.62873469,1.21077551,3.391346939,18.65387755,74.61697959,18.65387755,93.27085714,931.7358367,93.27085714,18.65387755,18.65387755,18.65387755,18.65387755,37.3077551,7.510040816,5.571918367,1.938122449,1.938122449,18.65387755,1.8,16,0,2,30
103,PPK_20250613_K4,GFP-F-G35,0.054909552,4.614706634,0.923347497,0.000868869,4.243993282,50,100,2,2,1,1,3.5,1,0.02,2,0.3,5.725714286,plamGFP,2,0,1,130.3361633,3.633795918,40.94155102,15.02008163,2.180571429,7.025142857,23.49991837,17.928,1.45322449,74.61697959,7.510040816,11.87118367,4.361142857,31.73583673,18.65387755,3.633795918,11.62873469,11.62873469,1.21077551,3.391346939,18.65387755,74.61697959,18.65387755,93.27085714,931.7358367,93.27085714,18.65387755,18.65387755,18.65387755,18.65387755,37.3077551,7.510040816,5.571918367,1.938122449,1.938122449,18.65387755,1.8,16,0,2,30
104,PPK_20250613_K7,GFP-F-G35,0.054887179,4.6328282,0.913237928,0.000867154,4.244675509,50,100,2,2,1,1,3.5,1,0.02,2,0.3,5.725714286,plamGFP,2,0,1,130.3361633,3.633795918,40.94155102,15.02008163,2.180571429,7.025142857,23.49991837,17.928,1.45322449,74.61697959,7.510040816,11.87118367,4.361142857,31.73583673,18.65387755,3.633795918,11.62873469,11.62873469,1.21077551,3.391346939,18.65387755,74.61697959,18.65387755,93.27085714,931.7358367,93.27085714,18.65387755,18.65387755,18.65387755,18.65387755,37.3077551,7.510040816,5.571918367,1.938122449,1.938122449,18.65387755,1.8,16,0,2,30
105,PPK_20250613_M1,GFP-F-G35,0.058405103,4.67693971,0.930216173,0.000986059,4.245856932,50,100,2,2,1,1,3.5,1,0.02,2,0.3,5.725714286,plamGFP,2,0,1,130.3361633,3.633795918,40.94155102,15.02008163,2.180571429,7.025142857,23.49991837,17.928,1.45322449,74.61697959,7.510040816,11.87118367,4.361142857,31.73583673,18.65387755,3.633795918,11.62873469,11.62873469,1.21077551,3.391346939,18.65387755,74.61697959,18.65387755,93.27085714,931.7358367,93.27085714,18.65387755,18.65387755,18.65387755,18.65387755,37.3077551,7.510040816,5.571918367,1.938122449,1.938122449,18.65387755,1.8,18,0,2,30
106,PPK_20250613_M4,GFP-F-G35,0.055378798,4.79218467,0.907763067,0.000868478,4.250240045,50,100,2,2,1,1,3.5,1,0.02,2,0.3,5.725714286,plamGFP,2,0,1,130.3361633,3.633795918,40.94155102,15.02008163,2.180571429,7.025142857,23.49991837,17.928,1.45322449,74.61697959,7.510040816,11.87118367,4.361142857,31.73583673,18.65387755,3.633795918,11.62873469,11.62873469,1.21077551,3.391346939,18.65387755,74.61697959,18.65387755,93.27085714,931.7358367,93.27085714,18.65387755,18.65387755,18.65387755,18.65387755,37.3077551,7.510040816,5.571918367,1.938122449,1.938122449,18.65387755,1.8,18,0,2,30
107,PPK_20250613_M7,GFP-F-G35,0.052713883,4.846884327,0.894593799,0.000774039,4.251661235,50,100,2,2,1,1,3.5,1,0.02,2,0.3,5.725714286,plamGFP,2,0,1,130.3361633,3.633795918,40.94155102,15.02008163,2.180571429,7.025142857,23.49991837,17.928,1.45322449,74.61697959,7.510040816,11.87118367,4.361142857,31.73583673,18.65387755,3.633795918,11.62873469,11.62873469,1.21077551,3.391346939,18.65387755,74.61697959,18.65387755,93.27085714,931.7358367,93.27085714,18.65387755,18.65387755,18.65387755,18.65387755,37.3077551,7.510040816,5.571918367,1.938122449,1.938122449,18.65387755,1.8,18,0,2,30
108,PPK_20250613_O1,GFP-F-G35,0.050589906,4.79596331,0.964137015,0.000723992,4.251031084,50,100,2,2,1,1,3.5,1,0.02,2,0.3,5.725714286,plamGFP,2,0,1,130.3361633,3.633795918,40.94155102,15.02008163,2.180571429,7.025142857,23.49991837,17.928,1.45322449,74.61697959,7.510040816,11.87118367,4.361142857,31.73583673,18.65387755,3.633795918,11.62873469,11.62873469,1.21077551,3.391346939,18.65387755,74.61697959,18.65387755,93.27085714,931.7358367,93.27085714,18.65387755,18.65387755,18.65387755,18.65387755,37.3077551,7.510040816,5.571918367,1.938122449,1.938122449,18.65387755,1.8,20,0,2,30
109,PPK_20250613_O4,GFP-F-G35,0.050972422,4.721502832,0.9499264,0.000821205,4.246027328,50,100,2,2,1,1,3.5,1,0.02,2,0.3,5.725714286,plamGFP,2,0,1,130.3361633,3.633795918,40.94155102,15.02008163,2.180571429,7.025142857,23.49991837,17.928,1.45322449,74.61697959,7.510040816,11.87118367,4.361142857,31.73583673,18.65387755,3.633795918,11.62873469,11.62873469,1.21077551,3.391346939,18.65387755,74.61697959,18.65387755,93.27085714,931.7358367,93.27085714,18.65387755,18.65387755,18.65387755,18.65387755,37.3077551,7.510040816,5.571918367,1.938122449,1.938122449,18.65387755,1.8,20,0,2,30
110,PPK_20250613_O7,GFP-F-G35,0.046453508,4.855639303,0.940909725,0.00067404,4.250974996,50,100,2,2,1,1,3.5,1,0.02,2,0.3,5.725714286,plamGFP,2,0,1,130.3361633,3.633795918,40.94155102,15.02008163,2.180571429,7.025142857,23.49991837,17.928,1.45322449,74.61697959,7.510040816,11.87118367,4.361142857,31.73583673,18.65387755,3.633795918,11.62873469,11.62873469,1.21077551,3.391346939,18.65387755,74.61697959,18.65387755,93.27085714,931.7358367,93.27085714,18.65387755,18.65387755,18.65387755,18.65387755,37.3077551,7.510040816,5.571918367,1.938122449,1.938122449,18.65387755,1.8,20,0,2,30
111,PPK_20250613_I1,GFP-M-G100,0.003570786,1.491740549,2.58956973,1.91E-05,3.9483201,50,100,2,2,1,1,3.5,1,0.02,2,0.3,5.725714286,plamGFP,2,0,1,130.3361633,3.633795918,40.94155102,15.02008163,2.180571429,7.025142857,23.49991837,17.928,1.45322449,74.61697959,7.510040816,11.87118367,4.361142857,31.73583673,18.65387755,3.633795918,11.62873469,11.62873469,1.21077551,3.391346939,18.65387755,74.61697959,18.65387755,93.27085714,931.7358367,93.27085714,18.65387755,18.65387755,18.65387755,18.65387755,37.3077551,7.510040816,5.571918367,1.938122449,1.938122449,18.65387755,1.8,14,0,2,30
112,PPK_20250613_I4,GFP-M-G100,0.003010463,1.380800084,2.589603839,4.31E-05,3.942029417,50,100,2,2,1,1,3.5,1,0.02,2,0.3,5.725714286,plamGFP,2,0,1,130.3361633,3.633795918,40.94155102,15.02008163,2.180571429,7.025142857,23.49991837,17.928,1.45322449,74.61697959,7.510040816,11.87118367,4.361142857,31.73583673,18.65387755,3.633795918,11.62873469,11.62873469,1.21077551,3.391346939,18.65387755,74.61697959,18.65387755,93.27085714,931.7358367,93.27085714,18.65387755,18.65387755,18.65387755,18.65387755,37.3077551,7.510040816,5.571918367,1.938122449,1.938122449,18.65387755,1.8,14,0,2,30
113,PPK_20250613_I7,GFP-M-G100,0.004328209,1.555136295,2.422842916,3.56E-05,3.952544522,50,100,2,2,1,1,3.5,1,0.02,2,0.3,5.725714286,plamGFP,2,0,1,130.3361633,3.633795918,40.94155102,15.02008163,2.180571429,7.025142857,23.49991837,17.928,1.45322449,74.61697959,7.510040816,11.87118367,4.361142857,31.73583673,18.65387755,3.633795918,11.62873469,11.62873469,1.21077551,3.391346939,18.65387755,74.61697959,18.65387755,93.27085714,931.7358367,93.27085714,18.65387755,18.65387755,18.65387755,18.65387755,37.3077551,7.510040816,5.571918367,1.938122449,1.938122449,18.65387755,1.8,14,0,2,30
114,PPK_20250613_K1,GFP-M-G100,0.028795578,4.179505421,1.004811707,0.000465509,4.224615384,50,100,2,2,1,1,3.5,1,0.02,2,0.3,5.725714286,plamGFP,2,0,1,130.3361633,3.633795918,40.94155102,15.02008163,2.180571429,7.025142857,23.49991837,17.928,1.45322449,74.61697959,7.510040816,11.87118367,4.361142857,31.73583673,18.65387755,3.633795918,11.62873469,11.62873469,1.21077551,3.391346939,18.65387755,74.61697959,18.65387755,93.27085714,931.7358367,93.27085714,18.65387755,18.65387755,18.65387755,18.65387755,37.3077551,7.510040816,5.571918367,1.938122449,1.938122449,18.65387755,1.8,16,0,2,30
115,PPK_20250613_K4,GFP-M-G100,0.028715688,4.142281331,1.004805853,0.000446574,4.222343499,50,100,2,2,1,1,3.5,1,0.02,2,0.3,5.725714286,plamGFP,2,0,1,130.3361633,3.633795918,40.94155102,15.02008163,2.180571429,7.025142857,23.49991837,17.928,1.45322449,74.61697959,7.510040816,11.87118367,4.361142857,31.73583673,18.65387755,3.633795918,11.62873469,11.62873469,1.21077551,3.391346939,18.65387755,74.61697959,18.65387755,93.27085714,931.7358367,93.27085714,18.65387755,18.65387755,18.65387755,18.65387755,37.3077551,7.510040816,5.571918367,1.938122449,1.938122449,18.65387755,1.8,16,0,2,30
116,PPK_20250613_K7,GFP-M-G100,0.028294249,4.189525403,1.004806214,0.000378776,4.225227146,50,100,2,2,1,1,3.5,1,0.02,2,0.3,5.725714286,plamGFP,2,0,1,130.3361633,3.633795918,40.94155102,15.02008163,2.180571429,7.025142857,23.49991837,17.928,1.45322449,74.61697959,7.510040816,11.87118367,4.361142857,31.73583673,18.65387755,3.633795918,11.62873469,11.62873469,1.21077551,3.391346939,18.65387755,74.61697959,18.65387755,93.27085714,931.7358367,93.27085714,18.65387755,18.65387755,18.65387755,18.65387755,37.3077551,7.510040816,5.571918367,1.938122449,1.938122449,18.65387755,1.8,16,0,2,30
117,PPK_20250613_M1,GFP-M-G100,0.027877485,4.227530067,1.004812384,0.000455321,4.227435174,50,100,2,2,1,1,3.5,1,0.02,2,0.3,5.725714286,plamGFP,2,0,1,130.3361633,3.633795918,40.94155102,15.02008163,2.180571429,7.025142857,23.49991837,17.928,1.45322449,74.61697959,7.510040816,11.87118367,4.361142857,31.73583673,18.65387755,3.633795918,11.62873469,11.62873469,1.21077551,3.391346939,18.65387755,74.61697959,18.65387755,93.27085714,931.7358367,93.27085714,18.65387755,18.65387755,18.65387755,18.65387755,37.3077551,7.510040816,5.571918367,1.938122449,1.938122449,18.65387755,1.8,18,0,2,30
118,PPK_20250613_M4,GFP-M-G100,0.028614492,4.348313217,1.004829894,0.000350905,4.23388062,50,100,2,2,1,1,3.5,1,0.02,2,0.3,5.725714286,plamGFP,2,0,1,130.3361633,3.633795918,40.94155102,15.02008163,2.180571429,7.025142857,23.49991837,17.928,1.45322449,74.61697959,7.510040816,11.87118367,4.361142857,31.73583673,18.65387755,3.633795918,11.62873469,11.62873469,1.21077551,3.391346939,18.65387755,74.61697959,18.65387755,93.27085714,931.7358367,93.27085714,18.65387755,18.65387755,18.65387755,18.65387755,37.3077551,7.510040816,5.571918367,1.938122449,1.938122449,18.65387755,1.8,18,0,2,30
119,PPK_20250613_M7,GFP-M-G100,0.027551126,4.398715712,0.938849443,0.000475814,4.236140069,50,100,2,2,1,1,3.5,1,0.02,2,0.3,5.725714286,plamGFP,2,0,1,130.3361633,3.633795918,40.94155102,15.02008163,2.180571429,7.025142857,23.49991837,17.928,1.45322449,74.61697959,7.510040816,11.87118367,4.361142857,31.73583673,18.65387755,3.633795918,11.62873469,11.62873469,1.21077551,3.391346939,18.65387755,74.61697959,18.65387755,93.27085714,931.7358367,93.27085714,18.65387755,18.65387755,18.65387755,18.65387755,37.3077551,7.510040816,5.571918367,1.938122449,1.938122449,18.65387755,1.8,18,0,2,30
120,PPK_20250613_O1,GFP-M-G100,0.025876058,4.452371718,1.088010232,0.000185589,4.238815705,50,100,2,2,1,1,3.5,1,0.02,2,0.3,5.725714286,plamGFP,2,0,1,130.3361633,3.633795918,40.94155102,15.02008163,2.180571429,7.025142857,23.49991837,17.928,1.45322449,74.61697959,7.510040816,11.87118367,4.361142857,31.73583673,18.65387755,3.633795918,11.62873469,11.62873469,1.21077551,3.391346939,18.65387755,74.61697959,18.65387755,93.27085714,931.7358367,93.27085714,18.65387755,18.65387755,18.65387755,18.65387755,37.3077551,7.510040816,5.571918367,1.938122449,1.938122449,18.65387755,1.8,20,0,2,30
121,PPK_20250613_O4,GFP-M-G100,0.024158119,4.507690714,1.088007365,0.000143445,4.241115529,50,100,2,2,1,1,3.5,1,0.02,2,0.3,5.725714286,plamGFP,2,0,1,130.3361633,3.633795918,40.94155102,15.02008163,2.180571429,7.025142857,23.49991837,17.928,1.45322449,74.61697959,7.510040816,11.87118367,4.361142857,31.73583673,18.65387755,3.633795918,11.62873469,11.62873469,1.21077551,3.391346939,18.65387755,74.61697959,18.65387755,93.27085714,931.7358367,93.27085714,18.65387755,18.65387755,18.65387755,18.65387755,37.3077551,7.510040816,5.571918367,1.938122449,1.938122449,18.65387755,1.8,20,0,2,30
122,PPK_20250613_O7,GFP-M-G100,0.02270797,4.544701311,0.973642289,0.000383354,4.243020617,50,100,2,2,1,1,3.5,1,0.02,2,0.3,5.725714286,plamGFP,2,0,1,130.3361633,3.633795918,40.94155102,15.02008163,2.180571429,7.025142857,23.49991837,17.928,1.45322449,74.61697959,7.510040816,11.87118367,4.361142857,31.73583673,18.65387755,3.633795918,11.62873469,11.62873469,1.21077551,3.391346939,18.65387755,74.61697959,18.65387755,93.27085714,931.7358367,93.27085714,18.65387755,18.65387755,18.65387755,18.65387755,37.3077551,7.510040816,5.571918367,1.938122449,1.938122449,18.65387755,1.8,20,0,2,30
123,PPK_20250616_A1,GFP-Gext,0.057207718,2.78803884,1.431383881,0.000383001,3.940843597,50,100,2,2,1,1,3.5,1,0.02,2,0.3,5.725714286,plamGFP,2,0,1,130.3361633,3.633795918,40.94155102,15.02008163,2.180571429,7.025142857,23.49991837,17.928,1.45322449,74.61697959,7.510040816,11.87118367,4.361142857,31.73583673,18.65387755,3.633795918,11.62873469,11.62873469,1.21077551,3.391346939,18.65387755,74.61697959,18.65387755,93.27085714,931.7358367,93.27085714,18.65387755,18.65387755,18.65387755,18.65387755,37.3077551,7.510040816,5.571918367,1.938122449,1.938122449,18.65387755,1.8,8,20,0,0
124,PPK_20250616_A4,GFP-Gext,0.060267106,2.781648007,1.431384876,0.000405199,3.941432887,50,100,2,2,1,1,3.5,1,0.02,2,0.3,5.725714286,plamGFP,2,0,1,130.3361633,3.633795918,40.94155102,15.02008163,2.180571429,7.025142857,23.49991837,17.928,1.45322449,74.61697959,7.510040816,11.87118367,4.361142857,31.73583673,18.65387755,3.633795918,11.62873469,11.62873469,1.21077551,3.391346939,18.65387755,74.61697959,18.65387755,93.27085714,931.7358367,93.27085714,18.65387755,18.65387755,18.65387755,18.65387755,37.3077551,7.510040816,5.571918367,1.938122449,1.938122449,18.65387755,1.8,8,20,0,0
125,PPK_20250616_A7,GFP-Gext,0.054736924,2.767596916,1.348096556,0.000572689,3.942728555,50,100,2,2,1,1,3.5,1,0.02,2,0.3,5.725714286,plamGFP,2,0,1,130.3361633,3.633795918,40.94155102,15.02008163,2.180571429,7.025142857,23.49991837,17.928,1.45322449,74.61697959,7.510040816,11.87118367,4.361142857,31.73583673,18.65387755,3.633795918,11.62873469,11.62873469,1.21077551,3.391346939,18.65387755,74.61697959,18.65387755,93.27085714,931.7358367,93.27085714,18.65387755,18.65387755,18.65387755,18.65387755,37.3077551,7.510040816,5.571918367,1.938122449,1.938122449,18.65387755,1.8,8,20,0,0
126,PPK_20250616_E1,GFP-Gext,0.013130411,3.024812066,1.014780308,0.000200162,3.917797819,50,100,2,2,1,1,3.5,1,0.02,2,0.3,5.725714286,plamGFP,2,0,1,130.3361633,3.633795918,40.94155102,15.02008163,2.180571429,7.025142857,23.49991837,17.928,1.45322449,74.61697959,7.510040816,11.87118367,4.361142857,31.73583673,18.65387755,3.633795918,11.62873469,11.62873469,1.21077551,3.391346939,18.65387755,74.61697959,18.65387755,93.27085714,931.7358367,93.27085714,18.65387755,18.65387755,18.65387755,18.65387755,37.3077551,7.510040816,5.571918367,1.938122449,1.938122449,18.65387755,1.8,18,0,2,30
127,PPK_20250616_E4,GFP-Gext,0.012997801,2.983896526,1.098095647,0.000178993,3.92188859,50,100,2,2,1,1,3.5,1,0.02,2,0.3,5.725714286,plamGFP,2,0,1,130.3361633,3.633795918,40.94155102,15.02008163,2.180571429,7.025142857,23.49991837,17.928,1.45322449,74.61697959,7.510040816,11.87118367,4.361142857,31.73583673,18.65387755,3.633795918,11.62873469,11.62873469,1.21077551,3.391346939,18.65387755,74.61697959,18.65387755,93.27085714,931.7358367,93.27085714,18.65387755,18.65387755,18.65387755,18.65387755,37.3077551,7.510040816,5.571918367,1.938122449,1.938122449,18.65387755,1.8,18,0,2,30
128,PPK_20250616_E7,GFP-Gext,0.012634496,3.007663858,1.098095375,0.000178353,3.919534871,50,100,2,2,1,1,3.5,1,0.02,2,0.3,5.725714286,plamGFP,2,0,1,130.3361633,3.633795918,40.94155102,15.02008163,2.180571429,7.025142857,23.49991837,17.928,1.45322449,74.61697959,7.510040816,11.87118367,4.361142857,31.73583673,18.65387755,3.633795918,11.62873469,11.62873469,1.21077551,3.391346939,18.65387755,74.61697959,18.65387755,93.27085714,931.7358367,93.27085714,18.65387755,18.65387755,18.65387755,18.65387755,37.3077551,7.510040816,5.571918367,1.938122449,1.938122449,18.65387755,1.8,18,0,2,30
129,PPK_20250616_G1,GFP-Gext,0.117034697,2.235698388,1.598023914,0.000419718,3.986394177,50,100,2,2,1,1,3.5,1,0.02,2,0.3,5.725714286,plamGFP,2,0,1,130.3361633,3.633795918,40.94155102,15.02008163,2.180571429,7.025142857,23.49991837,17.928,1.45322449,74.61697959,7.510040816,11.87118367,4.361142857,31.73583673,18.65387755,3.633795918,11.62873469,11.62873469,1.21077551,3.391346939,18.65387755,74.61697959,18.65387755,93.27085714,931.7358367,93.27085714,18.65387755,18.65387755,18.65387755,18.65387755,37.3077551,7.510040816,5.571918367,1.938122449,1.938122449,18.65387755,1.8,18,20,2,30
130,PPK_20250616_G4,GFP-Gext,0.114907065,2.541159209,1.551377401,0.000663852,3.997202512,50,100,2,2,1,1,3.5,1,0.02,2,0.3,5.725714286,plamGFP,2,0,1,130.3361633,3.633795918,40.94155102,15.02008163,2.180571429,7.025142857,23.49991837,17.928,1.45322449,74.61697959,7.510040816,11.87118367,4.361142857,31.73583673,18.65387755,3.633795918,11.62873469,11.62873469,1.21077551,3.391346939,18.65387755,74.61697959,18.65387755,93.27085714,931.7358367,93.27085714,18.65387755,18.65387755,18.65387755,18.65387755,37.3077551,7.510040816,5.571918367,1.938122449,1.938122449,18.65387755,1.8,18,20,2,30
131,PPK_20250616_G7,GFP-Gext,0.112343501,2.591821904,1.538104238,0.000566232,4.008836039,50,100,2,2,1,1,3.5,1,0.02,2,0.3,5.725714286,plamGFP,2,0,1,130.3361633,3.633795918,40.94155102,15.02008163,2.180571429,7.025142857,23.49991837,17.928,1.45322449,74.61697959,7.510040816,11.87118367,4.361142857,31.73583673,18.65387755,3.633795918,11.62873469,11.62873469,1.21077551,3.391346939,18.65387755,74.61697959,18.65387755,93.27085714,931.7358367,93.27085714,18.65387755,18.65387755,18.65387755,18.65387755,37.3077551,7.510040816,5.571918367,1.938122449,1.938122449,18.65387755,1.8,18,20,2,30