,Well,[Amino_Acids]_(mM),[ATP]_(mM),[Creatine_phosphate]_(mM),[GTP]_(mM),[Magnesium_acetate]_(mM),[Potassium_glutamate]_(mM),[tRNA]_(ug/uL),Velocity_Time,Velocity_data_normalized,Velocity_Max,Lag_Time,Lag_data_normalized,Steady_State_Time,Steady_State_data_normalized,Fit_params,Fit_R^2,Fit_drift,Fit_good_fit,steady_state (binned),row,col,row_i,snake_col,dispense_order
0,F9,0.3885,1.7,22.0,2.9,8.0,97.5,3.535,0 days 00:57:42.635813677,0.1955836779035564,0.2079301389370352,0 days 00:01:16.396357515,-0.007959651787583372,0 days 02:20:47.923536436,0.3716089880167572,[0.39116736 2.12625247 0.96184328 0.01367258 4.01373321],0.9939461906647772,0.013672580967234008,True,0.2-0.4,F,9,5,7,82
1,F10,0.3115,2.9,34.0,1.9,21.0,97.5,2.905,0 days 01:02:50.784746528,0.09820174895237695,0.11000972390838402,0 days 00:09:17.193404538,-0.0011673209730448351,0 days 02:21:41.896550980,0.1865833230095162,[0.1964035  2.24048401 1.04744021 0.00635028 4.02534162],0.9985096234013532,0.006350284136219208,True,0.05-0.2,F,10,5,6,81
2,F11,0.322,2.6,60.0,2.6,10.0,40.0,3.99,0 days 00:39:43.360498972,0.02726358690531269,0.05243915488586891,0 days 00:08:31.688212801,-0.0010984425289859868,0 days 01:25:38.872915356,0.05180081512009411,"[5.45271738e-02 3.84682728e+00 6.62044583e-01 1.87198250e-03
 4.20106296e+00]",0.9892675173569176,0.0018719825023809627,True,0.05-0.2,F,11,5,5,80
3,F12,0.3605,2.3,60.0,2.1,25.0,97.5,3.5,0 days 01:05:14.263351818,0.16519579274245072,0.15142132248323656,-1 days +23:59:46.779135965,-0.016188177254185337,0 days 02:41:36.382158222,0.31387200621065636,[0.33039159 1.83323461 1.08729538 0.00957149 5.80230115],0.9980821421625686,0.009571490215896157,True,0.2-0.4,F,12,5,4,79
4,F13,0.399,2.6,0.0,2.5,8.0,107.5,3.255,0 days 01:00:00.739639846,0.05223832438624288,0.08420814849308571,0 days 00:22:47.488211961,0.008409775343436112,0 days 01:54:48.575915874,0.09925281633386147,"[1.04476649e-01 3.22399884e+00 1.00020546e+00 1.07619970e-03
 4.13766083e+00]",0.9985638594277818,0.0010761997018970933,True,0.05-0.2,F,13,5,3,78
5,F14,0.3045,1.9,24.0,2.3,4.0,82.5,3.955,0 days 00:36:50.046508854,0.034810953070526736,0.08107067218939598,0 days 00:11:04.241746924,0.0057893516226922145,0 days 01:14:45.810405196,0.0661408108340008,"[6.96219061e-02 4.65776803e+00 6.13901808e-01 6.17844845e-04
 4.24666901e+00]",0.9978602642714908,0.0006178448447578884,True,0.05-0.2,F,14,5,2,77
6,F15,0.399,2.6,0.0,1.8,4.0,57.5,2.135,0 days 01:02:03.335671039,0.026945778048475318,0.036039082505997175,0 days 00:17:11.679995295,0.00384365120915458,0 days 02:08:06.043616062,0.0511969782921031,"[5.38915561e-02 2.67493352e+00 1.03425991e+00 6.81179232e-04
 4.07468468e+00]",0.99822873062915,0.0006811792315553233,True,0.05-0.2,F,15,5,1,76
7,G9,0.2905,3.0,60.0,1.4,1.0,40.0,2.345,0 days 05:45:22.087936803,0.0035841753525470664,0.002391701519179435,0 days 04:15:27.170900701,0.000771019930265466,0 days 07:57:44.589940855,0.006809933169839426,"[ 7.16835071e-03  1.33458957e+00  5.75613554e+00 -2.62773990e-04
  3.93990409e+00]",0.1688157092586775,-0.0002627739896475672,False,0-0.05,G,9,6,9,99
8,G10,0.1925,2.5,0.0,2.6,22.0,180.0,2.87,0 days 00:45:18.211270622,0.002991536171284343,0.0042586940568941495,0 days 00:03:09.377295840,-3.9445448509769295e-05,0 days 01:47:21.209933299,0.005683918725440252,"[5.98307234e-03 2.84716200e+00 7.55058686e-01 1.86143254e-04
 4.09597000e+00]",0.9923283820641126,0.00018614325409691012,True,0-0.05,G,10,6,10,100
9,G11,0.399,2.0,60.0,3.1,12.0,40.0,3.22,0 days 00:57:16.196846738,0.09527342415943654,0.10937245615196524,0 days 00:05:00.267206665,-0.0030150124826541745,0 days 02:14:12.973579731,0.18101950590292942,[0.19054685 2.29596988 0.95449912 0.0065502  4.01133948],0.9958745869438659,0.006550203536935295,True,0.05-0.2,G,11,6,11,101
10,G12,0.259,2.6,60.0,3.0,6.0,55.0,3.99,0 days 00:29:29.169888234,0.005606512324297537,0.011531821421258496,0 days 00:00:18.930820798,-0.00020573823133084469,0 days 01:12:25.905954398,0.010652373416165319,"[1.12130246e-02 4.11372374e+00 4.91436080e-01 3.65959767e-04
 4.21982987e+00]",0.9957280713481115,0.00036595976722783753,True,0-0.05,G,12,6,12,102
11,G13,0.399,1.9,30.0,1.9,6.0,65.0,2.135,0 days 00:54:00.297470102,0.0697091560757879,0.06568829332948026,-1 days +23:50:19.936958972,-0.006295320346131575,0 days 02:27:44.706671676,0.132447396543997,[0.13941831 1.88463889 0.90008263 0.00558001 3.9453864 ],0.9930209435160176,0.005580008945636142,True,0.05-0.2,G,13,6,13,103
12,G14,0.3115,2.4,0.0,2.2,9.0,160.0,1.925,0 days 00:48:16.645290076,0.0762390342511845,0.1428294189017916,0 days 00:16:15.048707066,0.0113287301027609,0 days 01:35:25.657230587,0.14485416507725055,"[1.52478069e-01 3.74688426e+00 8.04623692e-01 1.74585843e-03
 4.19275777e+00]",0.9969835136146217,0.001745858426074662,True,0.05-0.2,G,14,6,14,104
13,G15,0.287,2.7,31.0,3.3,5.0,40.0,3.885,0 days 00:31:35.305215182,0.013362444476447655,0.0378781848863228,0 days 00:10:25.318275034,0.002227673271508463,0 days 01:02:45.004739715,0.025388644505250545,"[2.67248890e-02 5.66934964e+00 5.26473671e-01 2.35033253e-04
 4.24976777e+00]",0.9950074505335765,0.00023503325311628962,True,0-0.05,G,15,6,15,105
14,H9,0.252,3.6,60.0,2.0,22.0,67.5,3.325,0 days 01:14:52.356620011,0.2835689192654762,0.21219724357810196,-1 days +23:54:41.511332182,-0.03686797368871601,0 days 03:12:54.976814107,0.5387809466044048,[0.56713784 1.49661849 1.24787684 0.01714186 6.00611111],0.9958001224070279,0.017141863434514574,True,>0.4,H,9,7,7,112
15,H10,0.3465,2.8,3.0,1.7,2.0,75.0,2.555,0 days 00:32:39.109160691,0.016550377929653897,0.049310013094565924,0 days 00:12:30.807705434,0.0030434814352638577,0 days 01:02:17.994111392,0.0314457180663424,"[3.31007559e-02 5.95877790e+00 5.44196989e-01 2.23951029e-04
 4.23723032e+00]",0.9902427841568336,0.00022395102943823582,True,0-0.05,H,10,7,6,111
16,H11,0.2275,2.4,8.0,2.7,6.0,95.0,3.78,0 days 00:51:47.195750466,0.09029394679942482,0.1662047272631916,0 days 00:19:11.425815951,0.01503612737195429,0 days 01:39:46.518364512,0.17155849891890715,"[1.80587894e-01 3.68141461e+00 8.63109931e-01 1.67823858e-03
 4.18727467e+00]",0.9955906015181977,0.0016782385796691556,True,0.05-0.2,H,11,7,5,110
17,H12,0.399,2.7,60.0,2.6,25.0,180.0,1.995,0 days 01:16:38.853770383,0.10883044520927936,0.07679015463857042,-1 days +23:51:36.772590485,-0.015579386400923299,0 days 03:21:50.237120300,0.20677784589763076,[0.21766089 1.41118884 1.27745938 0.01017922 3.9396227 ],0.9986159792257743,0.010179221995441792,True,0.2-0.4,H,12,7,4,109
18,H13,0.2765,3.7,60.0,2.9,24.0,85.0,2.24,0 days 01:10:37.140526365,0.2269641499717389,0.22682286933338242,0 days 00:10:34.898202289,-0.0030389917080882456,0 days 02:39:00.431881534,0.4312318849463039,[0.4539283  1.99875504 1.17698348 0.01497489 3.99265468],0.9972858988080006,0.014974886722506768,True,>0.4,H,13,7,3,108
19,H14,0.3465,2.1,0.0,2.2,4.0,112.5,3.29,0 days 00:50:16.453449384,0.034678172304791574,0.06601385787123541,0 days 00:18:45.313856146,0.0063484693677620715,0 days 01:36:40.626015505,0.06588852737910399,"[6.93563446e-02 3.80722821e+00 8.37903736e-01 4.93924811e-04
 4.19781328e+00]",0.9953945170044817,0.0004939248110944093,True,0.05-0.2,H,14,7,2,107
20,H15,0.3535,1.9,20.0,2.0,8.0,100.0,1.365,0 days 01:09:46.554052384,0.265154537353408,0.2761619499402593,0 days 00:12:10.044801979,0.008989477370396265,0 days 02:34:35.294336191,0.5037936209714752,[0.53030907 2.08302639 1.16293168 0.01026608 5.48474073],0.9958969828160477,0.010266077613758934,True,>0.4,H,15,7,1,106
21,I9,0.259,2.4,44.0,2.7,1.0,40.0,2.625,0 days 05:20:22.071109891,0.0026084211568206516,0.0015569611783231344,0 days 03:39:50.889153218,0.0006823567390004499,0 days 07:48:21.294730414,0.004956000197959238,"[ 5.21684231e-03  1.19379585e+00  5.33946420e+00 -2.23335403e-04
  3.93500154e+00]",0.6357614440535424,-0.00022333540347674522,False,0-0.05,I,9,8,9,129
22,I10,0.399,2.2,60.0,2.3,22.0,42.5,3.185,0 days 01:07:48.205169101,0.19405564928211702,0.20929644664604968,0 days 00:12:10.354246966,0.00045396274190290936,0 days 02:29:42.254349842,0.3687057336360223,[0.3881113  2.15707656 1.13005699 0.01203424 4.00951726],0.9981843703772251,0.01203424150817774,True,0.2-0.4,I,10,8,10,130
23,I11,0.399,2.6,60.0,2.5,8.0,42.5,2.415,0 days 00:35:18.437770039,0.006423511972877832,0.010396831875191304,-1 days +23:58:14.236842260,-0.0005085079458621849,0 days 01:29:52.949724608,0.01220467274846788,"[1.28470239e-02 3.23711761e+00 5.88454936e-01 4.89095605e-04
 4.14140251e+00]",0.9918629519366138,0.0004890956052961328,True,0-0.05,I,11,8,11,131
24,I12,0.399,2.2,60.0,2.7,25.0,40.0,2.73,0 days 01:13:25.704909732,0.13015472610364343,0.13687598772768403,0 days 00:16:22.482021248,0.004802208053917387,0 days 02:37:25.440362270,0.2472939795969225,[0.26030945 2.1032811  1.22380692 0.00702436 4.00669369],0.9988701202623889,0.007024362734451152,True,0.2-0.4,I,12,8,12,132
25,I13,0.3045,3.0,20.0,1.9,8.0,100.0,2.52,0 days 01:09:52.461088599,0.22881048054999373,0.253963483467068,0 days 00:15:49.011601741,0.019938452280143508,0 days 02:29:27.530635750,0.43473991304498805,[0.45762096 2.21985884 1.16457252 0.00602722 6.00611111],0.997734607998929,0.006027222092763558,True,>0.4,I,13,8,13,133
26,I14,0.3815,3.5,53.0,2.7,15.0,100.0,2.8,0 days 01:15:09.748852077,0.3246742344352378,0.30661453802110084,0 days 00:11:37.707676422,0.0008414274797666488,0 days 02:48:41.910165856,0.6168810454269518,[0.64934847 1.8887519  1.25270801 0.01317254 6.00611111],0.9980004404805312,0.013172541390660347,True,>0.4,I,14,8,14,134
27,I15,0.1505,3.2,60.0,2.3,23.0,77.5,3.85,0 days 01:04:49.110315978,0.2083505712076156,0.2160509508286848,0 days 00:06:57.419709285,-0.01129850790953666,0 days 02:30:00.200887509,0.39586608529446965,[0.41670114 2.07391753 1.08030842 0.03233776 2.00137718],0.9959337110712826,0.03233776399198385,True,0.2-0.4,I,15,8,15,135
28,J9,0.3885,2.8,13.0,2.1,8.0,102.5,3.99,0 days 01:02:02.527538467,0.1726006099146193,0.243007421771107,0 days 00:19:25.559560790,0.024453606031884206,0 days 02:04:46.945628752,0.3279411588377767,[0.34520122 2.81583503 1.03403543 0.00440857 4.11079536],0.9966896760596701,0.0044085716895857895,True,0.2-0.4,J,9,9,7,142
29,J10,0.308,2.7,4.0,1.9,12.0,112.5,1.855,0 days 00:50:16.851942189,0.007081343409148149,0.011521077722653544,0 days 00:13:24.139131045,0.000382209097800026,0 days 01:44:34.450867330,0.013454552477381481,"[1.41626868e-02 3.25392431e+00 8.38014428e-01 3.33114216e-04
 4.14402289e+00]",0.9964659746997512,0.0003331142162241302,True,0-0.05,J,10,9,6,141
30,J11,0.399,2.2,33.0,1.5,8.0,112.5,3.36,0 days 00:59:20.313826353,0.2360715048336284,0.2839540622504455,0 days 00:09:27.374015012,0.0026624538940485318,0 days 02:12:46.578147238,0.44853585918389394,[0.47214301 2.40566147 0.98897606 0.01023155 5.39809622],0.996558068914329,0.010231552524237228,True,>0.4,J,11,9,5,140
31,J12,0.399,1.9,22.0,2.3,8.0,97.5,3.15,0 days 01:08:25.371479785,0.2994087460496379,0.2952653743443434,0 days 00:07:34.853743311,0.007801216534895905,0 days 02:37:59.734837333,0.568876617494312,[0.59881749 1.97232297 1.14038097 0.01081329 6.00611111],0.9938219913719132,0.010813289563919635,True,>0.4,J,12,9,4,139
32,J13,0.3605,2.9,42.0,1.7,2.0,77.5,2.345,0 days 03:45:21.906733748,0.0015976314429977214,0.0009154226273100171,0 days 02:00:39.045655278,0.0006871200046594818,0 days 06:19:31.657262714,0.0030354997416956703,"[ 3.19526289e-03  1.14597473e+00  3.75608520e+00 -1.59240640e-04
  3.93394387e+00]",0.9728541249753414,-0.00015924063951712467,True,0-0.05,J,13,9,3,138
33,J14,0.3395,3.5,0.0,2.1,7.0,125.0,2.94,0 days 00:58:29.304482458,0.060726189428700124,0.0925313889346283,0 days 00:19:06.708562276,0.009414315259183435,0 days 01:56:27.564241488,0.11537975991453023,"[1.21452379e-01 3.04749532e+00 9.74806801e-01 1.33126798e-03
 4.12179386e+00]",0.9970616852086844,0.0013312679798539945,True,0.05-0.2,J,14,9,2,137
34,J15,0.2975,2.9,45.0,2.0,7.0,77.5,1.855,0 days 00:55:16.283060788,0.013581719974087369,0.019741896932544037,0 days 00:13:59.611640138,0.0015613590550074372,0 days 01:56:02.486994406,0.025805267950766,"[2.71634399e-02 2.90712766e+00 9.21189739e-01 4.33188140e-04
 4.10360464e+00]",0.9769556624708311,0.00043318813982099385,True,0-0.05,J,15,9,1,136
