,Intermediate-Mix-R4.2-1 (uL),Intermediate-Mix-R4.2-2 (uL),Intermediate-Mix-R4.2-3 (uL),Intermediate-Mix-R4.2-4 (uL),Intermediate-Mix-R4.2-5 (uL),Intermediate-Mix-R4.2-6 (uL),Intermediate-Mix-R4.2-7 (uL),Intermediate-Mix-R4.2-8 (uL)
Control,1.9500000000000002,1.1500000000000001,0.65,0.2,0.0,1.6,0.0,3.9499999999999993
GES-R4.2-1,1.55,0.8,0.25,0.25,1.2,5.05,0.05,0.35000000000000003
GES-R4.2-2,1.45,1.1500000000000001,0.6,0.15,1.6,3.9000000000000004,0.0,0.65
GES-R4.2-3,0.8500000000000001,0.15,0.7000000000000001,0.3,2.1,4.8,0.05,0.55
GES-R4.2-4,0.35000000000000003,1.0,1.0,0.05,1.35,4.8,0.15,0.8
GES-R4.2-5,0.2,1.75,1.05,0.15,0.44999999999999996,5.8,0.1,0.0
GES-R4.2-6,1.1500000000000001,0.15,1.7000000000000002,0.15,0.05,5.75,0.55,0.0
GES-R4.2-7,1.4000000000000001,0.15,2.4,0.05,0.15,4.1,0.25,1.0
GES-R4.2-8,2.0,0.5,0.05,0.35000000000000003,2.1,3.7,0.1,0.7000000000000001
GES-R4.2-9,0.65,1.35,0.75,0.2,2.0,3.2,0.05,1.3
GES-R4.2-10,1.1,1.0,0.05,0.05,4.25,2.8000000000000003,0.05,0.2
GES-R4.2-11,1.75,0.1,0.8999999999999999,0.25,2.6,2.9,0.25,0.75
GES-R4.2-12,1.1,0.35000000000000003,0.3,1.9500000000000002,1.0,4.3,0.15,0.35000000000000003
GES-R4.2-13,2.9499999999999997,0.05,0.25,0.1,0.95,4.35,0.15,0.7000000000000001
GES-R4.2-14,0.15,0.55,2.8499999999999996,0.5,1.5,3.5999999999999996,0.15,0.2
GES-R4.2-15,0.25,0.4,0.6,0.95,2.75,3.5999999999999996,0.1,0.8500000000000001
GES-R4.2-16,1.1,0.05,0.15,1.9500000000000002,0.5,5.0,0.2,0.55
GES-R4.2-17,2.1,0.1,0.8,0.4,0.1,5.05,0.7000000000000001,0.25
GES-R4.2-18,1.6,1.3,1.2,0.75,0.05,4.1499999999999995,0.05,0.4
GES-R4.2-19,2.15,0.7000000000000001,0.2,0.75,1.25,3.7,0.1,0.65
GES-R4.2-20,1.75,0.25,1.45,0.6,2.25,2.8499999999999996,0.25,0.1
GES-R4.2-21,0.75,0.25,0.35000000000000003,1.05,0.1,5.8999999999999995,0.7000000000000001,0.4
GES-R4.2-22,1.1,1.3,0.55,0.3,3.5999999999999996,2.25,0.1,0.3
GES-R4.2-23,1.2,0.1,2.25,0.05,1.55,3.25,0.75,0.35000000000000003
GES-R4.2-24,1.7000000000000002,0.7000000000000001,0.3,0.44999999999999996,1.75,3.55,0.55,0.5
GES-R4.2-25,1.35,0.4,0.0,0.1,2.6,3.35,0.1,1.6
GES-R4.2-26,1.75,0.1,0.8,0.15,0.44999999999999996,3.9000000000000004,0.44999999999999996,1.9
GES-R4.2-27,1.45,0.1,0.2,2.0,2.3000000000000003,3.1,0.1,0.25
GES-R4.2-28,0.4,1.1,1.4000000000000001,0.0,1.25,3.8,1.4000000000000001,0.15
GES-R4.2-29,0.3,0.35000000000000003,0.25,2.15,0.7000000000000001,4.1499999999999995,0.44999999999999996,1.1500000000000001
GES-R4.2-30,2.7,0.44999999999999996,0.8999999999999999,0.6,1.35,3.2,0.1,0.2
GES-R4.2-31,0.2,1.2,0.05,0.6,0.55,3.85,0.05,3.0
GES-R4.2-32,0.55,0.05,2.75,0.35000000000000003,3.1,1.5,0.05,1.1500000000000001
GES-R4.2-33,1.0,0.05,1.25,0.15,4.75,1.6,0.44999999999999996,0.25
GES-R4.2-34,0.3,1.6,0.65,0.05,3.15,1.9,0.35000000000000003,1.5
GES-R4.2-35,1.05,1.7000000000000002,0.25,0.8,0.35000000000000003,3.85,1.1500000000000001,0.35000000000000003
GES-R4.2-36,0.6,0.1,1.5,0.1,1.35,3.95,1.35,0.55
GES-R4.2-37,2.75,0.2,0.95,0.05,0.3,3.15,0.25,1.85
GES-R4.2-38,1.4000000000000001,1.1,0.65,0.2,0.05,4.2,1.35,0.55
GES-R4.2-39,1.1500000000000001,0.1,1.45,0.6,0.05,3.15,0.1,2.9
GES-R4.2-40,1.1500000000000001,1.2,0.25,0.25,2.25,2.9499999999999997,0.7000000000000001,0.75
GES-R4.2-41,1.9500000000000002,0.95,0.3,0.35000000000000003,2.7,2.2,0.2,0.8500000000000001
GES-R4.2-42,1.9500000000000002,0.05,1.35,0.6,0.05,3.25,0.2,2.05
GES-R4.2-43,2.9,0.0,1.7000000000000002,0.0,0.1,3.1,0.4,1.3
GES-R4.2-44,2.0,0.65,0.4,0.4,0.1,3.25,0.1,2.6
GES-R4.2-45,1.75,0.05,0.8,0.65,0.44999999999999996,4.1,1.1500000000000001,0.55
GES-R4.2-46,1.35,0.3,1.4000000000000001,0.1,0.75,2.75,0.35000000000000003,2.5
GES-R4.2-47,2.3000000000000003,0.44999999999999996,2.2,0.05,1.05,2.0,0.2,1.25
GES-R4.2-48,0.0,0.35000000000000003,2.4,0.0,1.4000000000000001,1.75,0.2,3.4000000000000004
GES-R4.2-49,3.1,0.15,0.1,0.2,3.4499999999999997,1.6500000000000001,0.05,0.8
GES-R4.2-50,1.55,0.25,1.2,0.4,3.4499999999999997,1.1500000000000001,0.2,1.3
GES-R4.2-51,1.1,0.1,1.1500000000000001,0.2,1.0,2.4,0.05,3.5
GES-R4.2-52,1.1,0.5,1.55,0.05,1.9,2.4,0.75,1.25
GES-R4.2-53,2.05,0.05,0.7000000000000001,1.1,2.0,2.8000000000000003,0.7000000000000001,0.1
GES-R4.2-54,2.3000000000000003,0.8999999999999999,0.5,0.25,0.95,3.3000000000000003,0.8500000000000001,0.44999999999999996
GES-R4.2-55,2.3000000000000003,0.25,1.7999999999999998,0.25,0.5,3.05,1.2,0.15
GES-R4.2-56,2.3000000000000003,0.2,0.0,1.2,0.75,3.85,1.2,0.0
GES-R4.2-57,1.7999999999999998,0.95,0.0,0.3,2.8499999999999996,1.55,0.05,2.0
GES-R4.2-58,1.7999999999999998,1.1,0.25,0.15,0.75,2.55,0.1,2.8000000000000003
GES-R4.2-59,2.0,0.1,2.0,0.1,1.9,1.3,0.3,1.7999999999999998
GES-R4.2-60,0.65,0.44999999999999996,1.4000000000000001,0.1,1.45,2.1,0.55,2.8000000000000003
GES-R4.2-61,1.75,0.15,0.25,2.3499999999999996,0.8500000000000001,2.9,0.4,0.8500000000000001
GES-R4.2-62,1.35,1.05,0.05,0.8999999999999999,1.6,3.15,1.3,0.1
GES-R4.2-63,1.5,0.3,1.25,0.15,1.9,2.6500000000000004,1.05,0.7000000000000001
GES-R4.2-64,2.6500000000000004,0.25,0.25,0.25,1.1,2.25,0.25,2.5
GES-R4.2-65,1.45,0.44999999999999996,1.4000000000000001,1.0,0.4,2.3499999999999996,0.25,2.2
GES-R4.2-66,1.9,0.65,0.25,0.05,2.3000000000000003,1.5,0.1,2.75
GES-R4.2-67,1.5,0.5,0.05,1.2,0.7000000000000001,2.8000000000000003,0.15,2.6
GES-R4.2-68,2.1,0.1,0.6,0.75,0.95,2.5,0.35000000000000003,2.15
GES-R4.2-69,1.1500000000000001,1.45,0.35000000000000003,0.7000000000000001,0.25,2.3499999999999996,0.4,2.8499999999999996
GES-R4.2-70,1.7999999999999998,0.35000000000000003,0.2,1.75,0.35000000000000003,2.9,1.1500000000000001,1.0
GES-R4.2-71,1.1500000000000001,0.05,1.4000000000000001,1.1,0.8999999999999999,2.05,0.3,2.55
GES-R4.2-72,1.7999999999999998,0.8500000000000001,0.55,0.35000000000000003,1.7999999999999998,1.6500000000000001,0.05,2.45
GES-R4.2-73,2.2,0.35000000000000003,0.5,1.25,0.1,2.75,0.8,1.55
GES-R4.2-74,1.55,0.1,0.55,1.3,1.9,2.1,0.44999999999999996,1.55
GES-R4.2-75,1.6,1.05,0.8500000000000001,0.0,1.7000000000000002,1.85,0.65,1.7999999999999998
GES-R4.2-76,1.75,0.5,1.45,0.0,0.6,1.0,0.05,4.1499999999999995
