experiment_id,Plate,Well,Read,Experiment,Name,Type,PMix ID,Ribosome ID,SMS ID,tRNA ID,DNA ID,SMS Vol (uL),Water vol (uL),Reader,HasCP,Gain,Read Type,Read_new,[HEPES] (mM),[ATP] (mM),[GTP] (mM),[CTP] (mM),[UTP] (mM),[tRNA] (ug/uL),[TCEP] (mM),[Folinic acid] (mM),[Spermidine] (mM),[Amino acid mix] (mM),[DNA] (ng/uL),DNA MW (MDa),[DNA] (nM),Product,[PEG4K 40%] (%),[RNAse Inhib stock] (U/mL),[RNAse Inhib] (U/mL),IsNEB,Date,[PMix stock] (mg/mL),[Ribosome stock] (uM),[tRNA stock] (ug/uL),[DNA stock] (ng/uL),PMix Vol (uL),[PMix] (mg/mL),Ribosome Vol (uL),[Ribosome] (uM),tRNA Vol (uL),DNA Vol (uL),RNase Inhib Vol (uL),Rxn Volume (uL),[Magnesium acetate] (mM),[Creatine phosphate] (mM),[PPK] (uM),[PolyP] (mM),[Potassium glutamate] (mM),sigmoid_steady_state (ng/uL),sigmoid_rate (1/h),sigmoid_time_offset (h),failure
PMix-AR-898_B2,1,B2,GFP-M-Gext,PMix-AR-898,AR-898 (16.25 mg/mL),Sample,AR-898,AR-898,AR-895,AR-838,AR-804,3.0,2.0,Cytation5,,ext,M,GFP-M-Gext,50.0,2.0,2.0,1.0,1.0,3.5,1.0,0.02,2.0,0.3,6.25,1.851,3.376553214,plamGFP,0.0,40000.0,2000.0,0.0,2025-12-03,16.25,10.0,35.0,125.0,1.2,1.95,1.8,1.8,1.0,0.5,0.5,10.0,8.0,20.0,0.0,0.0,100.0,35.50608461154065,3.128812596685446,1.3529580559009726,False
PMix-AR-898_B4,1,B4,GFP-M-Gext,PMix-AR-898,AR-898 (15 mg/mL),Sample,AR-898,AR-898,AR-895,AR-838,AR-804,3.0,2.0,Cytation5,,ext,M,GFP-M-Gext,50.0,2.0,2.0,1.0,1.0,3.5,1.0,0.02,2.0,0.3,6.25,1.851,3.376553214,plamGFP,0.0,40000.0,2000.0,0.0,2025-12-03,15.0,10.0,35.0,125.0,1.2,1.8,1.8,1.8,1.0,0.5,0.5,10.0,8.0,20.0,0.0,0.0,100.0,35.47453377551,3.431827944932681,1.2819948298911086,False
PMix-AR-898_B10,1,B10,GFP-M-Gext,PMix-AR-898,AR-898 (15 mg/mL) + BE Rib (12.14 uM),Sample,AR-898,AR-898.1,AR-895,AR-838,AR-804,3.0,2.0,Cytation5,,ext,M,GFP-M-Gext,50.0,2.0,2.0,1.0,1.0,3.5,1.0,0.02,2.0,0.3,6.25,1.851,3.376553214,plamGFP,0.0,40000.0,2000.0,0.0,2025-12-03,15.0,12.14,35.0,125.0,1.2,1.8,1.8,2.1852,1.0,0.5,0.5,10.0,8.0,20.0,0.0,0.0,100.0,44.14543201421161,2.785778884222818,1.4141286840067064,False
PMix-AR-898_B12,1,B12,GFP-M-Gext,PMix-AR-898,AR-898 (15 mg/mL) + BE Rib (10 uM),Sample,AR-898,AR-898.1,AR-895,AR-838,AR-804,3.0,2.0,Cytation5,,ext,M,GFP-M-Gext,50.0,2.0,2.0,1.0,1.0,3.5,1.0,0.02,2.0,0.3,6.25,1.851,3.376553214,plamGFP,0.0,40000.0,2000.0,0.0,2025-12-03,15.0,10.0,35.0,125.0,1.2,1.8,1.8,1.8,1.0,0.5,0.5,10.0,8.0,20.0,0.0,0.0,100.0,39.1142249509253,2.5419415860940875,1.4958240723182616,False
PMix-AR-898_D2,1,D2,GFP-M-Gext,PMix-AR-898,AR-898 (16.25 mg/mL),Sample,AR-898,AR-898,AR-895,AR-838,AR-804,3.0,2.0,Cytation5,,ext,M,GFP-M-Gext,50.0,2.0,2.0,1.0,1.0,3.5,1.0,0.02,2.0,0.3,6.25,1.851,3.376553214,plamGFP,0.0,40000.0,2000.0,0.0,2025-12-03,16.25,10.0,35.0,125.0,1.2,1.95,1.8,1.8,1.0,0.5,0.5,10.0,8.0,20.0,0.0,0.0,100.0,38.05636759325358,3.4933226596479097,1.2655362602173732,False
PMix-AR-898_D4,1,D4,GFP-M-Gext,PMix-AR-898,AR-898 (15 mg/mL),Sample,AR-898,AR-898,AR-895,AR-838,AR-804,3.0,2.0,Cytation5,,ext,M,GFP-M-Gext,50.0,2.0,2.0,1.0,1.0,3.5,1.0,0.02,2.0,0.3,6.25,1.851,3.376553214,plamGFP,0.0,40000.0,2000.0,0.0,2025-12-03,15.0,10.0,35.0,125.0,1.2,1.8,1.8,1.8,1.0,0.5,0.5,10.0,8.0,20.0,0.0,0.0,100.0,35.50672112916327,3.440879896610483,1.2775227437998982,False
PMix-AR-898_D10,1,D10,GFP-M-Gext,PMix-AR-898,AR-898 (15 mg/mL) + BE Rib (12.14 uM),Sample,AR-898,AR-898.1,AR-895,AR-838,AR-804,3.0,2.0,Cytation5,,ext,M,GFP-M-Gext,50.0,2.0,2.0,1.0,1.0,3.5,1.0,0.02,2.0,0.3,6.25,1.851,3.376553214,plamGFP,0.0,40000.0,2000.0,0.0,2025-12-03,15.0,12.14,35.0,125.0,1.2,1.8,1.8,2.1852,1.0,0.5,0.5,10.0,8.0,20.0,0.0,0.0,100.0,40.97150637029729,3.055830017252575,1.3527840372546633,False
PMix-AR-898_D12,1,D12,GFP-M-Gext,PMix-AR-898,AR-898 (15 mg/mL) + BE Rib (10 uM),Sample,AR-898,AR-898.1,AR-895,AR-838,AR-804,3.0,2.0,Cytation5,,ext,M,GFP-M-Gext,50.0,2.0,2.0,1.0,1.0,3.5,1.0,0.02,2.0,0.3,6.25,1.851,3.376553214,plamGFP,0.0,40000.0,2000.0,0.0,2025-12-03,15.0,10.0,35.0,125.0,1.2,1.8,1.8,1.8,1.0,0.5,0.5,10.0,8.0,20.0,0.0,0.0,100.0,37.27761785293134,2.8804498821007583,1.3994646833562883,False
PMix-AR-898_F2,1,F2,GFP-M-Gext,PMix-AR-898,AR-898 (16.25 mg/mL),Sample,AR-898,AR-898,AR-895,AR-838,AR-804,3.0,2.0,Cytation5,,ext,M,GFP-M-Gext,50.0,2.0,2.0,1.0,1.0,3.5,1.0,0.02,2.0,0.3,6.25,1.851,3.376553214,plamGFP,0.0,40000.0,2000.0,0.0,2025-12-03,16.25,10.0,35.0,125.0,1.2,1.95,1.8,1.8,1.0,0.5,0.5,10.0,8.0,20.0,0.0,0.0,100.0,37.29961578286046,3.3646855385453067,1.2770799347234574,False
PMix-AR-898_F4,1,F4,GFP-M-Gext,PMix-AR-898,AR-898 (15 mg/mL),Sample,AR-898,AR-898,AR-895,AR-838,AR-804,3.0,2.0,Cytation5,,ext,M,GFP-M-Gext,50.0,2.0,2.0,1.0,1.0,3.5,1.0,0.02,2.0,0.3,6.25,1.851,3.376553214,plamGFP,0.0,40000.0,2000.0,0.0,2025-12-03,15.0,10.0,35.0,125.0,1.2,1.8,1.8,1.8,1.0,0.5,0.5,10.0,8.0,20.0,0.0,0.0,100.0,32.81989308831693,3.2650918255183976,1.3159378023237236,False
PMix-AR-898_F10,1,F10,GFP-M-Gext,PMix-AR-898,AR-898 (15 mg/mL) + BE Rib (12.14 uM),Sample,AR-898,AR-898.1,AR-895,AR-838,AR-804,3.0,2.0,Cytation5,,ext,M,GFP-M-Gext,50.0,2.0,2.0,1.0,1.0,3.5,1.0,0.02,2.0,0.3,6.25,1.851,3.376553214,plamGFP,0.0,40000.0,2000.0,0.0,2025-12-03,15.0,12.14,35.0,125.0,1.2,1.8,1.8,2.1852,1.0,0.5,0.5,10.0,8.0,20.0,0.0,0.0,100.0,31.773224463653563,3.1313888308680826,1.294079705152874,False
PMix-AR-898_F12,1,F12,GFP-M-Gext,PMix-AR-898,AR-898 (15 mg/mL) + BE Rib (10 uM),Sample,AR-898,AR-898.1,AR-895,AR-838,AR-804,3.0,2.0,Cytation5,,ext,M,GFP-M-Gext,50.0,2.0,2.0,1.0,1.0,3.5,1.0,0.02,2.0,0.3,6.25,1.851,3.376553214,plamGFP,0.0,40000.0,2000.0,0.0,2025-12-03,15.0,10.0,35.0,125.0,1.2,1.8,1.8,1.8,1.0,0.5,0.5,10.0,8.0,20.0,0.0,0.0,100.0,31.772156850278588,3.3169542486078556,1.2802272591118964,False
PMix_(AR-931)_QC_PURE_Timecourse_B2,2,B2,GFP-M-Gext,PMix_(AR-931)_QC_PURE_Timecourse,AR-931 + AR-906,Sample,AR-931,AR-906,AR-895,AR-901,AR-931,3.0,2.0,Cytation5,,ext,M,GFP-M-Gext,50.0,2.0,2.0,1.0,1.0,3.5,1.0,0.02,2.0,0.3,5.9,1.851,3.187466234,plamGFP,0.0,40000.0,2000.0,0.0,2026-01-05,15.0,18.0,35.0,118.0,1.2,1.8,1.8,3.24,1.0,0.5,0.5,10.0,8.0,20.0,0.0,0.0,100.0,41.75266860217514,3.93522609422207,0.8994212562010326,False
PMix_(AR-931)_QC_PURE_Timecourse_B6,2,B6,GFP-M-Gext,PMix_(AR-931)_QC_PURE_Timecourse,AR-931 + AR-855,Sample,AR-931,AR-855,AR-895,AR-901,AR-931,3.0,2.0,Cytation5,,ext,M,GFP-M-Gext,50.0,2.0,2.0,1.0,1.0,3.5,1.0,0.02,2.0,0.3,5.9,1.851,3.187466234,plamGFP,0.0,40000.0,2000.0,0.0,2026-01-05,15.0,10.0,35.0,118.0,1.2,1.8,1.8,1.8,1.0,0.5,0.5,10.0,8.0,20.0,0.0,0.0,100.0,39.19062128430731,3.3467130859349496,0.9666317219328973,False
PMix_(AR-931)_QC_PURE_Timecourse_B8,2,B8,GFP-M-Gext,PMix_(AR-931)_QC_PURE_Timecourse,AR-931 + AR-904,Sample,AR-931,AR-904,AR-895,AR-901,AR-931,3.0,2.0,Cytation5,,ext,M,GFP-M-Gext,50.0,2.0,2.0,1.0,1.0,3.5,1.0,0.02,2.0,0.3,5.9,1.851,3.187466234,plamGFP,0.0,40000.0,2000.0,0.0,2026-01-05,15.0,10.0,35.0,118.0,1.2,1.8,1.8,1.8,1.0,0.5,0.5,10.0,8.0,20.0,0.0,0.0,100.0,41.04515916223137,3.059642701727876,1.0654344015446067,False
PMix_(AR-931)_QC_PURE_Timecourse_D2,2,D2,GFP-M-Gext,PMix_(AR-931)_QC_PURE_Timecourse,AR-931 + AR-906,Sample,AR-931,AR-906,AR-895,AR-901,AR-931,3.0,2.0,Cytation5,,ext,M,GFP-M-Gext,50.0,2.0,2.0,1.0,1.0,3.5,1.0,0.02,2.0,0.3,5.9,1.851,3.187466234,plamGFP,0.0,40000.0,2000.0,0.0,2026-01-05,15.0,18.0,35.0,118.0,1.2,1.8,1.8,3.24,1.0,0.5,0.5,10.0,8.0,20.0,0.0,0.0,100.0,41.217508390206774,3.888182028515544,0.8941306355408613,False
PMix_(AR-931)_QC_PURE_Timecourse_D6,2,D6,GFP-M-Gext,PMix_(AR-931)_QC_PURE_Timecourse,AR-931 + AR-855,Sample,AR-931,AR-855,AR-895,AR-901,AR-931,3.0,2.0,Cytation5,,ext,M,GFP-M-Gext,50.0,2.0,2.0,1.0,1.0,3.5,1.0,0.02,2.0,0.3,5.9,1.851,3.187466234,plamGFP,0.0,40000.0,2000.0,0.0,2026-01-05,15.0,10.0,35.0,118.0,1.2,1.8,1.8,1.8,1.0,0.5,0.5,10.0,8.0,20.0,0.0,0.0,100.0,38.708084441080416,3.326827859501217,0.9593142798216628,False
PMix_(AR-931)_QC_PURE_Timecourse_D8,2,D8,GFP-M-Gext,PMix_(AR-931)_QC_PURE_Timecourse,AR-931 + AR-904,Sample,AR-931,AR-904,AR-895,AR-901,AR-931,3.0,2.0,Cytation5,,ext,M,GFP-M-Gext,50.0,2.0,2.0,1.0,1.0,3.5,1.0,0.02,2.0,0.3,5.9,1.851,3.187466234,plamGFP,0.0,40000.0,2000.0,0.0,2026-01-05,15.0,10.0,35.0,118.0,1.2,1.8,1.8,1.8,1.0,0.5,0.5,10.0,8.0,20.0,0.0,0.0,100.0,42.6052321360505,3.2218120373617105,1.0339943414928603,False
PMix_(AR-931)_QC_PURE_Timecourse_F2,2,F2,GFP-M-Gext,PMix_(AR-931)_QC_PURE_Timecourse,AR-931 + AR-906,Sample,AR-931,AR-906,AR-895,AR-901,AR-931,3.0,2.0,Cytation5,,ext,M,GFP-M-Gext,50.0,2.0,2.0,1.0,1.0,3.5,1.0,0.02,2.0,0.3,5.9,1.851,3.187466234,plamGFP,0.0,40000.0,2000.0,0.0,2026-01-05,15.0,18.0,35.0,118.0,1.2,1.8,1.8,3.24,1.0,0.5,0.5,10.0,8.0,20.0,0.0,0.0,100.0,41.494819490953375,3.771032452065257,0.9111107283157266,False
PMix_(AR-931)_QC_PURE_Timecourse_F6,2,F6,GFP-M-Gext,PMix_(AR-931)_QC_PURE_Timecourse,AR-931 + AR-855,Sample,AR-931,AR-855,AR-895,AR-901,AR-931,3.0,2.0,Cytation5,,ext,M,GFP-M-Gext,50.0,2.0,2.0,1.0,1.0,3.5,1.0,0.02,2.0,0.3,5.9,1.851,3.187466234,plamGFP,0.0,40000.0,2000.0,0.0,2026-01-05,15.0,10.0,35.0,118.0,1.2,1.8,1.8,1.8,1.0,0.5,0.5,10.0,8.0,20.0,0.0,0.0,100.0,38.75487620687475,3.256657020361327,0.9656980356005724,False
PMix_(AR-931)_QC_PURE_Timecourse_F8,2,F8,GFP-M-Gext,PMix_(AR-931)_QC_PURE_Timecourse,AR-931 + AR-904,Sample,AR-931,AR-904,AR-895,AR-901,AR-931,3.0,2.0,Cytation5,,ext,M,GFP-M-Gext,50.0,2.0,2.0,1.0,1.0,3.5,1.0,0.02,2.0,0.3,5.9,1.851,3.187466234,plamGFP,0.0,40000.0,2000.0,0.0,2026-01-05,15.0,10.0,35.0,118.0,1.2,1.8,1.8,1.8,1.0,0.5,0.5,10.0,8.0,20.0,0.0,0.0,100.0,41.71873972326777,3.072077121731663,1.028351331805777,False
PMix-MFG-128-PURE-Activity-QC_B2,3,B2,GFP-M-Gext,PMix-MFG-128-PURE-Activity-QC,PMix AR-949 QC,Sample,AR-949,AR-904,AR-895,AR-901,AR-889,3.0,2.0,Cytation5,,ext,M,GFP-M-Gext,50.0,2.0,2.0,1.0,1.0,3.5,1.0,0.02,2.0,0.3,5.9,1.84,3.206521739,deGFP,0.0,40000.0,2000.0,0.0,2026-01-27,15.0,10.0,35.0,118.0,1.2,1.8,1.8,1.8,1.0,0.5,0.5,10.0,8.0,20.0,0.0,0.0,100.0,88.12530297775513,3.6750029958898867,0.9131589524730092,False
PMix-MFG-128-PURE-Activity-QC_B4,3,B4,GFP-M-Gext,PMix-MFG-128-PURE-Activity-QC,PMix AR-950 QC,Sample,AR-950,AR-904,AR-895,AR-901,AR-889,3.0,2.0,Cytation5,,ext,M,GFP-M-Gext,50.0,2.0,2.0,1.0,1.0,3.5,1.0,0.02,2.0,0.3,5.9,1.84,3.206521739,deGFP,0.0,40000.0,2000.0,0.0,2026-01-27,15.0,10.0,35.0,118.0,1.2,1.8,1.8,1.8,1.0,0.5,0.5,10.0,8.0,20.0,0.0,0.0,100.0,47.73265398059803,4.608317379104819,0.7496143528078958,False
PMix-MFG-128-PURE-Activity-QC_D2,3,D2,GFP-M-Gext,PMix-MFG-128-PURE-Activity-QC,PMix AR-949 QC,Sample,AR-949,AR-904,AR-895,AR-901,AR-889,3.0,2.0,Cytation5,,ext,M,GFP-M-Gext,50.0,2.0,2.0,1.0,1.0,3.5,1.0,0.02,2.0,0.3,5.9,1.84,3.206521739,deGFP,0.0,40000.0,2000.0,0.0,2026-01-27,15.0,10.0,35.0,118.0,1.2,1.8,1.8,1.8,1.0,0.5,0.5,10.0,8.0,20.0,0.0,0.0,100.0,103.7731838257158,3.447625920035028,0.9273666101497111,False
PMix-MFG-128-PURE-Activity-QC_D4,3,D4,GFP-M-Gext,PMix-MFG-128-PURE-Activity-QC,PMix AR-950 QC,Sample,AR-950,AR-904,AR-895,AR-901,AR-889,3.0,2.0,Cytation5,,ext,M,GFP-M-Gext,50.0,2.0,2.0,1.0,1.0,3.5,1.0,0.02,2.0,0.3,5.9,1.84,3.206521739,deGFP,0.0,40000.0,2000.0,0.0,2026-01-27,15.0,10.0,35.0,118.0,1.2,1.8,1.8,1.8,1.0,0.5,0.5,10.0,8.0,20.0,0.0,0.0,100.0,52.26120107870526,4.587369367733647,0.7439014230940477,False
PMix-MFG-128-PURE-Activity-QC_F2,3,F2,GFP-M-Gext,PMix-MFG-128-PURE-Activity-QC,PMix AR-949 QC,Sample,AR-949,AR-904,AR-895,AR-901,AR-889,3.0,2.0,Cytation5,,ext,M,GFP-M-Gext,50.0,2.0,2.0,1.0,1.0,3.5,1.0,0.02,2.0,0.3,5.9,1.84,3.206521739,deGFP,0.0,40000.0,2000.0,0.0,2026-01-27,15.0,10.0,35.0,118.0,1.2,1.8,1.8,1.8,1.0,0.5,0.5,10.0,8.0,20.0,0.0,0.0,100.0,99.66907192351515,3.2315516741931254,0.9581627343210586,False
PMix-MFG-128-PURE-Activity-QC_F4,3,F4,GFP-M-Gext,PMix-MFG-128-PURE-Activity-QC,PMix AR-950 QC,Sample,AR-950,AR-904,AR-895,AR-901,AR-889,3.0,2.0,Cytation5,,ext,M,GFP-M-Gext,50.0,2.0,2.0,1.0,1.0,3.5,1.0,0.02,2.0,0.3,5.9,1.84,3.206521739,deGFP,0.0,40000.0,2000.0,0.0,2026-01-27,15.0,10.0,35.0,118.0,1.2,1.8,1.8,1.8,1.0,0.5,0.5,10.0,8.0,20.0,0.0,0.0,100.0,56.95568228096034,5.097274178811219,0.773890209391735,False
PPK_20250611_A11,4,A11,GFP-F-G35,PPK_20250611,6 mM,Sample,,,,,,,,Cytation3,1.0,35,F,GFP-F-G35,50.0,2.0,2.0,1.0,1.0,3.5,1.0,0.02,2.0,0.3,5.725714286,1.911,2.996187486,plamGFP,2.0,0.0,0.0,1.0,2025-06-11,15.0,10.0,35.0,120.0,1.2,1.8,1.8,1.8,1.0,0.477142857,0.0,10.0,6.0,20.0,0.0,0.0,100.0,82.23223455241131,1.4717808500798524,2.1037908530756244,False
PPK_20250611_A14,4,A14,GFP-F-G35,PPK_20250611,6 mM,Sample,,,,,,,,Cytation3,1.0,35,F,GFP-F-G35,50.0,2.0,2.0,1.0,1.0,3.5,1.0,0.02,2.0,0.3,5.725714286,1.911,2.996187486,plamGFP,2.0,0.0,0.0,1.0,2025-06-11,15.0,10.0,35.0,120.0,1.2,1.8,1.8,1.8,1.0,0.477142857,0.0,10.0,6.0,20.0,0.0,0.0,100.0,87.18050206001313,1.5171588675202372,2.0081270353484184,False
PPK_20250611_A17,4,A17,GFP-F-G35,PPK_20250611,6 mM,Sample,,,,,,,,Cytation3,1.0,35,F,GFP-F-G35,50.0,2.0,2.0,1.0,1.0,3.5,1.0,0.02,2.0,0.3,5.725714286,1.911,2.996187486,plamGFP,2.0,0.0,0.0,1.0,2025-06-11,15.0,10.0,35.0,120.0,1.2,1.8,1.8,1.8,1.0,0.477142857,0.0,10.0,6.0,20.0,0.0,0.0,100.0,109.16329639895848,2.189794676003301,1.4305950605965077,False
PPK_20250611_C11,4,C11,GFP-F-G35,PPK_20250611,7 mM,Sample,,,,,,,,Cytation3,1.0,35,F,GFP-F-G35,50.0,2.0,2.0,1.0,1.0,3.5,1.0,0.02,2.0,0.3,5.725714286,1.911,2.996187486,plamGFP,2.0,0.0,0.0,1.0,2025-06-11,15.0,10.0,35.0,120.0,1.2,1.8,1.8,1.8,1.0,0.477142857,0.0,10.0,7.0,20.0,0.0,0.0,100.0,106.25123595590654,3.150807950513386,1.1243089901601597,False
PPK_20250611_C13,4,C13,GFP-F-G35,PPK_20250611,7 mM,Sample,,,,,,,,Cytation3,1.0,35,F,GFP-F-G35,50.0,2.0,2.0,1.0,1.0,3.5,1.0,0.02,2.0,0.3,5.725714286,1.911,2.996187486,plamGFP,2.0,0.0,0.0,1.0,2025-06-11,15.0,10.0,35.0,120.0,1.2,1.8,1.8,1.8,1.0,0.477142857,0.0,10.0,7.0,20.0,0.0,0.0,100.0,110.34729886721831,3.3093466262470237,1.0935004845208331,False
PPK_20250611_C17,4,C17,GFP-F-G35,PPK_20250611,7 mM,Sample,,,,,,,,Cytation3,1.0,35,F,GFP-F-G35,50.0,2.0,2.0,1.0,1.0,3.5,1.0,0.02,2.0,0.3,5.725714286,1.911,2.996187486,plamGFP,2.0,0.0,0.0,1.0,2025-06-11,15.0,10.0,35.0,120.0,1.2,1.8,1.8,1.8,1.0,0.477142857,0.0,10.0,7.0,20.0,0.0,0.0,100.0,108.605211036318,3.1651899536145125,1.1139430407036455,False
PPK_20250611_E11,4,E11,GFP-F-G35,PPK_20250611,8 mM,Sample,,,,,,,,Cytation3,1.0,35,F,GFP-F-G35,50.0,2.0,2.0,1.0,1.0,3.5,1.0,0.02,2.0,0.3,5.725714286,1.911,2.996187486,plamGFP,2.0,0.0,0.0,1.0,2025-06-11,15.0,10.0,35.0,120.0,1.2,1.8,1.8,1.8,1.0,0.477142857,0.0,10.0,8.0,20.0,0.0,0.0,100.0,110.85886785091557,3.4121531715263034,1.0984435039192322,False
PPK_20250611_E14,4,E14,GFP-F-G35,PPK_20250611,8 mM,Sample,,,,,,,,Cytation3,1.0,35,F,GFP-F-G35,50.0,2.0,2.0,1.0,1.0,3.5,1.0,0.02,2.0,0.3,5.725714286,1.911,2.996187486,plamGFP,2.0,0.0,0.0,1.0,2025-06-11,15.0,10.0,35.0,120.0,1.2,1.8,1.8,1.8,1.0,0.477142857,0.0,10.0,8.0,20.0,0.0,0.0,100.0,111.30051647957436,3.4163727852384196,1.0969417963024872,False
PPK_20250611_E17,4,E17,GFP-F-G35,PPK_20250611,8 mM,Sample,,,,,,,,Cytation3,1.0,35,F,GFP-F-G35,50.0,2.0,2.0,1.0,1.0,3.5,1.0,0.02,2.0,0.3,5.725714286,1.911,2.996187486,plamGFP,2.0,0.0,0.0,1.0,2025-06-11,15.0,10.0,35.0,120.0,1.2,1.8,1.8,1.8,1.0,0.477142857,0.0,10.0,8.0,20.0,0.0,0.0,100.0,114.14073581233654,3.5177791411605677,1.0803026773305353,False
PPK_20250611_G11,4,G11,GFP-F-G35,PPK_20250611,9 mM,Sample,,,,,,,,Cytation3,1.0,35,F,GFP-F-G35,50.0,2.0,2.0,1.0,1.0,3.5,1.0,0.02,2.0,0.3,5.725714286,1.911,2.996187486,plamGFP,2.0,0.0,0.0,1.0,2025-06-11,15.0,10.0,35.0,120.0,1.2,1.8,1.8,1.8,1.0,0.477142857,0.0,10.0,9.0,20.0,0.0,0.0,100.0,108.51064856665235,3.563588946973453,1.0884011358077206,False
PPK_20250611_G14,4,G14,GFP-F-G35,PPK_20250611,9 mM,Sample,,,,,,,,Cytation3,1.0,35,F,GFP-F-G35,50.0,2.0,2.0,1.0,1.0,3.5,1.0,0.02,2.0,0.3,5.725714286,1.911,2.996187486,plamGFP,2.0,0.0,0.0,1.0,2025-06-11,15.0,10.0,35.0,120.0,1.2,1.8,1.8,1.8,1.0,0.477142857,0.0,10.0,9.0,20.0,0.0,0.0,100.0,108.15101168013844,3.6540625605526595,1.080351349317616,False
PPK_20250611_G17,4,G17,GFP-F-G35,PPK_20250611,9 mM,Sample,,,,,,,,Cytation3,1.0,35,F,GFP-F-G35,50.0,2.0,2.0,1.0,1.0,3.5,1.0,0.02,2.0,0.3,5.725714286,1.911,2.996187486,plamGFP,2.0,0.0,0.0,1.0,2025-06-11,15.0,10.0,35.0,120.0,1.2,1.8,1.8,1.8,1.0,0.477142857,0.0,10.0,9.0,20.0,0.0,0.0,100.0,103.04393577877794,3.438622966889895,1.1207064102556947,False
PPK_20250611_I11,4,I11,GFP-F-G35,PPK_20250611,10 mM,Sample,,,,,,,,Cytation3,1.0,35,F,GFP-F-G35,50.0,2.0,2.0,1.0,1.0,3.5,1.0,0.02,2.0,0.3,5.725714286,1.911,2.996187486,plamGFP,2.0,0.0,0.0,1.0,2025-06-11,15.0,10.0,35.0,120.0,1.2,1.8,1.8,1.8,1.0,0.477142857,0.0,10.0,10.0,20.0,0.0,0.0,100.0,101.6576081934552,3.4895248778165673,1.1383478696534912,False
PPK_20250611_I14,4,I14,GFP-F-G35,PPK_20250611,10 mM,Sample,,,,,,,,Cytation3,1.0,35,F,GFP-F-G35,50.0,2.0,2.0,1.0,1.0,3.5,1.0,0.02,2.0,0.3,5.725714286,1.911,2.996187486,plamGFP,2.0,0.0,0.0,1.0,2025-06-11,15.0,10.0,35.0,120.0,1.2,1.8,1.8,1.8,1.0,0.477142857,0.0,10.0,10.0,20.0,0.0,0.0,100.0,100.81798538856592,3.456005065587196,1.1553253695482193,False
PPK_20250611_I17,4,I17,GFP-F-G35,PPK_20250611,10 mM,Sample,,,,,,,,Cytation3,1.0,35,F,GFP-F-G35,50.0,2.0,2.0,1.0,1.0,3.5,1.0,0.02,2.0,0.3,5.725714286,1.911,2.996187486,plamGFP,2.0,0.0,0.0,1.0,2025-06-11,15.0,10.0,35.0,120.0,1.2,1.8,1.8,1.8,1.0,0.477142857,0.0,10.0,10.0,20.0,0.0,0.0,100.0,101.14897746364626,3.3606778792628575,1.1721882523867702,False
PPK_20250611_K11,4,K11,GFP-F-G35,PPK_20250611,11 mM,Sample,,,,,,,,Cytation3,1.0,35,F,GFP-F-G35,50.0,2.0,2.0,1.0,1.0,3.5,1.0,0.02,2.0,0.3,5.725714286,1.911,2.996187486,plamGFP,2.0,0.0,0.0,1.0,2025-06-11,15.0,10.0,35.0,120.0,1.2,1.8,1.8,1.8,1.0,0.477142857,0.0,10.0,11.0,20.0,0.0,0.0,100.0,93.17336363089522,3.522845211095623,1.156743737554324,False
PPK_20250611_K14,4,K14,GFP-F-G35,PPK_20250611,11 mM,Sample,,,,,,,,Cytation3,1.0,35,F,GFP-F-G35,50.0,2.0,2.0,1.0,1.0,3.5,1.0,0.02,2.0,0.3,5.725714286,1.911,2.996187486,plamGFP,2.0,0.0,0.0,1.0,2025-06-11,15.0,10.0,35.0,120.0,1.2,1.8,1.8,1.8,1.0,0.477142857,0.0,10.0,11.0,20.0,0.0,0.0,100.0,95.72345995174666,3.4269508769039265,1.16629728387723,False
PPK_20250611_K17,4,K17,GFP-F-G35,PPK_20250611,11 mM,Sample,,,,,,,,Cytation3,1.0,35,F,GFP-F-G35,50.0,2.0,2.0,1.0,1.0,3.5,1.0,0.02,2.0,0.3,5.725714286,1.911,2.996187486,plamGFP,2.0,0.0,0.0,1.0,2025-06-11,15.0,10.0,35.0,120.0,1.2,1.8,1.8,1.8,1.0,0.477142857,0.0,10.0,11.0,20.0,0.0,0.0,100.0,92.94372638741388,3.500726979983157,1.1601349092245392,False
PPK_20250611_M11,4,M11,GFP-F-G35,PPK_20250611,12 mM,Sample,,,,,,,,Cytation3,1.0,35,F,GFP-F-G35,50.0,2.0,2.0,1.0,1.0,3.5,1.0,0.02,2.0,0.3,5.725714286,1.911,2.996187486,plamGFP,2.0,0.0,0.0,1.0,2025-06-11,15.0,10.0,35.0,120.0,1.2,1.8,1.8,1.8,1.0,0.477142857,0.0,10.0,12.0,20.0,0.0,0.0,100.0,91.6289890007668,3.4928015178548777,1.1524280480426625,False
PPK_20250611_M14,4,M14,GFP-F-G35,PPK_20250611,12 mM,Sample,,,,,,,,Cytation3,1.0,35,F,GFP-F-G35,50.0,2.0,2.0,1.0,1.0,3.5,1.0,0.02,2.0,0.3,5.725714286,1.911,2.996187486,plamGFP,2.0,0.0,0.0,1.0,2025-06-11,15.0,10.0,35.0,120.0,1.2,1.8,1.8,1.8,1.0,0.477142857,0.0,10.0,12.0,20.0,0.0,0.0,100.0,90.57253419212273,3.4856183491012467,1.1595850008715562,False
PPK_20250611_M17,4,M17,GFP-F-G35,PPK_20250611,12 mM,Sample,,,,,,,,Cytation3,1.0,35,F,GFP-F-G35,50.0,2.0,2.0,1.0,1.0,3.5,1.0,0.02,2.0,0.3,5.725714286,1.911,2.996187486,plamGFP,2.0,0.0,0.0,1.0,2025-06-11,15.0,10.0,35.0,120.0,1.2,1.8,1.8,1.8,1.0,0.477142857,0.0,10.0,12.0,20.0,0.0,0.0,100.0,78.16551407033876,3.496822358564357,1.198804266258116,False
PPK_20250611_A11,4,A11,GFP-M-G100,PPK_20250611,6 mM,Sample,,,,,,,,Cytation3,1.0,100,M,GFP-M-G100,50.0,2.0,2.0,1.0,1.0,3.5,1.0,0.02,2.0,0.3,5.725714286,1.911,2.996187486,plamGFP,2.0,0.0,0.0,1.0,2025-06-11,15.0,10.0,35.0,120.0,1.2,1.8,1.8,1.8,1.0,0.477142857,0.0,10.0,6.0,20.0,0.0,0.0,100.0,52.20256410289374,1.4240914684491592,2.4110992726056977,False
PPK_20250611_A14,4,A14,GFP-M-G100,PPK_20250611,6 mM,Sample,,,,,,,,Cytation3,1.0,100,M,GFP-M-G100,50.0,2.0,2.0,1.0,1.0,3.5,1.0,0.02,2.0,0.3,5.725714286,1.911,2.996187486,plamGFP,2.0,0.0,0.0,1.0,2025-06-11,15.0,10.0,35.0,120.0,1.2,1.8,1.8,1.8,1.0,0.477142857,0.0,10.0,6.0,20.0,0.0,0.0,100.0,56.16002110743404,1.4506259116272806,2.340034794803218,False
PPK_20250611_A17,4,A17,GFP-M-G100,PPK_20250611,6 mM,Sample,,,,,,,,Cytation3,1.0,100,M,GFP-M-G100,50.0,2.0,2.0,1.0,1.0,3.5,1.0,0.02,2.0,0.3,5.725714286,1.911,2.996187486,plamGFP,2.0,0.0,0.0,1.0,2025-06-11,15.0,10.0,35.0,120.0,1.2,1.8,1.8,1.8,1.0,0.477142857,0.0,10.0,6.0,20.0,0.0,0.0,100.0,90.34605717932168,1.8105196010666507,1.9045344534594326,False
PPK_20250611_C11,4,C11,GFP-M-G100,PPK_20250611,7 mM,Sample,,,,,,,,Cytation3,1.0,100,M,GFP-M-G100,50.0,2.0,2.0,1.0,1.0,3.5,1.0,0.02,2.0,0.3,5.725714286,1.911,2.996187486,plamGFP,2.0,0.0,0.0,1.0,2025-06-11,15.0,10.0,35.0,120.0,1.2,1.8,1.8,1.8,1.0,0.477142857,0.0,10.0,7.0,20.0,0.0,0.0,100.0,84.58265159907135,2.6469398413897958,1.415084860616503,False
PPK_20250611_C13,4,C13,GFP-M-G100,PPK_20250611,7 mM,Sample,,,,,,,,Cytation3,1.0,100,M,GFP-M-G100,50.0,2.0,2.0,1.0,1.0,3.5,1.0,0.02,2.0,0.3,5.725714286,1.911,2.996187486,plamGFP,2.0,0.0,0.0,1.0,2025-06-11,15.0,10.0,35.0,120.0,1.2,1.8,1.8,1.8,1.0,0.477142857,0.0,10.0,7.0,20.0,0.0,0.0,100.0,84.29146528257735,2.596487744768985,1.4328655081327455,False
PPK_20250611_C17,4,C17,GFP-M-G100,PPK_20250611,7 mM,Sample,,,,,,,,Cytation3,1.0,100,M,GFP-M-G100,50.0,2.0,2.0,1.0,1.0,3.5,1.0,0.02,2.0,0.3,5.725714286,1.911,2.996187486,plamGFP,2.0,0.0,0.0,1.0,2025-06-11,15.0,10.0,35.0,120.0,1.2,1.8,1.8,1.8,1.0,0.477142857,0.0,10.0,7.0,20.0,0.0,0.0,100.0,86.13323858109885,2.6384190406211196,1.4101262630839146,False
PPK_20250611_E11,4,E11,GFP-M-G100,PPK_20250611,8 mM,Sample,,,,,,,,Cytation3,1.0,100,M,GFP-M-G100,50.0,2.0,2.0,1.0,1.0,3.5,1.0,0.02,2.0,0.3,5.725714286,1.911,2.996187486,plamGFP,2.0,0.0,0.0,1.0,2025-06-11,15.0,10.0,35.0,120.0,1.2,1.8,1.8,1.8,1.0,0.477142857,0.0,10.0,8.0,20.0,0.0,0.0,100.0,91.64358040666524,2.757645721981224,1.3930273847623262,False
PPK_20250611_E14,4,E14,GFP-M-G100,PPK_20250611,8 mM,Sample,,,,,,,,Cytation3,1.0,100,M,GFP-M-G100,50.0,2.0,2.0,1.0,1.0,3.5,1.0,0.02,2.0,0.3,5.725714286,1.911,2.996187486,plamGFP,2.0,0.0,0.0,1.0,2025-06-11,15.0,10.0,35.0,120.0,1.2,1.8,1.8,1.8,1.0,0.477142857,0.0,10.0,8.0,20.0,0.0,0.0,100.0,92.07012452780683,2.747880895464753,1.400134441236683,False
PPK_20250611_E17,4,E17,GFP-M-G100,PPK_20250611,8 mM,Sample,,,,,,,,Cytation3,1.0,100,M,GFP-M-G100,50.0,2.0,2.0,1.0,1.0,3.5,1.0,0.02,2.0,0.3,5.725714286,1.911,2.996187486,plamGFP,2.0,0.0,0.0,1.0,2025-06-11,15.0,10.0,35.0,120.0,1.2,1.8,1.8,1.8,1.0,0.477142857,0.0,10.0,8.0,20.0,0.0,0.0,100.0,89.65677604610676,2.798222448473351,1.3958362707003906,False
PPK_20250611_G11,4,G11,GFP-M-G100,PPK_20250611,9 mM,Sample,,,,,,,,Cytation3,1.0,100,M,GFP-M-G100,50.0,2.0,2.0,1.0,1.0,3.5,1.0,0.02,2.0,0.3,5.725714286,1.911,2.996187486,plamGFP,2.0,0.0,0.0,1.0,2025-06-11,15.0,10.0,35.0,120.0,1.2,1.8,1.8,1.8,1.0,0.477142857,0.0,10.0,9.0,20.0,0.0,0.0,100.0,74.28620294981513,2.8907658605138438,1.3516734321013577,False
PPK_20250611_G14,4,G14,GFP-M-G100,PPK_20250611,9 mM,Sample,,,,,,,,Cytation3,1.0,100,M,GFP-M-G100,50.0,2.0,2.0,1.0,1.0,3.5,1.0,0.02,2.0,0.3,5.725714286,1.911,2.996187486,plamGFP,2.0,0.0,0.0,1.0,2025-06-11,15.0,10.0,35.0,120.0,1.2,1.8,1.8,1.8,1.0,0.477142857,0.0,10.0,9.0,20.0,0.0,0.0,100.0,68.24597093046246,2.893785137944104,1.357274777964509,False
PPK_20250611_G17,4,G17,GFP-M-G100,PPK_20250611,9 mM,Sample,,,,,,,,Cytation3,1.0,100,M,GFP-M-G100,50.0,2.0,2.0,1.0,1.0,3.5,1.0,0.02,2.0,0.3,5.725714286,1.911,2.996187486,plamGFP,2.0,0.0,0.0,1.0,2025-06-11,15.0,10.0,35.0,120.0,1.2,1.8,1.8,1.8,1.0,0.477142857,0.0,10.0,9.0,20.0,0.0,0.0,100.0,73.80194149437413,2.9382173614310525,1.341577893633144,False
PPK_20250611_I11,4,I11,GFP-M-G100,PPK_20250611,10 mM,Sample,,,,,,,,Cytation3,1.0,100,M,GFP-M-G100,50.0,2.0,2.0,1.0,1.0,3.5,1.0,0.02,2.0,0.3,5.725714286,1.911,2.996187486,plamGFP,2.0,0.0,0.0,1.0,2025-06-11,15.0,10.0,35.0,120.0,1.2,1.8,1.8,1.8,1.0,0.477142857,0.0,10.0,10.0,20.0,0.0,0.0,100.0,64.10426740882421,2.977396435348388,1.350104340575493,False
PPK_20250611_I14,4,I14,GFP-M-G100,PPK_20250611,10 mM,Sample,,,,,,,,Cytation3,1.0,100,M,GFP-M-G100,50.0,2.0,2.0,1.0,1.0,3.5,1.0,0.02,2.0,0.3,5.725714286,1.911,2.996187486,plamGFP,2.0,0.0,0.0,1.0,2025-06-11,15.0,10.0,35.0,120.0,1.2,1.8,1.8,1.8,1.0,0.477142857,0.0,10.0,10.0,20.0,0.0,0.0,100.0,55.95086304124055,3.06264506830362,1.3472138714930315,False
PPK_20250611_I17,4,I17,GFP-M-G100,PPK_20250611,10 mM,Sample,,,,,,,,Cytation3,1.0,100,M,GFP-M-G100,50.0,2.0,2.0,1.0,1.0,3.5,1.0,0.02,2.0,0.3,5.725714286,1.911,2.996187486,plamGFP,2.0,0.0,0.0,1.0,2025-06-11,15.0,10.0,35.0,120.0,1.2,1.8,1.8,1.8,1.0,0.477142857,0.0,10.0,10.0,20.0,0.0,0.0,100.0,59.16276569024475,2.877429918110484,1.3841460318343748,False
PPK_20250611_K11,4,K11,GFP-M-G100,PPK_20250611,11 mM,Sample,,,,,,,,Cytation3,1.0,100,M,GFP-M-G100,50.0,2.0,2.0,1.0,1.0,3.5,1.0,0.02,2.0,0.3,5.725714286,1.911,2.996187486,plamGFP,2.0,0.0,0.0,1.0,2025-06-11,15.0,10.0,35.0,120.0,1.2,1.8,1.8,1.8,1.0,0.477142857,0.0,10.0,11.0,20.0,0.0,0.0,100.0,49.782932064874,3.0845337152529457,1.32391998131038,False
PPK_20250611_K14,4,K14,GFP-M-G100,PPK_20250611,11 mM,Sample,,,,,,,,Cytation3,1.0,100,M,GFP-M-G100,50.0,2.0,2.0,1.0,1.0,3.5,1.0,0.02,2.0,0.3,5.725714286,1.911,2.996187486,plamGFP,2.0,0.0,0.0,1.0,2025-06-11,15.0,10.0,35.0,120.0,1.2,1.8,1.8,1.8,1.0,0.477142857,0.0,10.0,11.0,20.0,0.0,0.0,100.0,51.00817879177022,3.1296480361242023,1.3254863099452334,False
PPK_20250611_K17,4,K17,GFP-M-G100,PPK_20250611,11 mM,Sample,,,,,,,,Cytation3,1.0,100,M,GFP-M-G100,50.0,2.0,2.0,1.0,1.0,3.5,1.0,0.02,2.0,0.3,5.725714286,1.911,2.996187486,plamGFP,2.0,0.0,0.0,1.0,2025-06-11,15.0,10.0,35.0,120.0,1.2,1.8,1.8,1.8,1.0,0.477142857,0.0,10.0,11.0,20.0,0.0,0.0,100.0,55.07743307721993,2.9857231206778025,1.3431906252293042,False
PPK_20250611_M11,4,M11,GFP-M-G100,PPK_20250611,12 mM,Sample,,,,,,,,Cytation3,1.0,100,M,GFP-M-G100,50.0,2.0,2.0,1.0,1.0,3.5,1.0,0.02,2.0,0.3,5.725714286,1.911,2.996187486,plamGFP,2.0,0.0,0.0,1.0,2025-06-11,15.0,10.0,35.0,120.0,1.2,1.8,1.8,1.8,1.0,0.477142857,0.0,10.0,12.0,20.0,0.0,0.0,100.0,50.73887194428424,3.0983492823917773,1.305720830800935,False
PPK_20250611_M14,4,M14,GFP-M-G100,PPK_20250611,12 mM,Sample,,,,,,,,Cytation3,1.0,100,M,GFP-M-G100,50.0,2.0,2.0,1.0,1.0,3.5,1.0,0.02,2.0,0.3,5.725714286,1.911,2.996187486,plamGFP,2.0,0.0,0.0,1.0,2025-06-11,15.0,10.0,35.0,120.0,1.2,1.8,1.8,1.8,1.0,0.477142857,0.0,10.0,12.0,20.0,0.0,0.0,100.0,49.48333096450702,3.1029750647886276,1.3111600790736135,False
PPK_20250611_M17,4,M17,GFP-M-G100,PPK_20250611,12 mM,Sample,,,,,,,,Cytation3,1.0,100,M,GFP-M-G100,50.0,2.0,2.0,1.0,1.0,3.5,1.0,0.02,2.0,0.3,5.725714286,1.911,2.996187486,plamGFP,2.0,0.0,0.0,1.0,2025-06-11,15.0,10.0,35.0,120.0,1.2,1.8,1.8,1.8,1.0,0.477142857,0.0,10.0,12.0,20.0,0.0,0.0,100.0,46.45219044432364,3.0783848356606147,1.3378456167990624,False
PPK_20250612_A19,5,A19,GFP-F-G35,PPK_20250612,CP + PolyP + 8 mM Mg,Sample,,,,,,,,Cytation3,1.0,35,F,GFP-F-G35,50.0,2.0,2.0,1.0,1.0,3.5,1.0,0.02,2.0,0.3,5.725714286,1.911,2.996187486,plamGFP,2.0,0.0,0.0,1.0,2026-06-12,15.0,10.0,35.0,120.0,1.2,1.8,1.8,1.8,1.0,0.477142857,0.0,10.0,8.0,20.0,0.0,30.0,100.0,0.13603511604585317,0.4444444425337796,1.083333331499245,True
PPK_20250612_A21,5,A21,GFP-F-G35,PPK_20250612,CP + PolyP + 8 mM Mg,Sample,,,,,,,,Cytation3,1.0,35,F,GFP-F-G35,50.0,2.0,2.0,1.0,1.0,3.5,1.0,0.02,2.0,0.3,5.725714286,1.911,2.996187486,plamGFP,2.0,0.0,0.0,1.0,2026-06-12,15.0,10.0,35.0,120.0,1.2,1.8,1.8,1.8,1.0,0.477142857,0.0,10.0,8.0,20.0,0.0,30.0,100.0,0.12565183098389798,0.4539007087459234,0.6666666654127309,True
PPK_20250612_A23,5,A23,GFP-F-G35,PPK_20250612,CP + PolyP + 8 mM Mg,Sample,,,,,,,,Cytation3,1.0,35,F,GFP-F-G35,50.0,2.0,2.0,1.0,1.0,3.5,1.0,0.02,2.0,0.3,5.725714286,1.911,2.996187486,plamGFP,2.0,0.0,0.0,1.0,2026-06-12,15.0,10.0,35.0,120.0,1.2,1.8,1.8,1.8,1.0,0.477142857,0.0,10.0,8.0,20.0,0.0,30.0,100.0,0.11673332605974604,0.49612403062977567,0.4999999991127826,True
PPK_20250612_C19,5,C19,GFP-F-G35,PPK_20250612,PolyP + PPK + 8 mM Mg,Sample,,,,,,,,Cytation3,0.0,35,F,GFP-F-G35,50.0,2.0,2.0,1.0,1.0,3.5,1.0,0.02,2.0,0.3,5.725714286,1.911,2.996187486,plamGFP,2.0,0.0,0.0,1.0,2026-06-12,15.0,10.0,35.0,120.0,1.2,1.8,1.8,1.8,1.0,0.477142857,0.0,10.0,8.0,0.0,2.0,30.0,100.0,0.20188536429652681,0.5423728525698462,3.249999989332283,True
PPK_20250612_C21,5,C21,GFP-F-G35,PPK_20250612,PolyP + PPK + 8 mM Mg,Sample,,,,,,,,Cytation3,0.0,35,F,GFP-F-G35,50.0,2.0,2.0,1.0,1.0,3.5,1.0,0.02,2.0,0.3,5.725714286,1.911,2.996187486,plamGFP,2.0,0.0,0.0,1.0,2026-06-12,15.0,10.0,35.0,120.0,1.2,1.8,1.8,1.8,1.0,0.477142857,0.0,10.0,8.0,0.0,2.0,30.0,100.0,0.12877440625197356,0.5555555552653546,0.49999999874737844,True
PPK_20250612_C23,5,C23,GFP-F-G35,PPK_20250612,PolyP + PPK + 8 mM Mg,Sample,,,,,,,,Cytation3,0.0,35,F,GFP-F-G35,50.0,2.0,2.0,1.0,1.0,3.5,1.0,0.02,2.0,0.3,5.725714286,1.911,2.996187486,plamGFP,2.0,0.0,0.0,1.0,2026-06-12,15.0,10.0,35.0,120.0,1.2,1.8,1.8,1.8,1.0,0.477142857,0.0,10.0,8.0,0.0,2.0,30.0,100.0,0.12702886884046183,0.5797101444417317,0.5833333320257312,True
PPK_20250612_E19,5,E19,GFP-F-G35,PPK_20250612,PolyP + PPK + 10 mM Mg,Sample,,,,,,,,Cytation3,0.0,35,F,GFP-F-G35,50.0,2.0,2.0,1.0,1.0,3.5,1.0,0.02,2.0,0.3,5.725714286,1.911,2.996187486,plamGFP,2.0,0.0,0.0,1.0,2026-06-12,15.0,10.0,35.0,120.0,1.2,1.8,1.8,1.8,1.0,0.477142857,0.0,10.0,10.0,0.0,2.0,30.0,100.0,0.2079370403181917,0.551724096522775,4.083333319836043,True
PPK_20250612_E21,5,E21,GFP-F-G35,PPK_20250612,PolyP + PPK + 10 mM Mg,Sample,,,,,,,,Cytation3,0.0,35,F,GFP-F-G35,50.0,2.0,2.0,1.0,1.0,3.5,1.0,0.02,2.0,0.3,5.725714286,1.911,2.996187486,plamGFP,2.0,0.0,0.0,1.0,2026-06-12,15.0,10.0,35.0,120.0,1.2,1.8,1.8,1.8,1.0,0.477142857,0.0,10.0,10.0,0.0,2.0,30.0,100.0,0.14246426179314697,0.4183006520853635,0.9166666650067848,True
PPK_20250612_E23,5,E23,GFP-F-G35,PPK_20250612,PolyP + PPK + 10 mM Mg,Sample,,,,,,,,Cytation3,0.0,35,F,GFP-F-G35,50.0,2.0,2.0,1.0,1.0,3.5,1.0,0.02,2.0,0.3,5.725714286,1.911,2.996187486,plamGFP,2.0,0.0,0.0,1.0,2026-06-12,15.0,10.0,35.0,120.0,1.2,1.8,1.8,1.8,1.0,0.477142857,0.0,10.0,10.0,0.0,2.0,30.0,100.0,0.10661704779701685,0.44444444517379705,0.49999999973574955,True
PPK_20250612_G19,5,G19,GFP-F-G35,PPK_20250612,PolyP + PPK + 12 mM Mg,Sample,,,,,,,,Cytation3,0.0,35,F,GFP-F-G35,50.0,2.0,2.0,1.0,1.0,3.5,1.0,0.02,2.0,0.3,5.725714286,1.911,2.996187486,plamGFP,2.0,0.0,0.0,1.0,2026-06-12,15.0,10.0,35.0,120.0,1.2,1.8,1.8,1.8,1.0,0.477142857,0.0,10.0,12.0,0.0,2.0,30.0,100.0,0.29184607637820426,0.7619047161269968,5.16666663822052,True
PPK_20250612_G21,5,G21,GFP-F-G35,PPK_20250612,PolyP + PPK + 12 mM Mg,Sample,,,,,,,,Cytation3,0.0,35,F,GFP-F-G35,50.0,2.0,2.0,1.0,1.0,3.5,1.0,0.02,2.0,0.3,5.725714286,1.911,2.996187486,plamGFP,2.0,0.0,0.0,1.0,2026-06-12,15.0,10.0,35.0,120.0,1.2,1.8,1.8,1.8,1.0,0.477142857,0.0,10.0,12.0,0.0,2.0,30.0,100.0,0.22122384361592,0.7559055049427511,3.8333333263840546,True
PPK_20250612_G23,5,G23,GFP-F-G35,PPK_20250612,PolyP + PPK + 12 mM Mg,Sample,,,,,,,,Cytation3,0.0,35,F,GFP-F-G35,50.0,2.0,2.0,1.0,1.0,3.5,1.0,0.02,2.0,0.3,5.725714286,1.911,2.996187486,plamGFP,2.0,0.0,0.0,1.0,2026-06-12,15.0,10.0,35.0,120.0,1.2,1.8,1.8,1.8,1.0,0.477142857,0.0,10.0,12.0,0.0,2.0,30.0,100.0,0.3696323865045862,0.9531914850461689,3.99999999137056,True
PPK_20250612_I19,5,I19,GFP-F-G35,PPK_20250612,PolyP + PPK + 14 mM Mg,Sample,,,,,,,,Cytation3,0.0,35,F,GFP-F-G35,50.0,2.0,2.0,1.0,1.0,3.5,1.0,0.02,2.0,0.3,5.725714286,1.911,2.996187486,plamGFP,2.0,0.0,0.0,1.0,2026-06-12,15.0,10.0,35.0,120.0,1.2,1.8,1.8,1.8,1.0,0.477142857,0.0,10.0,14.0,0.0,2.0,30.0,100.0,13.013272027961575,1.680521962869811,2.342986837336553,False
PPK_20250612_I21,5,I21,GFP-F-G35,PPK_20250612,PolyP + PPK + 14 mM Mg,Sample,,,,,,,,Cytation3,0.0,35,F,GFP-F-G35,50.0,2.0,2.0,1.0,1.0,3.5,1.0,0.02,2.0,0.3,5.725714286,1.911,2.996187486,plamGFP,2.0,0.0,0.0,1.0,2026-06-12,15.0,10.0,35.0,120.0,1.2,1.8,1.8,1.8,1.0,0.477142857,0.0,10.0,14.0,0.0,2.0,30.0,100.0,13.865262285523713,1.6981592450612268,2.304945182048819,False
PPK_20250612_I23,5,I23,GFP-F-G35,PPK_20250612,PolyP + PPK + 14 mM Mg,Sample,,,,,,,,Cytation3,0.0,35,F,GFP-F-G35,50.0,2.0,2.0,1.0,1.0,3.5,1.0,0.02,2.0,0.3,5.725714286,1.911,2.996187486,plamGFP,2.0,0.0,0.0,1.0,2026-06-12,15.0,10.0,35.0,120.0,1.2,1.8,1.8,1.8,1.0,0.477142857,0.0,10.0,14.0,0.0,2.0,30.0,100.0,21.065954987567864,1.8175476246174513,1.938400402106047,False
PPK_20250612_A19,5,A19,GFP-M-G100,PPK_20250612,CP + PolyP + 8 mM Mg,Sample,,,,,,,,Cytation3,1.0,100,M,GFP-M-G100,50.0,2.0,2.0,1.0,1.0,3.5,1.0,0.02,2.0,0.3,5.725714286,1.911,2.996187486,plamGFP,2.0,0.0,0.0,1.0,2026-06-12,15.0,10.0,35.0,120.0,1.2,1.8,1.8,1.8,1.0,0.477142857,0.0,10.0,8.0,20.0,0.0,30.0,100.0,0.025650139767807625,5.841269841025949,2.260555553167758,True
PPK_20250612_A21,5,A21,GFP-M-G100,PPK_20250612,CP + PolyP + 8 mM Mg,Sample,,,,,,,,Cytation3,1.0,100,M,GFP-M-G100,50.0,2.0,2.0,1.0,1.0,3.5,1.0,0.02,2.0,0.3,5.725714286,1.911,2.996187486,plamGFP,2.0,0.0,0.0,1.0,2026-06-12,15.0,10.0,35.0,120.0,1.2,1.8,1.8,1.8,1.0,0.477142857,0.0,10.0,8.0,20.0,0.0,30.0,100.0,0.06559629263306886,5.333333333146617,3.3438888851357347,True
PPK_20250612_A23,5,A23,GFP-M-G100,PPK_20250612,CP + PolyP + 8 mM Mg,Sample,,,,,,,,Cytation3,1.0,100,M,GFP-M-G100,50.0,2.0,2.0,1.0,1.0,3.5,1.0,0.02,2.0,0.3,5.725714286,1.911,2.996187486,plamGFP,2.0,0.0,0.0,1.0,2026-06-12,15.0,10.0,35.0,120.0,1.2,1.8,1.8,1.8,1.0,0.477142857,0.0,10.0,8.0,20.0,0.0,30.0,100.0,0.024857574437105207,4.771929824321239,2.177222219684936,True
PPK_20250612_C19,5,C19,GFP-M-G100,PPK_20250612,PolyP + PPK + 8 mM Mg,Sample,,,,,,,,Cytation3,0.0,100,M,GFP-M-G100,50.0,2.0,2.0,1.0,1.0,3.5,1.0,0.02,2.0,0.3,5.725714286,1.911,2.996187486,plamGFP,2.0,0.0,0.0,1.0,2026-06-12,15.0,10.0,35.0,120.0,1.2,1.8,1.8,1.8,1.0,0.477142857,0.0,10.0,8.0,0.0,2.0,30.0,100.0,0.027402590356405864,4.317460317092691,1.6772222199695146,True
PPK_20250612_C21,5,C21,GFP-M-G100,PPK_20250612,PolyP + PPK + 8 mM Mg,Sample,,,,,,,,Cytation3,0.0,100,M,GFP-M-G100,50.0,2.0,2.0,1.0,1.0,3.5,1.0,0.02,2.0,0.3,5.725714286,1.911,2.996187486,plamGFP,2.0,0.0,0.0,1.0,2026-06-12,15.0,10.0,35.0,120.0,1.2,1.8,1.8,1.8,1.0,0.477142857,0.0,10.0,8.0,0.0,2.0,30.0,100.0,0.03243721972443789,3.368421052631583,1.5105555555555557,True
PPK_20250612_C23,5,C23,GFP-M-G100,PPK_20250612,PolyP + PPK + 8 mM Mg,Sample,,,,,,,,Cytation3,0.0,100,M,GFP-M-G100,50.0,2.0,2.0,1.0,1.0,3.5,1.0,0.02,2.0,0.3,5.725714286,1.911,2.996187486,plamGFP,2.0,0.0,0.0,1.0,2026-06-12,15.0,10.0,35.0,120.0,1.2,1.8,1.8,1.8,1.0,0.477142857,0.0,10.0,8.0,0.0,2.0,30.0,100.0,0.03339523764685814,4.444444443434187,2.843888885898586,True
PPK_20250612_E19,5,E19,GFP-M-G100,PPK_20250612,PolyP + PPK + 10 mM Mg,Sample,,,,,,,,Cytation3,0.0,100,M,GFP-M-G100,50.0,2.0,2.0,1.0,1.0,3.5,1.0,0.02,2.0,0.3,5.725714286,1.911,2.996187486,plamGFP,2.0,0.0,0.0,1.0,2026-06-12,15.0,10.0,35.0,120.0,1.2,1.8,1.8,1.8,1.0,0.477142857,0.0,10.0,10.0,0.0,2.0,30.0,100.0,0.03676185027282251,3.839999999638124,3.760555553854201,True
PPK_20250612_E21,5,E21,GFP-M-G100,PPK_20250612,PolyP + PPK + 10 mM Mg,Sample,,,,,,,,Cytation3,0.0,100,M,GFP-M-G100,50.0,2.0,2.0,1.0,1.0,3.5,1.0,0.02,2.0,0.3,5.725714286,1.911,2.996187486,plamGFP,2.0,0.0,0.0,1.0,2026-06-12,15.0,10.0,35.0,120.0,1.2,1.8,1.8,1.8,1.0,0.477142857,0.0,10.0,10.0,0.0,2.0,30.0,100.0,0.03275531649491618,5.090909090784858,0.8438888873473203,True
PPK_20250612_E23,5,E23,GFP-M-G100,PPK_20250612,PolyP + PPK + 10 mM Mg,Sample,,,,,,,,Cytation3,0.0,100,M,GFP-M-G100,50.0,2.0,2.0,1.0,1.0,3.5,1.0,0.02,2.0,0.3,5.725714286,1.911,2.996187486,plamGFP,2.0,0.0,0.0,1.0,2026-06-12,15.0,10.0,35.0,120.0,1.2,1.8,1.8,1.8,1.0,0.477142857,0.0,10.0,10.0,0.0,2.0,30.0,100.0,0.032631552378636054,5.759999999738059,1.3438888859326519,True
PPK_20250612_G19,5,G19,GFP-M-G100,PPK_20250612,PolyP + PPK + 12 mM Mg,Sample,,,,,,,,Cytation3,0.0,100,M,GFP-M-G100,50.0,2.0,2.0,1.0,1.0,3.5,1.0,0.02,2.0,0.3,5.725714286,1.911,2.996187486,plamGFP,2.0,0.0,0.0,1.0,2026-06-12,15.0,10.0,35.0,120.0,1.2,1.8,1.8,1.8,1.0,0.477142857,0.0,10.0,12.0,0.0,2.0,30.0,100.0,0.03577383041986384,2.9090909089414385,2.260555554935167,True
PPK_20250612_G21,5,G21,GFP-M-G100,PPK_20250612,PolyP + PPK + 12 mM Mg,Sample,,,,,,,,Cytation3,0.0,100,M,GFP-M-G100,50.0,2.0,2.0,1.0,1.0,3.5,1.0,0.02,2.0,0.3,5.725714286,1.911,2.996187486,plamGFP,2.0,0.0,0.0,1.0,2026-06-12,15.0,10.0,35.0,120.0,1.2,1.8,1.8,1.8,1.0,0.477142857,0.0,10.0,12.0,0.0,2.0,30.0,100.0,0.040647826640027675,3.555555555485292,2.0105555551097645,True
PPK_20250612_G23,5,G23,GFP-M-G100,PPK_20250612,PolyP + PPK + 12 mM Mg,Sample,,,,,,,,Cytation3,0.0,100,M,GFP-M-G100,50.0,2.0,2.0,1.0,1.0,3.5,1.0,0.02,2.0,0.3,5.725714286,1.911,2.996187486,plamGFP,2.0,0.0,0.0,1.0,2026-06-12,15.0,10.0,35.0,120.0,1.2,1.8,1.8,1.8,1.0,0.477142857,0.0,10.0,12.0,0.0,2.0,30.0,100.0,0.06698245170764355,4.631578947312506,3.0105555546993292,True
PPK_20250612_I19,5,I19,GFP-M-G100,PPK_20250612,PolyP + PPK + 14 mM Mg,Sample,,,,,,,,Cytation3,0.0,100,M,GFP-M-G100,50.0,2.0,2.0,1.0,1.0,3.5,1.0,0.02,2.0,0.3,5.725714286,1.911,2.996187486,plamGFP,2.0,0.0,0.0,1.0,2026-06-12,15.0,10.0,35.0,120.0,1.2,1.8,1.8,1.8,1.0,0.477142857,0.0,10.0,14.0,0.0,2.0,30.0,100.0,5.490792456484133,1.7009646574376693,2.3527228210836535,False
PPK_20250612_I21,5,I21,GFP-M-G100,PPK_20250612,PolyP + PPK + 14 mM Mg,Sample,,,,,,,,Cytation3,0.0,100,M,GFP-M-G100,50.0,2.0,2.0,1.0,1.0,3.5,1.0,0.02,2.0,0.3,5.725714286,1.911,2.996187486,plamGFP,2.0,0.0,0.0,1.0,2026-06-12,15.0,10.0,35.0,120.0,1.2,1.8,1.8,1.8,1.0,0.477142857,0.0,10.0,14.0,0.0,2.0,30.0,100.0,5.967736166576239,1.715593495708395,2.3308422182336073,False
PPK_20250612_I23,5,I23,GFP-M-G100,PPK_20250612,PolyP + PPK + 14 mM Mg,Sample,,,,,,,,Cytation3,0.0,100,M,GFP-M-G100,50.0,2.0,2.0,1.0,1.0,3.5,1.0,0.02,2.0,0.3,5.725714286,1.911,2.996187486,plamGFP,2.0,0.0,0.0,1.0,2026-06-12,15.0,10.0,35.0,120.0,1.2,1.8,1.8,1.8,1.0,0.477142857,0.0,10.0,14.0,0.0,2.0,30.0,100.0,9.426942441820975,1.7285424084367997,2.010440592250893,False
PPK_20250613_I1,6,I1,GFP-F-G35,PPK_20250613,14 mM Mg,Sample,,,,,,,,Cytation3,0.0,35,F,GFP-F-G35,50.0,2.0,2.0,1.0,1.0,3.5,1.0,0.02,2.0,0.3,5.725714286,1.911,2.996187486,plamGFP,2.0,0.0,0.0,1.0,2025-06-13,15.0,10.0,35.0,120.0,1.2,1.8,1.8,1.8,1.0,0.477142857,0.0,10.0,14.0,0.0,2.0,30.0,100.0,9.136101087943109,1.4189841364811868,2.602477252367404,False
PPK_20250613_I4,6,I4,GFP-F-G35,PPK_20250613,14 mM Mg,Sample,,,,,,,,Cytation3,0.0,35,F,GFP-F-G35,50.0,2.0,2.0,1.0,1.0,3.5,1.0,0.02,2.0,0.3,5.725714286,1.911,2.996187486,plamGFP,2.0,0.0,0.0,1.0,2025-06-13,15.0,10.0,35.0,120.0,1.2,1.8,1.8,1.8,1.0,0.477142857,0.0,10.0,14.0,0.0,2.0,30.0,100.0,7.690161714053275,1.4131003898232122,2.71312992859581,False
PPK_20250613_I7,6,I7,GFP-F-G35,PPK_20250613,14 mM Mg,Sample,,,,,,,,Cytation3,0.0,35,F,GFP-F-G35,50.0,2.0,2.0,1.0,1.0,3.5,1.0,0.02,2.0,0.3,5.725714286,1.911,2.996187486,plamGFP,2.0,0.0,0.0,1.0,2025-06-13,15.0,10.0,35.0,120.0,1.2,1.8,1.8,1.8,1.0,0.477142857,0.0,10.0,14.0,0.0,2.0,30.0,100.0,11.086439728162206,1.599566499925077,2.4166685838881894,False
PPK_20250613_K1,6,K1,GFP-F-G35,PPK_20250613,16 mM Mg,Sample,,,,,,,,Cytation3,0.0,35,F,GFP-F-G35,50.0,2.0,2.0,1.0,1.0,3.5,1.0,0.02,2.0,0.3,5.725714286,1.911,2.996187486,plamGFP,2.0,0.0,0.0,1.0,2025-06-13,15.0,10.0,35.0,120.0,1.2,1.8,1.8,1.8,1.0,0.477142857,0.0,10.0,16.0,0.0,2.0,30.0,100.0,55.5050476748481,4.0455244715464,1.010971029003707,False
PPK_20250613_K4,6,K4,GFP-F-G35,PPK_20250613,16 mM Mg,Sample,,,,,,,,Cytation3,0.0,35,F,GFP-F-G35,50.0,2.0,2.0,1.0,1.0,3.5,1.0,0.02,2.0,0.3,5.725714286,1.911,2.996187486,plamGFP,2.0,0.0,0.0,1.0,2025-06-13,15.0,10.0,35.0,120.0,1.2,1.8,1.8,1.8,1.0,0.477142857,0.0,10.0,16.0,0.0,2.0,30.0,100.0,54.809647598362,4.067545370892525,0.9979335431810872,False
PPK_20250613_K7,6,K7,GFP-F-G35,PPK_20250613,16 mM Mg,Sample,,,,,,,,Cytation3,0.0,35,F,GFP-F-G35,50.0,2.0,2.0,1.0,1.0,3.5,1.0,0.02,2.0,0.3,5.725714286,1.911,2.996187486,plamGFP,2.0,0.0,0.0,1.0,2025-06-13,15.0,10.0,35.0,120.0,1.2,1.8,1.8,1.8,1.0,0.477142857,0.0,10.0,16.0,0.0,2.0,30.0,100.0,54.60139556571914,4.149867566509623,0.9840346464257045,False
PPK_20250613_M1,6,M1,GFP-F-G35,PPK_20250613,18 mM Mg,Sample,,,,,,,,Cytation3,0.0,35,F,GFP-F-G35,50.0,2.0,2.0,1.0,1.0,3.5,1.0,0.02,2.0,0.3,5.725714286,1.911,2.996187486,plamGFP,2.0,0.0,0.0,1.0,2025-06-13,15.0,10.0,35.0,120.0,1.2,1.8,1.8,1.8,1.0,0.477142857,0.0,10.0,18.0,0.0,2.0,30.0,100.0,58.285094344288744,4.211509786989665,1.0060746158673848,False
PPK_20250613_M4,6,M4,GFP-F-G35,PPK_20250613,18 mM Mg,Sample,,,,,,,,Cytation3,0.0,35,F,GFP-F-G35,50.0,2.0,2.0,1.0,1.0,3.5,1.0,0.02,2.0,0.3,5.725714286,1.911,2.996187486,plamGFP,2.0,0.0,0.0,1.0,2025-06-13,15.0,10.0,35.0,120.0,1.2,1.8,1.8,1.8,1.0,0.477142857,0.0,10.0,18.0,0.0,2.0,30.0,100.0,55.027839701505776,4.374603419088824,0.9736793068081375,False
PPK_20250613_M7,6,M7,GFP-F-G35,PPK_20250613,18 mM Mg,Sample,,,,,,,,Cytation3,0.0,35,F,GFP-F-G35,50.0,2.0,2.0,1.0,1.0,3.5,1.0,0.02,2.0,0.3,5.725714286,1.911,2.996187486,plamGFP,2.0,0.0,0.0,1.0,2025-06-13,15.0,10.0,35.0,120.0,1.2,1.8,1.8,1.8,1.0,0.477142857,0.0,10.0,18.0,0.0,2.0,30.0,100.0,51.659654690141025,4.888820076204026,0.941982874254678,False
PPK_20250613_O1,6,O1,GFP-F-G35,PPK_20250613,20 mM Mg,Sample,,,,,,,,Cytation3,0.0,35,F,GFP-F-G35,50.0,2.0,2.0,1.0,1.0,3.5,1.0,0.02,2.0,0.3,5.725714286,1.911,2.996187486,plamGFP,2.0,0.0,0.0,1.0,2025-06-13,15.0,10.0,35.0,120.0,1.2,1.8,1.8,1.8,1.0,0.477142857,0.0,10.0,20.0,0.0,2.0,30.0,100.0,50.10209704471275,4.814967872968696,1.0156912726678862,False
PPK_20250613_O4,6,O4,GFP-F-G35,PPK_20250613,20 mM Mg,Sample,,,,,,,,Cytation3,0.0,35,F,GFP-F-G35,50.0,2.0,2.0,1.0,1.0,3.5,1.0,0.02,2.0,0.3,5.725714286,1.911,2.996187486,plamGFP,2.0,0.0,0.0,1.0,2025-06-13,15.0,10.0,35.0,120.0,1.2,1.8,1.8,1.8,1.0,0.477142857,0.0,10.0,20.0,0.0,2.0,30.0,100.0,50.501167451671456,4.73915051592746,1.01017421476,False
PPK_20250613_O7,6,O7,GFP-F-G35,PPK_20250613,20 mM Mg,Sample,,,,,,,,Cytation3,0.0,35,F,GFP-F-G35,50.0,2.0,2.0,1.0,1.0,3.5,1.0,0.02,2.0,0.3,5.725714286,1.911,2.996187486,plamGFP,2.0,0.0,0.0,1.0,2025-06-13,15.0,10.0,35.0,120.0,1.2,1.8,1.8,1.8,1.0,0.477142857,0.0,10.0,20.0,0.0,2.0,30.0,100.0,45.98338762159493,4.879422090293627,0.9923643538126852,False
PPK_20250613_I1,6,I1,GFP-M-G100,PPK_20250613,14 mM Mg,Sample,,,,,,,,Cytation3,0.0,100,M,GFP-M-G100,50.0,2.0,2.0,1.0,1.0,3.5,1.0,0.02,2.0,0.3,5.725714286,1.911,2.996187486,plamGFP,2.0,0.0,0.0,1.0,2025-06-13,15.0,10.0,35.0,120.0,1.2,1.8,1.8,1.8,1.0,0.477142857,0.0,10.0,14.0,0.0,2.0,30.0,100.0,3.5956920398497374,1.5331514856616104,2.589722496521374,False
PPK_20250613_I4,6,I4,GFP-M-G100,PPK_20250613,14 mM Mg,Sample,,,,,,,,Cytation3,0.0,100,M,GFP-M-G100,50.0,2.0,2.0,1.0,1.0,3.5,1.0,0.02,2.0,0.3,5.725714286,1.911,2.996187486,plamGFP,2.0,0.0,0.0,1.0,2025-06-13,15.0,10.0,35.0,120.0,1.2,1.8,1.8,1.8,1.0,0.477142857,0.0,10.0,14.0,0.0,2.0,30.0,100.0,3.018505328143757,1.427350318279447,2.5897228130152254,False
PPK_20250613_I7,6,I7,GFP-M-G100,PPK_20250613,14 mM Mg,Sample,,,,,,,,Cytation3,0.0,100,M,GFP-M-G100,50.0,2.0,2.0,1.0,1.0,3.5,1.0,0.02,2.0,0.3,5.725714286,1.911,2.996187486,plamGFP,2.0,0.0,0.0,1.0,2025-06-13,15.0,10.0,35.0,120.0,1.2,1.8,1.8,1.8,1.0,0.477142857,0.0,10.0,14.0,0.0,2.0,30.0,100.0,4.4019133367891135,1.5552280290009686,2.4230563895683366,False
PPK_20250613_K1,6,K1,GFP-M-G100,PPK_20250613,16 mM Mg,Sample,,,,,,,,Cytation3,0.0,100,M,GFP-M-G100,50.0,2.0,2.0,1.0,1.0,3.5,1.0,0.02,2.0,0.3,5.725714286,1.911,2.996187486,plamGFP,2.0,0.0,0.0,1.0,2025-06-13,15.0,10.0,35.0,120.0,1.2,1.8,1.8,1.8,1.0,0.477142857,0.0,10.0,16.0,0.0,2.0,30.0,100.0,28.5725186551089,3.8842344731437723,1.05914958882801,False
PPK_20250613_K4,6,K4,GFP-M-G100,PPK_20250613,16 mM Mg,Sample,,,,,,,,Cytation3,0.0,100,M,GFP-M-G100,50.0,2.0,2.0,1.0,1.0,3.5,1.0,0.02,2.0,0.3,5.725714286,1.911,2.996187486,plamGFP,2.0,0.0,0.0,1.0,2025-06-13,15.0,10.0,35.0,120.0,1.2,1.8,1.8,1.8,1.0,0.477142857,0.0,10.0,16.0,0.0,2.0,30.0,100.0,29.21039294597199,3.5888647590370026,1.0774328603769343,False
PPK_20250613_K7,6,K7,GFP-M-G100,PPK_20250613,16 mM Mg,Sample,,,,,,,,Cytation3,0.0,100,M,GFP-M-G100,50.0,2.0,2.0,1.0,1.0,3.5,1.0,0.02,2.0,0.3,5.725714286,1.911,2.996187486,plamGFP,2.0,0.0,0.0,1.0,2025-06-13,15.0,10.0,35.0,120.0,1.2,1.8,1.8,1.8,1.0,0.477142857,0.0,10.0,16.0,0.0,2.0,30.0,100.0,28.636118833573516,3.7068476199431175,1.054083985392464,False
PPK_20250613_M1,6,M1,GFP-M-G100,PPK_20250613,18 mM Mg,Sample,,,,,,,,Cytation3,0.0,100,M,GFP-M-G100,50.0,2.0,2.0,1.0,1.0,3.5,1.0,0.02,2.0,0.3,5.725714286,1.911,2.996187486,plamGFP,2.0,0.0,0.0,1.0,2025-06-13,15.0,10.0,35.0,120.0,1.2,1.8,1.8,1.8,1.0,0.477142857,0.0,10.0,18.0,0.0,2.0,30.0,100.0,28.14036060848382,3.8412652650043255,1.0692342604922445,False
PPK_20250613_M4,6,M4,GFP-M-G100,PPK_20250613,18 mM Mg,Sample,,,,,,,,Cytation3,0.0,100,M,GFP-M-G100,50.0,2.0,2.0,1.0,1.0,3.5,1.0,0.02,2.0,0.3,5.725714286,1.911,2.996187486,plamGFP,2.0,0.0,0.0,1.0,2025-06-13,15.0,10.0,35.0,120.0,1.2,1.8,1.8,1.8,1.0,0.477142857,0.0,10.0,18.0,0.0,2.0,30.0,100.0,28.359305494693935,4.158279076972531,1.0234681018166143,False
PPK_20250613_M7,6,M7,GFP-M-G100,PPK_20250613,18 mM Mg,Sample,,,,,,,,Cytation3,0.0,100,M,GFP-M-G100,50.0,2.0,2.0,1.0,1.0,3.5,1.0,0.02,2.0,0.3,5.725714286,1.911,2.996187486,plamGFP,2.0,0.0,0.0,1.0,2025-06-13,15.0,10.0,35.0,120.0,1.2,1.8,1.8,1.8,1.0,0.477142857,0.0,10.0,18.0,0.0,2.0,30.0,100.0,27.285786034411892,4.4587579355267275,0.9985036800250942,False
PPK_20250613_O1,6,O1,GFP-M-G100,PPK_20250613,20 mM Mg,Sample,,,,,,,,Cytation3,0.0,100,M,GFP-M-G100,50.0,2.0,2.0,1.0,1.0,3.5,1.0,0.02,2.0,0.3,5.725714286,1.911,2.996187486,plamGFP,2.0,0.0,0.0,1.0,2025-06-13,15.0,10.0,35.0,120.0,1.2,1.8,1.8,1.8,1.0,0.477142857,0.0,10.0,20.0,0.0,2.0,30.0,100.0,26.11893744869126,4.096020403583791,1.0762355922884959,False
PPK_20250613_O4,6,O4,GFP-M-G100,PPK_20250613,20 mM Mg,Sample,,,,,,,,Cytation3,0.0,100,M,GFP-M-G100,50.0,2.0,2.0,1.0,1.0,3.5,1.0,0.02,2.0,0.3,5.725714286,1.911,2.996187486,plamGFP,2.0,0.0,0.0,1.0,2025-06-13,15.0,10.0,35.0,120.0,1.2,1.8,1.8,1.8,1.0,0.477142857,0.0,10.0,20.0,0.0,2.0,30.0,100.0,24.475293946274356,4.083880331563768,1.0647358987988305,False
PPK_20250613_O7,6,O7,GFP-M-G100,PPK_20250613,20 mM Mg,Sample,,,,,,,,Cytation3,0.0,100,M,GFP-M-G100,50.0,2.0,2.0,1.0,1.0,3.5,1.0,0.02,2.0,0.3,5.725714286,1.911,2.996187486,plamGFP,2.0,0.0,0.0,1.0,2025-06-13,15.0,10.0,35.0,120.0,1.2,1.8,1.8,1.8,1.0,0.477142857,0.0,10.0,20.0,0.0,2.0,30.0,100.0,22.50519750362625,4.620173178389495,1.0289071174719637,False
PPK_20250616_A1,7,A1,GFP-M-Gext,PPK_20250616,PURE w/CP 8mM Mg 2+,Sample,,,,,,,,Cytation5,1.0,ext,M,GFP-M-Gext,50.0,2.0,2.0,1.0,1.0,3.5,1.0,0.02,2.0,0.3,5.725714286,1.911,2.996187486,plamGFP,2.0,0.0,0.0,1.0,2026-06-16,15.0,10.0,35.0,120.0,1.2,1.8,1.8,1.8,1.0,0.477142857,0.0,10.0,8.0,20.0,0.0,0.0,100.0,56.09666675515914,2.979131000542812,1.4709622761434595,False
PPK_20250616_A4,7,A4,GFP-M-Gext,PPK_20250616,PURE w/CP 8mM Mg 2+,Sample,,,,,,,,Cytation5,1.0,ext,M,GFP-M-Gext,50.0,2.0,2.0,1.0,1.0,3.5,1.0,0.02,2.0,0.3,5.725714286,1.911,2.996187486,plamGFP,2.0,0.0,0.0,1.0,2026-06-16,15.0,10.0,35.0,120.0,1.2,1.8,1.8,1.8,1.0,0.477142857,0.0,10.0,8.0,20.0,0.0,0.0,100.0,59.29813636402283,2.9611655637504875,1.468948591241914,False
PPK_20250616_A7,7,A7,GFP-M-Gext,PPK_20250616,PURE w/CP 8mM Mg 2+,Sample,,,,,,,,Cytation5,1.0,ext,M,GFP-M-Gext,50.0,2.0,2.0,1.0,1.0,3.5,1.0,0.02,2.0,0.3,5.725714286,1.911,2.996187486,plamGFP,2.0,0.0,0.0,1.0,2026-06-16,15.0,10.0,35.0,120.0,1.2,1.8,1.8,1.8,1.0,0.477142857,0.0,10.0,8.0,20.0,0.0,0.0,100.0,54.79977164721992,2.8905969820758597,1.4731103778116816,False
PPK_20250616_E1,7,E1,GFP-M-Gext,PPK_20250616,PURE w/PPK + Polyp 18mM Mg 2+,Sample,,,,,,,,Cytation5,0.0,ext,M,GFP-M-Gext,50.0,2.0,2.0,1.0,1.0,3.5,1.0,0.02,2.0,0.3,5.725714286,1.911,2.996187486,plamGFP,2.0,0.0,0.0,1.0,2026-06-16,15.0,10.0,35.0,120.0,1.2,1.8,1.8,1.8,1.0,0.477142857,0.0,10.0,18.0,0.0,2.0,30.0,100.0,12.886339601355274,3.0780249118629293,1.1465295949820948,False
PPK_20250616_E4,7,E4,GFP-M-Gext,PPK_20250616,PURE w/PPK + Polyp 18mM Mg 2+,Sample,,,,,,,,Cytation5,0.0,ext,M,GFP-M-Gext,50.0,2.0,2.0,1.0,1.0,3.5,1.0,0.02,2.0,0.3,5.725714286,1.911,2.996187486,plamGFP,2.0,0.0,0.0,1.0,2026-06-16,15.0,10.0,35.0,120.0,1.2,1.8,1.8,1.8,1.0,0.477142857,0.0,10.0,18.0,0.0,2.0,30.0,100.0,13.045767216211136,2.9913124041678487,1.1904614551480555,False
PPK_20250616_E7,7,E7,GFP-M-Gext,PPK_20250616,PURE w/PPK + Polyp 18mM Mg 2+,Sample,,,,,,,,Cytation5,0.0,ext,M,GFP-M-Gext,50.0,2.0,2.0,1.0,1.0,3.5,1.0,0.02,2.0,0.3,5.725714286,1.911,2.996187486,plamGFP,2.0,0.0,0.0,1.0,2026-06-16,15.0,10.0,35.0,120.0,1.2,1.8,1.8,1.8,1.0,0.477142857,0.0,10.0,18.0,0.0,2.0,30.0,100.0,12.540840619395976,3.027670472352501,1.1730302999002453,False
PPK_20250616_G1,7,G1,GFP-M-Gext,PPK_20250616,PURE w/CP + PPK + Polyp 18mM Mg 2+,Sample,,,,,,,,Cytation5,1.0,ext,M,GFP-M-Gext,50.0,2.0,2.0,1.0,1.0,3.5,1.0,0.02,2.0,0.3,5.725714286,1.911,2.996187486,plamGFP,2.0,0.0,0.0,1.0,2026-06-16,15.0,10.0,35.0,120.0,1.2,1.8,1.8,1.8,1.0,0.477142857,0.0,10.0,18.0,20.0,2.0,30.0,100.0,114.11767510029226,2.501160718687324,1.6095298591795644,False
PPK_20250616_G4,7,G4,GFP-M-Gext,PPK_20250616,PURE w/CP + PPK + Polyp 18mM Mg 2+,Sample,,,,,,,,Cytation5,1.0,ext,M,GFP-M-Gext,50.0,2.0,2.0,1.0,1.0,3.5,1.0,0.02,2.0,0.3,5.725714286,1.911,2.996187486,plamGFP,2.0,0.0,0.0,1.0,2026-06-16,15.0,10.0,35.0,120.0,1.2,1.8,1.8,1.8,1.0,0.477142857,0.0,10.0,18.0,20.0,2.0,30.0,100.0,112.83334500276845,2.5115565225304333,1.598835985243857,False
PPK_20250616_G7,7,G7,GFP-M-Gext,PPK_20250616,PURE w/CP + PPK + Polyp 18mM Mg 2+,Sample,,,,,,,,Cytation5,1.0,ext,M,GFP-M-Gext,50.0,2.0,2.0,1.0,1.0,3.5,1.0,0.02,2.0,0.3,5.725714286,1.911,2.996187486,plamGFP,2.0,0.0,0.0,1.0,2026-06-16,15.0,10.0,35.0,120.0,1.2,1.8,1.8,1.8,1.0,0.477142857,0.0,10.0,18.0,20.0,2.0,30.0,100.0,110.5163357946161,2.5429587675597154,1.5834261757569768,False
Mg_K_screen-20251105_090558_A1,8,A1,GFP-F-G35,Mg_K_screen-20251105_090558,Mg 4; K 17,Sample,,,,,,,,Synergy 2,,35,F,GFP-F-G35,50.0,2.0,2.0,1.0,1.0,3.5,1.0,0.02,2.0,0.3,,1.851,5.0,plamGFP,0.0,40000.0,2000.0,1.0,2025-11-05,15.0,10.0,,,,1.8,,1.8,,,,5.0,7.0,20.0,0.0,0.0,100.0,34.35991541696411,2.1189917017100712,1.423245178049889,False
Mg_K_screen-20251105_090558_A2,8,A2,GFP-F-G35,Mg_K_screen-20251105_090558,Mg 4; K 34,Sample,,,,,,,,Synergy 2,,35,F,GFP-F-G35,50.0,2.0,2.0,1.0,1.0,3.5,1.0,0.02,2.0,0.3,,1.851,5.0,plamGFP,0.0,40000.0,2000.0,1.0,2025-11-05,15.0,10.0,,,,1.8,,1.8,,,,5.0,7.0,20.0,0.0,0.0,120.0,44.283727586602005,2.1054388292236283,1.4504699791495264,False
Mg_K_screen-20251105_090558_A3,8,A3,GFP-F-G35,Mg_K_screen-20251105_090558,Mg 4; K 51,Sample,,,,,,,,Synergy 2,,35,F,GFP-F-G35,50.0,2.0,2.0,1.0,1.0,3.5,1.0,0.02,2.0,0.3,,1.851,5.0,plamGFP,0.0,40000.0,2000.0,1.0,2025-11-05,15.0,10.0,,,,1.8,,1.8,,,,5.0,7.0,20.0,0.0,0.0,140.0,51.93148732772012,2.093026302372597,1.4765665884960588,False
Mg_K_screen-20251105_090558_B1,8,B1,GFP-F-G35,Mg_K_screen-20251105_090558,Mg 4; K 34,Sample,,,,,,,,Synergy 2,,35,F,GFP-F-G35,50.0,2.0,2.0,1.0,1.0,3.5,1.0,0.02,2.0,0.3,,1.851,5.0,plamGFP,0.0,40000.0,2000.0,1.0,2025-11-05,15.0,10.0,,,,1.8,,1.8,,,,5.0,7.0,20.0,0.0,0.0,120.0,36.23095768816541,2.093843886488457,1.4607748705285102,False
Mg_K_screen-20251105_090558_B2,8,B2,GFP-F-G35,Mg_K_screen-20251105_090558,Mg 4; K 17,Sample,,,,,,,,Synergy 2,,35,F,GFP-F-G35,50.0,2.0,2.0,1.0,1.0,3.5,1.0,0.02,2.0,0.3,,1.851,5.0,plamGFP,0.0,40000.0,2000.0,1.0,2025-11-05,15.0,10.0,,,,1.8,,1.8,,,,5.0,7.0,20.0,0.0,0.0,100.0,32.92119756926079,2.0652178192030903,1.4245042960886554,False
Mg_K_screen-20251105_090558_B3,8,B3,GFP-F-G35,Mg_K_screen-20251105_090558,Mg 8; K 17,Sample,,,,,,,,Synergy 2,,35,F,GFP-F-G35,50.0,2.0,2.0,1.0,1.0,3.5,1.0,0.02,2.0,0.3,,1.851,5.0,plamGFP,0.0,40000.0,2000.0,1.0,2025-11-05,15.0,10.0,,,,1.8,,1.8,,,,5.0,9.0,20.0,0.0,0.0,100.0,28.11864843373179,2.298428047712314,1.375698936286041,False
Mg_K_screen-20251105_090558_C1,8,C1,GFP-F-G35,Mg_K_screen-20251105_090558,Mg 4; K 51,Sample,,,,,,,,Synergy 2,,35,F,GFP-F-G35,50.0,2.0,2.0,1.0,1.0,3.5,1.0,0.02,2.0,0.3,,1.851,5.0,plamGFP,0.0,40000.0,2000.0,1.0,2025-11-05,15.0,10.0,,,,1.8,,1.8,,,,5.0,7.0,20.0,0.0,0.0,140.0,47.45487601523061,2.0822469983999925,1.463887748014099,False
Mg_K_screen-20251105_090558_C2,8,C2,GFP-F-G35,Mg_K_screen-20251105_090558,Mg 20; K 51,Sample,,,,,,,,Synergy 2,,35,F,GFP-F-G35,50.0,2.0,2.0,1.0,1.0,3.5,1.0,0.02,2.0,0.3,,1.851,5.0,plamGFP,0.0,40000.0,2000.0,1.0,2025-11-05,15.0,10.0,,,,1.8,,1.8,,,,5.0,15.0,20.0,0.0,0.0,140.0,3.814848666827222,2.049574117206804,1.709346766449654,False
Mg_K_screen-20251105_090558_C3,8,C3,GFP-F-G35,Mg_K_screen-20251105_090558,Mg 8; K 34,Sample,,,,,,,,Synergy 2,,35,F,GFP-F-G35,50.0,2.0,2.0,1.0,1.0,3.5,1.0,0.02,2.0,0.3,,1.851,5.0,plamGFP,0.0,40000.0,2000.0,1.0,2025-11-05,15.0,10.0,,,,1.8,,1.8,,,,5.0,9.0,20.0,0.0,0.0,120.0,34.19633267965034,2.23360370628633,1.4189392028849956,False
Mg_K_screen-20251105_090558_D1,8,D1,GFP-F-G35,Mg_K_screen-20251105_090558,Mg 8; K 17,Sample,,,,,,,,Synergy 2,,35,F,GFP-F-G35,50.0,2.0,2.0,1.0,1.0,3.5,1.0,0.02,2.0,0.3,,1.851,5.0,plamGFP,0.0,40000.0,2000.0,1.0,2025-11-05,15.0,10.0,,,,1.8,,1.8,,,,5.0,9.0,20.0,0.0,0.0,100.0,21.68270204764396,2.3792873364348877,1.3455502538797757,False
Mg_K_screen-20251105_090558_D2,8,D2,GFP-F-G35,Mg_K_screen-20251105_090558,Mg 20; K 34,Sample,,,,,,,,Synergy 2,,35,F,GFP-F-G35,50.0,2.0,2.0,1.0,1.0,3.5,1.0,0.02,2.0,0.3,,1.851,5.0,plamGFP,0.0,40000.0,2000.0,1.0,2025-11-05,15.0,10.0,,,,1.8,,1.8,,,,5.0,15.0,20.0,0.0,0.0,120.0,1.3212929173112955,1.505226375333808,1.5833340049292146,False
Mg_K_screen-20251105_090558_D3,8,D3,GFP-F-G35,Mg_K_screen-20251105_090558,Mg 8; K 51,Sample,,,,,,,,Synergy 2,,35,F,GFP-F-G35,50.0,2.0,2.0,1.0,1.0,3.5,1.0,0.02,2.0,0.3,,1.851,5.0,plamGFP,0.0,40000.0,2000.0,1.0,2025-11-05,15.0,10.0,,,,1.8,,1.8,,,,5.0,9.0,20.0,0.0,0.0,140.0,41.03976644643205,2.1810314014489895,1.4564554457782357,False
Mg_K_screen-20251105_090558_E1,8,E1,GFP-F-G35,Mg_K_screen-20251105_090558,Mg 8; K 34,Sample,,,,,,,,Synergy 2,,35,F,GFP-F-G35,50.0,2.0,2.0,1.0,1.0,3.5,1.0,0.02,2.0,0.3,,1.851,5.0,plamGFP,0.0,40000.0,2000.0,1.0,2025-11-05,15.0,10.0,,,,1.8,,1.8,,,,5.0,9.0,20.0,0.0,0.0,120.0,25.81982836646953,2.3193966788213625,1.3728602532917207,False
Mg_K_screen-20251105_090558_E2,8,E2,GFP-F-G35,Mg_K_screen-20251105_090558,Mg 20; K 17,Sample,,,,,,,,Synergy 2,,35,F,GFP-F-G35,50.0,2.0,2.0,1.0,1.0,3.5,1.0,0.02,2.0,0.3,,1.851,5.0,plamGFP,0.0,40000.0,2000.0,1.0,2025-11-05,15.0,10.0,,,,1.8,,1.8,,,,5.0,15.0,20.0,0.0,0.0,100.0,0.9924753138126283,1.438759634156037,1.6666670316856618,False
Mg_K_screen-20251105_090558_E3,8,E3,GFP-F-G35,Mg_K_screen-20251105_090558,Mg 12; K 17,Sample,,,,,,,,Synergy 2,,35,F,GFP-F-G35,50.0,2.0,2.0,1.0,1.0,3.5,1.0,0.02,2.0,0.3,,1.851,5.0,plamGFP,0.0,40000.0,2000.0,1.0,2025-11-05,15.0,10.0,,,,1.8,,1.8,,,,5.0,11.0,20.0,0.0,0.0,100.0,9.149197281162861,2.1098984065206765,1.5654509698354822,False
Mg_K_screen-20251105_090558_E4,8,E4,GFP-F-G35,Mg_K_screen-20251105_090558,Mg 20; K 51,Sample,,,,,,,,Synergy 2,,35,F,GFP-F-G35,50.0,2.0,2.0,1.0,1.0,3.5,1.0,0.02,2.0,0.3,,1.851,5.0,plamGFP,0.0,40000.0,2000.0,1.0,2025-11-05,15.0,10.0,,,,1.8,,1.8,,,,5.0,15.0,20.0,0.0,0.0,140.0,1.756279471275696,1.635738627155716,1.5000017826022896,True
Mg_K_screen-20251105_090558_F1,8,F1,GFP-F-G35,Mg_K_screen-20251105_090558,Mg 8; K 51,Sample,,,,,,,,Synergy 2,,35,F,GFP-F-G35,50.0,2.0,2.0,1.0,1.0,3.5,1.0,0.02,2.0,0.3,,1.851,5.0,plamGFP,0.0,40000.0,2000.0,1.0,2025-11-05,15.0,10.0,,,,1.8,,1.8,,,,5.0,9.0,20.0,0.0,0.0,140.0,38.33479690532588,2.193584481944622,1.436147558385049,False
Mg_K_screen-20251105_090558_F2,8,F2,GFP-F-G35,Mg_K_screen-20251105_090558,Mg 16; K 51,Sample,,,,,,,,Synergy 2,,35,F,GFP-F-G35,50.0,2.0,2.0,1.0,1.0,3.5,1.0,0.02,2.0,0.3,,1.851,5.0,plamGFP,0.0,40000.0,2000.0,1.0,2025-11-05,15.0,10.0,,,,1.8,,1.8,,,,5.0,13.0,20.0,0.0,0.0,140.0,5.94206038085439,2.150754743977179,1.660682927109843,False
Mg_K_screen-20251105_090558_F3,8,F3,GFP-F-G35,Mg_K_screen-20251105_090558,Mg 12; K 34,Sample,,,,,,,,Synergy 2,,35,F,GFP-F-G35,50.0,2.0,2.0,1.0,1.0,3.5,1.0,0.02,2.0,0.3,,1.851,5.0,plamGFP,0.0,40000.0,2000.0,1.0,2025-11-05,15.0,10.0,,,,1.8,,1.8,,,,5.0,11.0,20.0,0.0,0.0,120.0,14.283863505611961,2.533095554063011,1.4936481481828445,False
Mg_K_screen-20251105_090558_F4,8,F4,GFP-F-G35,Mg_K_screen-20251105_090558,Mg 20; K 34,Sample,,,,,,,,Synergy 2,,35,F,GFP-F-G35,50.0,2.0,2.0,1.0,1.0,3.5,1.0,0.02,2.0,0.3,,1.851,5.0,plamGFP,0.0,40000.0,2000.0,1.0,2025-11-05,15.0,10.0,,,,1.8,,1.8,,,,5.0,15.0,20.0,0.0,0.0,120.0,1.1930071880174755,1.4949493862194092,1.5833341233028462,True
Mg_K_screen-20251105_090558_G1,8,G1,GFP-F-G35,Mg_K_screen-20251105_090558,Mg 12; K 17,Sample,,,,,,,,Synergy 2,,35,F,GFP-F-G35,50.0,2.0,2.0,1.0,1.0,3.5,1.0,0.02,2.0,0.3,,1.851,5.0,plamGFP,0.0,40000.0,2000.0,1.0,2025-11-05,15.0,10.0,,,,1.8,,1.8,,,,5.0,11.0,20.0,0.0,0.0,100.0,6.7349808015686214,2.3082288865880822,1.536300908944062,False
Mg_K_screen-20251105_090558_G2,8,G2,GFP-F-G35,Mg_K_screen-20251105_090558,Mg 16; K 34,Sample,,,,,,,,Synergy 2,,35,F,GFP-F-G35,50.0,2.0,2.0,1.0,1.0,3.5,1.0,0.02,2.0,0.3,,1.851,5.0,plamGFP,0.0,40000.0,2000.0,1.0,2025-11-05,15.0,10.0,,,,1.8,,1.8,,,,5.0,13.0,20.0,0.0,0.0,120.0,4.317257685733444,1.9221081998841403,1.7581015831504316,False
Mg_K_screen-20251105_090558_G3,8,G3,GFP-F-G35,Mg_K_screen-20251105_090558,Mg 12; K 51,Sample,,,,,,,,Synergy 2,,35,F,GFP-F-G35,50.0,2.0,2.0,1.0,1.0,3.5,1.0,0.02,2.0,0.3,,1.851,5.0,plamGFP,0.0,40000.0,2000.0,1.0,2025-11-05,15.0,10.0,,,,1.8,,1.8,,,,5.0,11.0,20.0,0.0,0.0,140.0,18.90845297667268,2.183658419961193,1.4988577981226716,False
Mg_K_screen-20251105_090558_G4,8,G4,GFP-F-G35,Mg_K_screen-20251105_090558,Mg 20; K 17,Sample,,,,,,,,Synergy 2,,35,F,GFP-F-G35,50.0,2.0,2.0,1.0,1.0,3.5,1.0,0.02,2.0,0.3,,1.851,5.0,plamGFP,0.0,40000.0,2000.0,1.0,2025-11-05,15.0,10.0,,,,1.8,,1.8,,,,5.0,15.0,20.0,0.0,0.0,100.0,0.7156542646984732,1.3675213358134124,1.750000196158312,False
Mg_K_screen-20251105_090558_H1,8,H1,GFP-F-G35,Mg_K_screen-20251105_090558,Mg 12; K 34,Sample,,,,,,,,Synergy 2,,35,F,GFP-F-G35,50.0,2.0,2.0,1.0,1.0,3.5,1.0,0.02,2.0,0.3,,1.851,5.0,plamGFP,0.0,40000.0,2000.0,1.0,2025-11-05,15.0,10.0,,,,1.8,,1.8,,,,5.0,11.0,20.0,0.0,0.0,120.0,13.302289624144978,2.596748478769496,1.436222686293358,False
Mg_K_screen-20251105_090558_H2,8,H2,GFP-F-G35,Mg_K_screen-20251105_090558,Mg 16; K 17,Sample,,,,,,,,Synergy 2,,35,F,GFP-F-G35,50.0,2.0,2.0,1.0,1.0,3.5,1.0,0.02,2.0,0.3,,1.851,5.0,plamGFP,0.0,40000.0,2000.0,1.0,2025-11-05,15.0,10.0,,,,1.8,,1.8,,,,5.0,13.0,20.0,0.0,0.0,100.0,1.9742626588881853,1.6796946084474544,1.3333745181380068,True
Mg_K_screen-20251105_090558_H3,8,H3,GFP-F-G35,Mg_K_screen-20251105_090558,Mg 16; K 17,Sample,,,,,,,,Synergy 2,,35,F,GFP-F-G35,50.0,2.0,2.0,1.0,1.0,3.5,1.0,0.02,2.0,0.3,,1.851,5.0,plamGFP,0.0,40000.0,2000.0,1.0,2025-11-05,15.0,10.0,,,,1.8,,1.8,,,,5.0,13.0,20.0,0.0,0.0,100.0,1.523277610464303,1.5421685510488632,1.5000010610026564,True
Mg_K_screen-20251105_090558_H4,8,H4,GFP-F-G35,Mg_K_screen-20251105_090558,Mg 16; K 51,Sample,,,,,,,,Synergy 2,,35,F,GFP-F-G35,50.0,2.0,2.0,1.0,1.0,3.5,1.0,0.02,2.0,0.3,,1.851,5.0,plamGFP,0.0,40000.0,2000.0,1.0,2025-11-05,15.0,10.0,,,,1.8,,1.8,,,,5.0,13.0,20.0,0.0,0.0,140.0,5.513127094252147,2.1217987275182497,1.6972422603736432,False
Mg_K_screen-20251105_090558_I1,8,I1,GFP-F-G35,Mg_K_screen-20251105_090558,Mg 12; K 51,Sample,,,,,,,,Synergy 2,,35,F,GFP-F-G35,50.0,2.0,2.0,1.0,1.0,3.5,1.0,0.02,2.0,0.3,,1.851,5.0,plamGFP,0.0,40000.0,2000.0,1.0,2025-11-05,15.0,10.0,,,,1.8,,1.8,,,,5.0,11.0,20.0,0.0,0.0,140.0,18.898695372214533,2.242707384051227,1.460223359693385,False
Mg_K_screen-20251105_090558_I2,8,I2,GFP-F-G35,Mg_K_screen-20251105_090558,Mg 12; K 51,Sample,,,,,,,,Synergy 2,,35,F,GFP-F-G35,50.0,2.0,2.0,1.0,1.0,3.5,1.0,0.02,2.0,0.3,,1.851,5.0,plamGFP,0.0,40000.0,2000.0,1.0,2025-11-05,15.0,10.0,,,,1.8,,1.8,,,,5.0,11.0,20.0,0.0,0.0,140.0,20.70442646405749,2.411639770503512,1.4148712132892274,False
Mg_K_screen-20251105_090558_I3,8,I3,GFP-F-G35,Mg_K_screen-20251105_090558,Mg 16; K 34,Sample,,,,,,,,Synergy 2,,35,F,GFP-F-G35,50.0,2.0,2.0,1.0,1.0,3.5,1.0,0.02,2.0,0.3,,1.851,5.0,plamGFP,0.0,40000.0,2000.0,1.0,2025-11-05,15.0,10.0,,,,1.8,,1.8,,,,5.0,13.0,20.0,0.0,0.0,120.0,2.8767582231500515,1.8291718967564572,1.8318400538586557,False
Mg_K_screen-20251105_090558_I4,8,I4,GFP-F-G35,Mg_K_screen-20251105_090558,Mg 16; K 34,Sample,,,,,,,,Synergy 2,,35,F,GFP-F-G35,50.0,2.0,2.0,1.0,1.0,3.5,1.0,0.02,2.0,0.3,,1.851,5.0,plamGFP,0.0,40000.0,2000.0,1.0,2025-11-05,15.0,10.0,,,,1.8,,1.8,,,,5.0,13.0,20.0,0.0,0.0,120.0,3.1441721104323292,1.8689689468499964,1.8160487111111134,False
Mg_K_screen-20251105_090558_J1,8,J1,GFP-F-G35,Mg_K_screen-20251105_090558,Mg 16; K 17,Sample,,,,,,,,Synergy 2,,35,F,GFP-F-G35,50.0,2.0,2.0,1.0,1.0,3.5,1.0,0.02,2.0,0.3,,1.851,5.0,plamGFP,0.0,40000.0,2000.0,1.0,2025-11-05,15.0,10.0,,,,1.8,,1.8,,,,5.0,13.0,20.0,0.0,0.0,100.0,2.135413114787975,1.6277054304459575,1.5000017428488694,False
Mg_K_screen-20251105_090558_J2,8,J2,GFP-F-G35,Mg_K_screen-20251105_090558,Mg 12; K 34,Sample,,,,,,,,Synergy 2,,35,F,GFP-F-G35,50.0,2.0,2.0,1.0,1.0,3.5,1.0,0.02,2.0,0.3,,1.851,5.0,plamGFP,0.0,40000.0,2000.0,1.0,2025-11-05,15.0,10.0,,,,1.8,,1.8,,,,5.0,11.0,20.0,0.0,0.0,120.0,15.162967393023973,2.502062095728897,1.4883771390578335,False
Mg_K_screen-20251105_090558_J3,8,J3,GFP-F-G35,Mg_K_screen-20251105_090558,Mg 16; K 51,Sample,,,,,,,,Synergy 2,,35,F,GFP-F-G35,50.0,2.0,2.0,1.0,1.0,3.5,1.0,0.02,2.0,0.3,,1.851,5.0,plamGFP,0.0,40000.0,2000.0,1.0,2025-11-05,15.0,10.0,,,,1.8,,1.8,,,,5.0,13.0,20.0,0.0,0.0,140.0,4.705080192352968,1.9691408595261601,1.7609175568868485,False
Mg_K_screen-20251105_090558_J4,8,J4,GFP-F-G35,Mg_K_screen-20251105_090558,Mg 16; K 17,Sample,,,,,,,,Synergy 2,,35,F,GFP-F-G35,50.0,2.0,2.0,1.0,1.0,3.5,1.0,0.02,2.0,0.3,,1.851,5.0,plamGFP,0.0,40000.0,2000.0,1.0,2025-11-05,15.0,10.0,,,,1.8,,1.8,,,,5.0,13.0,20.0,0.0,0.0,100.0,1.4505799606321177,1.576519788237997,1.5000010482410586,True
Mg_K_screen-20251105_090558_K1,8,K1,GFP-F-G35,Mg_K_screen-20251105_090558,Mg 16; K 34,Sample,,,,,,,,Synergy 2,,35,F,GFP-F-G35,50.0,2.0,2.0,1.0,1.0,3.5,1.0,0.02,2.0,0.3,,1.851,5.0,plamGFP,0.0,40000.0,2000.0,1.0,2025-11-05,15.0,10.0,,,,1.8,,1.8,,,,5.0,13.0,20.0,0.0,0.0,120.0,2.440701581784309,1.7810956686509873,1.3333908767740583,True
Mg_K_screen-20251105_090558_K2,8,K2,GFP-F-G35,Mg_K_screen-20251105_090558,Mg 12; K 17,Sample,,,,,,,,Synergy 2,,35,F,GFP-F-G35,50.0,2.0,2.0,1.0,1.0,3.5,1.0,0.02,2.0,0.3,,1.851,5.0,plamGFP,0.0,40000.0,2000.0,1.0,2025-11-05,15.0,10.0,,,,1.8,,1.8,,,,5.0,11.0,20.0,0.0,0.0,100.0,8.82102639450827,2.493622770509028,1.4751369183269376,False
Mg_K_screen-20251105_090558_K3,8,K3,GFP-F-G35,Mg_K_screen-20251105_090558,Mg 20; K 17,Sample,,,,,,,,Synergy 2,,35,F,GFP-F-G35,50.0,2.0,2.0,1.0,1.0,3.5,1.0,0.02,2.0,0.3,,1.851,5.0,plamGFP,0.0,40000.0,2000.0,1.0,2025-11-05,15.0,10.0,,,,1.8,,1.8,,,,5.0,15.0,20.0,0.0,0.0,100.0,0.760980171766037,1.4371257083969113,1.6666669255293067,True
Mg_K_screen-20251105_090558_K4,8,K4,GFP-F-G35,Mg_K_screen-20251105_090558,Mg 12; K 51,Sample,,,,,,,,Synergy 2,,35,F,GFP-F-G35,50.0,2.0,2.0,1.0,1.0,3.5,1.0,0.02,2.0,0.3,,1.851,5.0,plamGFP,0.0,40000.0,2000.0,1.0,2025-11-05,15.0,10.0,,,,1.8,,1.8,,,,5.0,11.0,20.0,0.0,0.0,140.0,15.565161521755288,2.5168343044985617,1.5005511044124578,False
Mg_K_screen-20251105_090558_L1,8,L1,GFP-F-G35,Mg_K_screen-20251105_090558,Mg 16; K 51,Sample,,,,,,,,Synergy 2,,35,F,GFP-F-G35,50.0,2.0,2.0,1.0,1.0,3.5,1.0,0.02,2.0,0.3,,1.851,5.0,plamGFP,0.0,40000.0,2000.0,1.0,2025-11-05,15.0,10.0,,,,1.8,,1.8,,,,5.0,13.0,20.0,0.0,0.0,140.0,4.23445408421221,1.946658821998717,1.7327252431040892,False
Mg_K_screen-20251105_090558_L2,8,L2,GFP-F-G35,Mg_K_screen-20251105_090558,Mg 8; K 51,Sample,,,,,,,,Synergy 2,,35,F,GFP-F-G35,50.0,2.0,2.0,1.0,1.0,3.5,1.0,0.02,2.0,0.3,,1.851,5.0,plamGFP,0.0,40000.0,2000.0,1.0,2025-11-05,15.0,10.0,,,,1.8,,1.8,,,,5.0,9.0,20.0,0.0,0.0,140.0,39.325352029980344,2.2261441399570776,1.4333711001753533,False
Mg_K_screen-20251105_090558_L3,8,L3,GFP-F-G35,Mg_K_screen-20251105_090558,Mg 20; K 34,Sample,,,,,,,,Synergy 2,,35,F,GFP-F-G35,50.0,2.0,2.0,1.0,1.0,3.5,1.0,0.02,2.0,0.3,,1.851,5.0,plamGFP,0.0,40000.0,2000.0,1.0,2025-11-05,15.0,10.0,,,,1.8,,1.8,,,,5.0,15.0,20.0,0.0,0.0,120.0,1.128112469814902,1.4564925440587322,1.5833340025492126,True
Mg_K_screen-20251105_090558_L4,8,L4,GFP-F-G35,Mg_K_screen-20251105_090558,Mg 12; K 34,Sample,,,,,,,,Synergy 2,,35,F,GFP-F-G35,50.0,2.0,2.0,1.0,1.0,3.5,1.0,0.02,2.0,0.3,,1.851,5.0,plamGFP,0.0,40000.0,2000.0,1.0,2025-11-05,15.0,10.0,,,,1.8,,1.8,,,,5.0,11.0,20.0,0.0,0.0,120.0,11.09476807203849,2.434288815338215,1.5275708189796353,False
Mg_K_screen-20251105_090558_M1,8,M1,GFP-F-G35,Mg_K_screen-20251105_090558,Mg 20; K 17,Sample,,,,,,,,Synergy 2,,35,F,GFP-F-G35,50.0,2.0,2.0,1.0,1.0,3.5,1.0,0.02,2.0,0.3,,1.851,5.0,plamGFP,0.0,40000.0,2000.0,1.0,2025-11-05,15.0,10.0,,,,1.8,,1.8,,,,5.0,15.0,20.0,0.0,0.0,100.0,0.5235062863523605,1.7283950570903606,1.5833333529524887,False
Mg_K_screen-20251105_090558_M2,8,M2,GFP-F-G35,Mg_K_screen-20251105_090558,Mg 8; K 34,Sample,,,,,,,,Synergy 2,,35,F,GFP-F-G35,50.0,2.0,2.0,1.0,1.0,3.5,1.0,0.02,2.0,0.3,,1.851,5.0,plamGFP,0.0,40000.0,2000.0,1.0,2025-11-05,15.0,10.0,,,,1.8,,1.8,,,,5.0,9.0,20.0,0.0,0.0,120.0,33.618649086567466,2.2366285125610874,1.411574082996105,False
Mg_K_screen-20251105_090558_M3,8,M3,GFP-F-G35,Mg_K_screen-20251105_090558,Mg 20; K 51,Sample,,,,,,,,Synergy 2,,35,F,GFP-F-G35,50.0,2.0,2.0,1.0,1.0,3.5,1.0,0.02,2.0,0.3,,1.851,5.0,plamGFP,0.0,40000.0,2000.0,1.0,2025-11-05,15.0,10.0,,,,1.8,,1.8,,,,5.0,15.0,20.0,0.0,0.0,140.0,1.639223458210168,1.6648248668182983,1.5000015008557224,True
Mg_K_screen-20251105_090558_M4,8,M4,GFP-F-G35,Mg_K_screen-20251105_090558,Mg 12; K 17,Sample,,,,,,,,Synergy 2,,35,F,GFP-F-G35,50.0,2.0,2.0,1.0,1.0,3.5,1.0,0.02,2.0,0.3,,1.851,5.0,plamGFP,0.0,40000.0,2000.0,1.0,2025-11-05,15.0,10.0,,,,1.8,,1.8,,,,5.0,11.0,20.0,0.0,0.0,100.0,7.122961702634417,2.331068141233646,1.563033759137321,False
Mg_K_screen-20251105_090558_N1,8,N1,GFP-F-G35,Mg_K_screen-20251105_090558,Mg 20; K 34,Sample,,,,,,,,Synergy 2,,35,F,GFP-F-G35,50.0,2.0,2.0,1.0,1.0,3.5,1.0,0.02,2.0,0.3,,1.851,5.0,plamGFP,0.0,40000.0,2000.0,1.0,2025-11-05,15.0,10.0,,,,1.8,,1.8,,,,5.0,15.0,20.0,0.0,0.0,120.0,1.4197025934318281,1.5833331100278125,1.3333349431515962,True
Mg_K_screen-20251105_090558_N2,8,N2,GFP-F-G35,Mg_K_screen-20251105_090558,Mg 8; K 17,Sample,,,,,,,,Synergy 2,,35,F,GFP-F-G35,50.0,2.0,2.0,1.0,1.0,3.5,1.0,0.02,2.0,0.3,,1.851,5.0,plamGFP,0.0,40000.0,2000.0,1.0,2025-11-05,15.0,10.0,,,,1.8,,1.8,,,,5.0,9.0,20.0,0.0,0.0,100.0,22.140145521656756,2.2847227547655367,1.3616277633475482,False
Mg_K_screen-20251105_090558_N3,8,N3,GFP-F-G35,Mg_K_screen-20251105_090558,Mg 4; K 17,Sample,,,,,,,,Synergy 2,,35,F,GFP-F-G35,50.0,2.0,2.0,1.0,1.0,3.5,1.0,0.02,2.0,0.3,,1.851,5.0,plamGFP,0.0,40000.0,2000.0,1.0,2025-11-05,15.0,10.0,,,,1.8,,1.8,,,,5.0,7.0,20.0,0.0,0.0,100.0,27.30114711338166,1.9947074102116822,1.498439181040647,False
Mg_K_screen-20251105_090558_N4,8,N4,GFP-F-G35,Mg_K_screen-20251105_090558,Mg 8; K 51,Sample,,,,,,,,Synergy 2,,35,F,GFP-F-G35,50.0,2.0,2.0,1.0,1.0,3.5,1.0,0.02,2.0,0.3,,1.851,5.0,plamGFP,0.0,40000.0,2000.0,1.0,2025-11-05,15.0,10.0,,,,1.8,,1.8,,,,5.0,9.0,20.0,0.0,0.0,140.0,32.62810437995648,2.129008350420322,1.4666133116436566,False
Mg_K_screen-20251105_090558_O1,8,O1,GFP-F-G35,Mg_K_screen-20251105_090558,Mg 20; K 51,Sample,,,,,,,,Synergy 2,,35,F,GFP-F-G35,50.0,2.0,2.0,1.0,1.0,3.5,1.0,0.02,2.0,0.3,,1.851,5.0,plamGFP,0.0,40000.0,2000.0,1.0,2025-11-05,15.0,10.0,,,,1.8,,1.8,,,,5.0,15.0,20.0,0.0,0.0,140.0,2.4176312647400375,1.7777794745079507,1.4167198408511856,True
Mg_K_screen-20251105_090558_O2,8,O2,GFP-F-G35,Mg_K_screen-20251105_090558,Mg 4; K 51,Sample,,,,,,,,Synergy 2,,35,F,GFP-F-G35,50.0,2.0,2.0,1.0,1.0,3.5,1.0,0.02,2.0,0.3,,1.851,5.0,plamGFP,0.0,40000.0,2000.0,1.0,2025-11-05,15.0,10.0,,,,1.8,,1.8,,,,5.0,7.0,20.0,0.0,0.0,140.0,52.57124020854364,2.084276256415949,1.4738352888868373,False
Mg_K_screen-20251105_090558_O3,8,O3,GFP-F-G35,Mg_K_screen-20251105_090558,Mg 4; K 34,Sample,,,,,,,,Synergy 2,,35,F,GFP-F-G35,50.0,2.0,2.0,1.0,1.0,3.5,1.0,0.02,2.0,0.3,,1.851,5.0,plamGFP,0.0,40000.0,2000.0,1.0,2025-11-05,15.0,10.0,,,,1.8,,1.8,,,,5.0,7.0,20.0,0.0,0.0,120.0,38.14151564713591,2.081534679405987,1.4766388560622399,False
Mg_K_screen-20251105_090558_O4,8,O4,GFP-F-G35,Mg_K_screen-20251105_090558,Mg 8; K 34,Sample,,,,,,,,Synergy 2,,35,F,GFP-F-G35,50.0,2.0,2.0,1.0,1.0,3.5,1.0,0.02,2.0,0.3,,1.851,5.0,plamGFP,0.0,40000.0,2000.0,1.0,2025-11-05,15.0,10.0,,,,1.8,,1.8,,,,5.0,9.0,20.0,0.0,0.0,120.0,26.736498202257838,2.162077440608717,1.4332995190189777,False
Mg_K_screen-20251105_090558_P1,8,P1,GFP-F-G35,Mg_K_screen-20251105_090558,Mg 4; K 17,Sample,,,,,,,,Synergy 2,,35,F,GFP-F-G35,50.0,2.0,2.0,1.0,1.0,3.5,1.0,0.02,2.0,0.3,,1.851,5.0,plamGFP,0.0,40000.0,2000.0,1.0,2025-11-05,15.0,10.0,,,,1.8,,1.8,,,,5.0,7.0,20.0,0.0,0.0,100.0,35.942818006237964,2.088428479714165,1.4399684838385987,False
Mg_K_screen-20251105_090558_P2,8,P2,GFP-F-G35,Mg_K_screen-20251105_090558,Mg 4; K 34,Sample,,,,,,,,Synergy 2,,35,F,GFP-F-G35,50.0,2.0,2.0,1.0,1.0,3.5,1.0,0.02,2.0,0.3,,1.851,5.0,plamGFP,0.0,40000.0,2000.0,1.0,2025-11-05,15.0,10.0,,,,1.8,,1.8,,,,5.0,7.0,20.0,0.0,0.0,120.0,46.24830149131792,2.12036251752588,1.438153915734657,False
Mg_K_screen-20251105_090558_P3,8,P3,GFP-F-G35,Mg_K_screen-20251105_090558,Mg 4; K 51,Sample,,,,,,,,Synergy 2,,35,F,GFP-F-G35,50.0,2.0,2.0,1.0,1.0,3.5,1.0,0.02,2.0,0.3,,1.851,5.0,plamGFP,0.0,40000.0,2000.0,1.0,2025-11-05,15.0,10.0,,,,1.8,,1.8,,,,5.0,7.0,20.0,0.0,0.0,140.0,44.24601942428313,2.0918362618454034,1.455216353667065,False
Mg_K_screen-20251105_090558_P4,8,P4,GFP-F-G35,Mg_K_screen-20251105_090558,Mg 8; K 17,Sample,,,,,,,,Synergy 2,,35,F,GFP-F-G35,50.0,2.0,2.0,1.0,1.0,3.5,1.0,0.02,2.0,0.3,,1.851,5.0,plamGFP,0.0,40000.0,2000.0,1.0,2025-11-05,15.0,10.0,,,,1.8,,1.8,,,,5.0,9.0,20.0,0.0,0.0,100.0,20.54736601794817,2.2725988248337887,1.3653995501372458,False
