ID,Note,Experiment Type,Experiment,NEB in Pmix,[PMix] (mg/mL),[Ribosome] (uM),[tRNA] (ug/uL),[DNA] (nM),[Magnesium acetate] (mM),[Creatine phosphate] (mM),[Potassium glutamate] (mM),[ATP] (mM),[GTP] (mM),[Amino acid mix] (mM),[PPK] (uM),[PolyP] (mM),[RNase Inhib] (U/mL),Reader Type,Gain,Read Type,[PEG] (%),Product,Condition,success,sigmoid_steady_state,sigmoid_rate (1/h),drift_rate (1/h),success (prediction mean),success (prediction std),sigmoid_steady_state (prediction mean),sigmoid_steady_state (prediction std),sigmoid_rate (1/h) (prediction mean),sigmoid_rate (1/h) (prediction std),drift_rate (1/h) (prediction mean),drift_rate (1/h) (prediction std)
id,note,experiment_type,feature,feature,feature,feature,feature,feature,feature,feature,feature,feature,feature,feature,feature,feature,feature,feature,feature,feature,feature,feature,feature,output,output,output,output,prediction_mean,prediction_std,prediction_mean,prediction_std,prediction_mean,prediction_std,prediction_mean,prediction_std
,,,categorical,binary,real,real,real,real,real,real,real,real,real,real,real,real,real,categorical,categorical,categorical,real,categorical,categorical,binary,real,real,real,,,,,,,,
NIST-standards-PURExpress-plamGFP-deGFP-B2a,1.836463412,known,NIST-standards-PURExpress-plamGFP-deGFP,1,1.8,1.8,3.5,3.285026178,8,20,100,2,2,0.3,0,0,2000,Cytation3,35,F,0,plamGFP,R&D,1,1.262481008,2.91252455,0.038109659,0.99974519,0.000389629,1.34768784,0.07186196,2.844623804,0.085325971,0.038131632,0.001393885
NIST-standards-PURExpress-plamGFP-deGFP-B2b,4.046733281,known,NIST-standards-PURExpress-plamGFP-deGFP,1,1.8,1.8,3.5,3.285026178,8,20,100,2,2,0.3,0,0,2000,Cytation5,ext,M,0,plamGFP,R&D,1,1.741849148,2.327727283,0.035100957,0.997984111,0.002448698,1.668191791,0.102152437,2.347081661,0.078622721,0.03495286,0.001729018
NIST-standards-PURExpress-plamGFP-deGFP-B2c,2.967282172,known,NIST-standards-PURExpress-plamGFP-deGFP,1,1.8,1.8,3.5,3.285026178,8,20,100,2,2,0.3,0,0,2000,Synergy 2,50,F,0,plamGFP,R&D,1,2.435744078,2.468947351,0.051621073,0.99578172,0.005532946,2.35999012,0.153480694,2.486675739,0.070350394,0.050569579,0.002727192
NIST-standards-PURExpress-plamGFP-deGFP-B4a,6,known,NIST-standards-PURExpress-plamGFP-deGFP,1,1.8,1.8,3.5,10.4201087,8,20,100,2,2,0.3,0,0,2000,Cytation3,35,F,0,deGFP,R&D,1,1.033056622,2.514084127,0.015858044,0.999749303,0.000545395,0.994737685,0.066855066,2.537184238,0.102480359,0.015671518,0.001356305
NIST-standards-PURExpress-plamGFP-deGFP-B4b,6.030555556,known,NIST-standards-PURExpress-plamGFP-deGFP,1,1.8,1.8,3.5,10.4201087,8,20,100,2,2,0.3,0,0,2000,Cytation5,ext,M,0,deGFP,R&D,1,1.146306512,2.527975993,0.014284897,0.998420119,0.002560159,1.217438698,0.102977879,2.466686964,0.125513077,0.014992327,0.001674827
NIST-standards-PURExpress-plamGFP-deGFP-B4c,6,known,NIST-standards-PURExpress-plamGFP-deGFP,1,1.8,1.8,3.5,10.4201087,8,20,100,2,2,0.3,0,0,2000,Synergy 2,50,F,0,deGFP,R&D,1,1.728951388,2.555495755,0.02014839,0.997467041,0.004265976,1.724408984,0.061928712,2.551109076,0.078542002,0.018565342,0.00242003
NIST-standards-PURExpress-plamGFP-deGFP-B6a,3.996679309,known,NIST-standards-PURExpress-plamGFP-deGFP,1,1.8,1.8,3.5,0,8,20,100,2,2,0.3,0,0,0,Cytation3,35,F,0,Unknown,R&D,1,0.002947549,0.579641532,-0.000165181,0.577279806,0.407733709,-0.019259725,0.322775126,1.13695395,0.694302738,0.020635998,0.022322733
NIST-standards-PURExpress-plamGFP-deGFP-B6b,,known,NIST-standards-PURExpress-plamGFP-deGFP,1,1.8,1.8,3.5,0,8,20,100,2,2,0.3,0,0,0,Cytation5,ext,M,0,Unknown,R&D,0,0.003198061,,,0.174494758,0.267256528,0.117982559,0.311935633,0.782042623,0.691536903,0.019973753,0.020610487
NIST-standards-PURExpress-plamGFP-deGFP-B6c,,known,NIST-standards-PURExpress-plamGFP-deGFP,1,1.8,1.8,3.5,0,8,20,100,2,2,0.3,0,0,0,Synergy 2,50,F,0,Unknown,R&D,0,0.012943536,,,0.119262964,0.213939965,0.446645916,0.567795455,0.853176594,0.728393316,0.034254275,0.021476021
NIST-standards-PURExpress-plamGFP-deGFP-D2a,1.854586827,known,NIST-standards-PURExpress-plamGFP-deGFP,1,1.8,1.8,3.5,3.285026178,8,20,100,2,2,0.3,0,0,2000,Cytation3,35,F,0,plamGFP,R&D,1,1.286329204,2.885690452,0.038674095,0.99974519,0.000389629,1.34768784,0.07186196,2.844623804,0.085325971,0.038131632,0.001393885
NIST-standards-PURExpress-plamGFP-deGFP-D2b,4.047519205,known,NIST-standards-PURExpress-plamGFP-deGFP,1,1.8,1.8,3.5,3.285026178,8,20,100,2,2,0.3,0,0,2000,Cytation5,ext,M,0,plamGFP,R&D,1,1.719547609,2.315438801,0.034787894,0.997984111,0.002448698,1.668191791,0.102152437,2.347081661,0.078622721,0.03495286,0.001729018
NIST-standards-PURExpress-plamGFP-deGFP-D2c,3.058420779,known,NIST-standards-PURExpress-plamGFP-deGFP,1,1.8,1.8,3.5,3.285026178,8,20,100,2,2,0.3,0,0,2000,Synergy 2,50,F,0,plamGFP,R&D,1,2.484943341,2.466286468,0.051070361,0.99578172,0.005532946,2.35999012,0.153480694,2.486675739,0.070350394,0.050569579,0.002727192
NIST-standards-PURExpress-plamGFP-deGFP-D4a,6,known,NIST-standards-PURExpress-plamGFP-deGFP,1,1.8,1.8,3.5,10.4201087,8,20,100,2,2,0.3,0,0,2000,Cytation3,35,F,0,deGFP,R&D,1,1.024702136,2.495121655,0.01566656,0.999749303,0.000545395,0.994737685,0.066855066,2.537184238,0.102480359,0.015671518,0.001356305
NIST-standards-PURExpress-plamGFP-deGFP-D4b,6.030555556,known,NIST-standards-PURExpress-plamGFP-deGFP,1,1.8,1.8,3.5,10.4201087,8,20,100,2,2,0.3,0,0,2000,Cytation5,ext,M,0,deGFP,R&D,1,1.166313428,2.499282173,0.015017531,0.998420119,0.002560159,1.217438698,0.102977879,2.466686964,0.125513077,0.014992327,0.001674827
NIST-standards-PURExpress-plamGFP-deGFP-D4c,6,known,NIST-standards-PURExpress-plamGFP-deGFP,1,1.8,1.8,3.5,10.4201087,8,20,100,2,2,0.3,0,0,2000,Synergy 2,50,F,0,deGFP,R&D,1,1.719558526,2.566238544,0.019447078,0.997467041,0.004265976,1.724408984,0.061928712,2.551109076,0.078542002,0.018565342,0.00242003
NIST-standards-PURExpress-plamGFP-deGFP-F2a,1.876844159,known,NIST-standards-PURExpress-plamGFP-deGFP,1,1.8,1.8,3.5,3.285026178,8,20,100,2,2,0.3,0,0,2000,Cytation3,35,F,0,plamGFP,R&D,1,1.30624191,2.87858367,0.038929971,0.99974519,0.000389629,1.34768784,0.07186196,2.844623804,0.085325971,0.038131632,0.001393885
NIST-standards-PURExpress-plamGFP-deGFP-F2b,4.187580446,known,NIST-standards-PURExpress-plamGFP-deGFP,1,1.8,1.8,3.5,3.285026178,8,20,100,2,2,0.3,0,0,2000,Cytation5,ext,M,0,plamGFP,R&D,1,1.776901188,2.303777758,0.035308076,0.997984111,0.002448698,1.668191791,0.102152437,2.347081661,0.078622721,0.03495286,0.001729018
NIST-standards-PURExpress-plamGFP-deGFP-F2c,2.928119419,known,NIST-standards-PURExpress-plamGFP-deGFP,1,1.8,1.8,3.5,3.285026178,8,20,100,2,2,0.3,0,0,2000,Synergy 2,50,F,0,plamGFP,R&D,1,2.401764254,2.474051638,0.051991691,0.99578172,0.005532946,2.35999012,0.153480694,2.486675739,0.070350394,0.050569579,0.002727192
NIST-standards-PURExpress-plamGFP-deGFP-F4a,6,known,NIST-standards-PURExpress-plamGFP-deGFP,1,1.8,1.8,3.5,10.4201087,8,20,100,2,2,0.3,0,0,2000,Cytation3,35,F,0,deGFP,R&D,1,1.041816431,2.482636611,0.015885423,0.999749303,0.000545395,0.994737685,0.066855066,2.537184238,0.102480359,0.015671518,0.001356305
NIST-standards-PURExpress-plamGFP-deGFP-F4b,6.030555556,known,NIST-standards-PURExpress-plamGFP-deGFP,1,1.8,1.8,3.5,10.4201087,8,20,100,2,2,0.3,0,0,2000,Cytation5,ext,M,0,deGFP,R&D,1,1.149660484,2.502141866,0.015058641,0.998420119,0.002560159,1.217438698,0.102977879,2.466686964,0.125513077,0.014992327,0.001674827
NIST-standards-PURExpress-plamGFP-deGFP-F4c,5.740694425,known,NIST-standards-PURExpress-plamGFP-deGFP,1,1.8,1.8,3.5,10.4201087,8,20,100,2,2,0.3,0,0,2000,Synergy 2,50,F,0,deGFP,R&D,1,1.697058298,2.585344535,0.014865738,0.997467041,0.004265976,1.724408984,0.061928712,2.551109076,0.078542002,0.018565342,0.00242003
Pmix-MFG-116-B2,6.006388889,known,Pmix-MFG-116,0,1.8,3.24,3.5,3.141361257,8,20,100,2,2,0.3,0,0,2000,Cytation5,ext,M,0,plamGFP,MFG,1,0.900463896,4.333311255,0.006394096,0.998749137,0.000985157,0.948444903,0.059788972,4.393629551,0.090202525,0.006519162,0.001217436
Pmix-MFG-116-B4,6.006388889,known,Pmix-MFG-116,0,1.8,3.24,3.5,3.141361257,8,20,100,2,2,0.3,0,0,2000,Cytation5,ext,M,0,plamGFP,MFG,1,0.968493427,4.402443816,0.006897982,0.998749137,0.000985157,0.948444903,0.059788972,4.393629551,0.090202525,0.006519162,0.001217436
Pmix-MFG-116-B6,6.006388889,known,Pmix-MFG-116,1,1.8,1.8,3.5,3.141361257,8,20,100,2,2,0.3,0,0,2000,Cytation5,ext,M,0,plamGFP,MFG,1,0.869756502,2.208191969,0.010233057,0.997578561,0.002709082,0.909197628,0.106108166,2.1962533,0.100674152,0.011164796,0.001792283
Pmix-MFG-116-B8,,known,Pmix-MFG-116,1,1.8,1.8,3.5,0,8,20,100,2,2,0.3,0,0,0,Cytation5,ext,M,0,Unknown,MFG,0,0.002854253,,,0.180558011,0.291665733,-0.207232356,0.311134785,0.748466492,0.636430144,0.000940945,0.018305702
Pmix-MFG-116-D2,6.006388889,known,Pmix-MFG-116,0,1.8,3.24,3.5,3.141361257,8,20,100,2,2,0.3,0,0,2000,Cytation5,ext,M,0,plamGFP,MFG,1,0.949698841,4.360317345,0.006626957,0.998749137,0.000985157,0.948444903,0.059788972,4.393629551,0.090202525,0.006519162,0.001217436
Pmix-MFG-116-D4,6.006388889,known,Pmix-MFG-116,0,1.8,3.24,3.5,3.141361257,8,20,100,2,2,0.3,0,0,2000,Cytation5,ext,M,0,plamGFP,MFG,1,0.974581944,4.436501459,0.007038596,0.998749137,0.000985157,0.948444903,0.059788972,4.393629551,0.090202525,0.006519162,0.001217436
Pmix-MFG-116-D6,6.006388889,known,Pmix-MFG-116,1,1.8,1.8,3.5,3.141361257,8,20,100,2,2,0.3,0,0,2000,Cytation5,ext,M,0,plamGFP,MFG,1,0.850976761,2.181980845,0.011184601,0.997578561,0.002709082,0.909197628,0.106108166,2.1962533,0.100674152,0.011164796,0.001792283
Pmix-MFG-116-F2,6.006388889,known,Pmix-MFG-116,0,1.8,3.24,3.5,3.141361257,8,20,100,2,2,0.3,0,0,2000,Cytation5,ext,M,0,plamGFP,MFG,1,0.93339783,4.398576851,0.006613144,0.998749137,0.000985157,0.948444903,0.059788972,4.393629551,0.090202525,0.006519162,0.001217436
Pmix-MFG-116-F4,6.006388889,known,Pmix-MFG-116,0,1.8,3.24,3.5,3.141361257,8,20,100,2,2,0.3,0,0,2000,Cytation5,ext,M,0,plamGFP,MFG,1,0.977643206,4.463672253,0.007253166,0.998749137,0.000985157,0.948444903,0.059788972,4.393629551,0.090202525,0.006519162,0.001217436
Pmix-MFG-116-F6,6.006388889,known,Pmix-MFG-116,1,1.8,1.8,3.5,3.141361257,8,20,100,2,2,0.3,0,0,2000,Cytation5,ext,M,0,plamGFP,MFG,1,0.861968415,2.17332932,0.010622423,0.997578561,0.002709082,0.909197628,0.106108166,2.1962533,0.100674152,0.011164796,0.001792283
PMix_(AR-931)_QC_PURE_Timecourse-B10,6.010277778,known,PMix_(AR-931)_QC_PURE_Timecourse,1,1.8,1.8,3.5,3.089005236,8,20,100,2,2,0.3,0,0,2000,Cytation5,ext,M,0,plamGFP,MFG,1,0.952887752,2.173362821,0.011669746,0.999359131,0.00062836,1.009405971,0.073581994,1.925065756,0.130560145,0.01302157,0.00153044
PMix_(AR-931)_QC_PURE_Timecourse-B2,6.010277778,known,PMix_(AR-931)_QC_PURE_Timecourse,0,1.8,3.24,3.5,3.089005236,8,20,100,2,2,0.3,0,0,2000,Cytation5,ext,M,0,plamGFP,MFG,1,1.017461112,3.975078124,0.005481447,0.999485075,0.000465193,1.011913896,0.076727882,3.927151442,0.113683879,0.006442163,0.001481483
PMix_(AR-931)_QC_PURE_Timecourse-B6,6.010277778,known,PMix_(AR-931)_QC_PURE_Timecourse,0,1.8,1.8,3.5,3.089005236,8,20,100,2,2,0.3,0,0,2000,Cytation5,ext,M,0,plamGFP,MFG,1,0.964858402,3.27569296,0.009097784,0.998702288,0.001061827,0.970500171,0.054318946,3.197203636,0.112148263,0.009771987,0.001218698
PMix_(AR-931)_QC_PURE_Timecourse-B8,5.459863368,known,PMix_(AR-931)_QC_PURE_Timecourse,0,1.8,1.8,3.5,3.089005236,8,20,100,2,2,0.3,0,0,2000,Cytation5,ext,M,0,plamGFP,MFG,1,1.007487365,2.948934092,0.009829451,0.998702288,0.001061827,0.970500171,0.054318946,3.197203636,0.112148263,0.009771987,0.001218698
PMix_(AR-931)_QC_PURE_Timecourse-D10,6.010277778,known,PMix_(AR-931)_QC_PURE_Timecourse,1,1.8,1.8,3.5,3.089005236,8,20,100,2,2,0.3,0,0,2000,Cytation5,ext,M,0,plamGFP,MFG,1,0.99083461,2.186165811,0.012358646,0.999359131,0.00062836,1.009405971,0.073581994,1.925065756,0.130560145,0.01302157,0.00153044
PMix_(AR-931)_QC_PURE_Timecourse-D2,6.010277778,known,PMix_(AR-931)_QC_PURE_Timecourse,0,1.8,3.24,3.5,3.089005236,8,20,100,2,2,0.3,0,0,2000,Cytation5,ext,M,0,plamGFP,MFG,1,1.004093649,3.979359022,0.005801191,0.999485075,0.000465193,1.011914015,0.076727897,3.927151442,0.113683887,0.006442161,0.001481483
PMix_(AR-931)_QC_PURE_Timecourse-D6,5.424879836,known,PMix_(AR-931)_QC_PURE_Timecourse,0,1.8,1.8,3.5,3.089005236,8,20,100,2,2,0.3,0,0,2000,Cytation5,ext,M,0,plamGFP,MFG,1,0.950943247,3.371054178,0.010375725,0.998702288,0.001061829,0.970500171,0.054318946,3.197203636,0.11214827,0.009771986,0.001218699
PMix_(AR-931)_QC_PURE_Timecourse-D8,6.010277778,known,PMix_(AR-931)_QC_PURE_Timecourse,0,1.8,1.8,3.5,3.089005236,8,20,100,2,2,0.3,0,0,2000,Cytation5,ext,M,0,plamGFP,MFG,1,1.057896688,2.922466267,0.012237061,0.998702288,0.001061827,0.970500171,0.054318946,3.197203636,0.112148263,0.009771987,0.001218698
PMix_(AR-931)_QC_PURE_Timecourse-F10,6.010277778,known,PMix_(AR-931)_QC_PURE_Timecourse,1,1.8,1.8,3.5,3.089005236,8,20,100,2,2,0.3,0,0,2000,Cytation5,ext,M,0,plamGFP,MFG,1,0.916499603,2.160114725,0.011325037,0.999359131,0.00062836,1.009405971,0.073581994,1.925065756,0.130560145,0.01302157,0.00153044
PMix_(AR-931)_QC_PURE_Timecourse-F2,6.010277778,known,PMix_(AR-931)_QC_PURE_Timecourse,0,1.8,3.24,3.5,3.089005236,8,20,100,2,2,0.3,0,0,2000,Cytation5,ext,M,0,plamGFP,MFG,1,1.01399817,3.779469163,0.0065586,0.999485075,0.000465193,1.011913896,0.076727882,3.927151442,0.113683879,0.006442163,0.001481483
PMix_(AR-931)_QC_PURE_Timecourse-F6,6.010277778,known,PMix_(AR-931)_QC_PURE_Timecourse,0,1.8,1.8,3.5,3.089005236,8,20,100,2,2,0.3,0,0,2000,Cytation5,ext,M,0,plamGFP,MFG,1,0.955655267,3.199153455,0.009623763,0.998702288,0.001061827,0.970500171,0.054318946,3.197203636,0.112148263,0.009771987,0.001218698
PMix_(AR-931)_QC_PURE_Timecourse-F8,6.010277778,known,PMix_(AR-931)_QC_PURE_Timecourse,0,1.8,1.8,3.5,3.089005236,8,20,100,2,2,0.3,0,0,2000,Cytation5,ext,M,0,plamGFP,MFG,1,1.042433509,2.883947255,0.012757173,0.998702288,0.001061827,0.970500171,0.054318946,3.197203636,0.112148263,0.009771987,0.001218698
PMix-MFG-128-PURE-Activity-QC-B2,5.79473057,known,PMix-MFG-128-PURE-Activity-QC,0,1.8,1.8,3.5,3.206521739,8,20,100,2,2,0.3,0,0,2000,Cytation5,ext,M,0,deGFP,MFG,1,0.653615876,3.590438696,0.004718188,0.997443974,0.001633199,0.56827879,0.082316503,4.198957443,0.3428801,0.003737602,0.001615896
PMix-MFG-128-PURE-Activity-QC-B4,4.249037958,known,PMix-MFG-128-PURE-Activity-QC,0,1.8,1.8,3.5,3.206521739,8,20,100,2,2,0.3,0,0,2000,Cytation5,ext,M,0,deGFP,MFG,1,0.34431079,5.24699303,0.000924487,0.997443974,0.001633199,0.56827879,0.082316503,4.198957443,0.3428801,0.003737602,0.001615896
PMix-MFG-128-PURE-Activity-QC-B8,6.009166667,known,PMix-MFG-128-PURE-Activity-QC,1,1.8,1.8,3.5,3.089005236,8,20,100,2,2,0.3,0,0,2000,Cytation5,ext,M,0,plamGFP,MFG,1,0.804775886,2.288153006,0.009793712,0.999018252,0.000838313,0.778666735,0.070979252,2.465344667,0.16252698,0.00999433,0.001388499
PMix-MFG-128-PURE-Activity-QC-D2,6.009166667,known,PMix-MFG-128-PURE-Activity-QC,0,1.8,1.8,3.5,3.206521739,8,20,100,2,2,0.3,0,0,2000,Cytation5,ext,M,0,deGFP,MFG,1,0.770400317,3.344864307,0.007192513,0.997443974,0.001633199,0.56827879,0.082316503,4.198957443,0.3428801,0.003737602,0.001615896
PMix-MFG-128-PURE-Activity-QC-D4,4.256222913,known,PMix-MFG-128-PURE-Activity-QC,0,1.8,1.8,3.5,3.206521739,8,20,100,2,2,0.3,0,0,2000,Cytation5,ext,M,0,deGFP,MFG,1,0.376870166,5.461451756,0.000497649,0.997443974,0.001633199,0.56827879,0.082316503,4.198957443,0.3428801,0.003737602,0.001615896
PMix-MFG-128-PURE-Activity-QC-D8,6.009166667,known,PMix-MFG-128-PURE-Activity-QC,1,1.8,1.8,3.5,3.089005236,8,20,100,2,2,0.3,0,0,2000,Cytation5,ext,M,0,plamGFP,MFG,1,0.797138778,2.310767726,0.009803064,0.999018252,0.000838313,0.778666735,0.070979252,2.465344667,0.16252698,0.00999433,0.001388499
PMix-MFG-128-PURE-Activity-QC-F2,6.009166667,known,PMix-MFG-128-PURE-Activity-QC,0,1.8,1.8,3.5,3.206521739,8,20,100,2,2,0.3,0,0,2000,Cytation5,ext,M,0,deGFP,MFG,1,0.744849668,3.102453558,0.008570508,0.997443974,0.001633199,0.56827879,0.082316503,4.198957443,0.3428801,0.003737602,0.001615896
PMix-MFG-128-PURE-Activity-QC-F4,4.288898687,known,PMix-MFG-128-PURE-Activity-QC,0,1.8,1.8,3.5,3.206521739,8,20,100,2,2,0.3,0,0,2000,Cytation5,ext,M,0,deGFP,MFG,1,0.414436193,5.083091812,0.000664829,0.997443974,0.001633199,0.56827879,0.082316503,4.198957443,0.3428801,0.003737602,0.001615896
PMix-MFG-128-PURE-Activity-QC-F8,6.009166667,known,PMix-MFG-128-PURE-Activity-QC,1,1.8,1.8,3.5,3.089005236,8,20,100,2,2,0.3,0,0,2000,Cytation5,ext,M,0,plamGFP,MFG,1,0.770755544,2.302234621,0.009635279,0.999018252,0.000838313,0.778666735,0.070979252,2.465344667,0.16252698,0.00999433,0.001388499
MFG-129-tRNA-PURE-Activity-QC-B10,4.155096592,known,MFG-129-tRNA-PURE-Activity-QC,0,1.8,1.8,3.5,3.206521739,8,20,100,2,2,0.3,0,0,2000,Cytation5,ext,M,0,deGFP,MFG,1,0.608262006,3.342916493,0.005108042,0.998738885,0.000811133,0.638397515,0.060084071,3.397526026,0.100605518,0.005731939,0.001177419
MFG-129-tRNA-PURE-Activity-QC-B12,6.015555556,known,MFG-129-tRNA-PURE-Activity-QC,0,1.8,1.8,3.5,3.206521739,8,20,100,2,2,0.3,0,0,2000,Cytation5,ext,M,0,deGFP,MFG,1,0.676413625,3.265152354,0.00616427,0.998738885,0.000811133,0.638397515,0.060084071,3.397526026,0.100605518,0.005731939,0.001177419
MFG-129-tRNA-PURE-Activity-QC-B14,6.015555556,known,MFG-129-tRNA-PURE-Activity-QC,0,1.8,1.8,3.5,3.206521739,8,20,100,2,2,0.3,0,0,2000,Cytation5,ext,M,0,deGFP,MFG,1,0.730387108,3.312974676,0.006625444,0.998738885,0.000811133,0.638397515,0.060084071,3.397526026,0.100605518,0.005731939,0.001177419
MFG-129-tRNA-PURE-Activity-QC-B18,6.015555556,known,MFG-129-tRNA-PURE-Activity-QC,1,1.8,1.8,3.5,3.089005236,8,20,100,2,2,0.3,0,0,2000,Cytation5,ext,M,0,plamGFP,MFG,1,0.755410721,2.207323332,0.010251774,0.999423683,0.000519331,0.786760688,0.076544888,2.037567854,0.15220429,0.01081926,0.001759136
MFG-129-tRNA-PURE-Activity-QC-D10,6.015555556,known,MFG-129-tRNA-PURE-Activity-QC,0,1.8,1.8,3.5,3.206521739,8,20,100,2,2,0.3,0,0,2000,Cytation5,ext,M,0,deGFP,MFG,1,0.581451899,3.293802539,0.00525445,0.998738885,0.000811133,0.638397515,0.060084071,3.397526026,0.100605518,0.005731939,0.001177419
MFG-129-tRNA-PURE-Activity-QC-D12,6.015555556,known,MFG-129-tRNA-PURE-Activity-QC,0,1.8,1.8,3.5,3.206521739,8,20,100,2,2,0.3,0,0,2000,Cytation5,ext,M,0,deGFP,MFG,1,0.615604443,3.272889104,0.00598455,0.998738885,0.000811133,0.638397515,0.060084071,3.397526026,0.100605518,0.005731939,0.001177419
MFG-129-tRNA-PURE-Activity-QC-D14,6.015555556,known,MFG-129-tRNA-PURE-Activity-QC,0,1.8,1.8,3.5,3.206521739,8,20,100,2,2,0.3,0,0,2000,Cytation5,ext,M,0,deGFP,MFG,1,0.697119641,3.348459278,0.006919721,0.998738885,0.000811133,0.638397515,0.060084071,3.397526026,0.100605518,0.005731939,0.001177419
MFG-129-tRNA-PURE-Activity-QC-D18,6.015555556,known,MFG-129-tRNA-PURE-Activity-QC,1,1.8,1.8,3.5,3.089005236,8,20,100,2,2,0.3,0,0,2000,Cytation5,ext,M,0,plamGFP,MFG,1,0.789744093,2.248626701,0.010442722,0.999423683,0.000519331,0.786760688,0.076544888,2.037567854,0.15220429,0.01081926,0.001759136
MFG-129-tRNA-PURE-Activity-QC-F10,4.179738092,known,MFG-129-tRNA-PURE-Activity-QC,0,1.8,1.8,3.5,3.206521739,8,20,100,2,2,0.3,0,0,2000,Cytation5,ext,M,0,deGFP,MFG,1,0.560451438,3.474391741,0.00458027,0.998738885,0.000811133,0.638397515,0.060084071,3.397526026,0.100605518,0.005731939,0.001177419
MFG-129-tRNA-PURE-Activity-QC-F12,6.015555556,known,MFG-129-tRNA-PURE-Activity-QC,0,1.8,1.8,3.5,3.206521739,8,20,100,2,2,0.3,0,0,2000,Cytation5,ext,M,0,deGFP,MFG,1,0.624902552,3.397892929,0.005654581,0.998738885,0.000811133,0.638397515,0.060084071,3.397526026,0.100605518,0.005731939,0.001177419
MFG-129-tRNA-PURE-Activity-QC-F14,6.015555556,known,MFG-129-tRNA-PURE-Activity-QC,0,1.8,1.8,3.5,3.206521739,8,20,100,2,2,0.3,0,0,2000,Cytation5,ext,M,0,deGFP,MFG,1,0.656767773,3.46821632,0.006361203,0.998738885,0.000811133,0.638397515,0.060084071,3.397526026,0.100605518,0.005731939,0.001177419
MFG-129-tRNA-PURE-Activity-QC-F18,5.495331001,known,MFG-129-tRNA-PURE-Activity-QC,1,1.8,1.8,3.5,3.089005236,8,20,100,2,2,0.3,0,0,2000,Cytation5,ext,M,0,plamGFP,MFG,1,0.745658179,2.222092466,0.009519257,0.999423683,0.000519331,0.786760688,0.076544888,2.037567854,0.15220429,0.01081926,0.001759136
MFG-132-Ribosome-PURE-Activity-QC-B18,6.015555556,known,MFG-132-Ribosome-PURE-Activity-QC,1,1.8,1.8,3.5,3.089005236,8,20,100,2,2,0.3,0,0,2000,Cytation5,ext,M,0,plamGFP,MFG,1,0.755410721,2.207323332,0.010251774,0.99932462,0.000543476,0.797455966,0.070927434,2.197288036,0.114448532,0.010536011,0.001550233
MFG-132-Ribosome-PURE-Activity-QC-B2,6.015555556,known,MFG-132-Ribosome-PURE-Activity-QC,0,1.8,1.8,3.5,3.206521739,8,20,100,2,2,0.3,0,0,2000,Cytation5,ext,M,0,deGFP,MFG,1,0.639560648,3.438404098,0.004535829,0.998439431,0.001009785,0.634752154,0.071408421,3.70776701,0.16214259,0.00491696,0.001294575
MFG-132-Ribosome-PURE-Activity-QC-B4,6.015555556,known,MFG-132-Ribosome-PURE-Activity-QC,0,1.8,1.8,3.5,3.206521739,8,20,100,2,2,0.3,0,0,2000,Cytation5,ext,M,0,deGFP,MFG,1,0.726071059,3.346023898,0.006800567,0.998439431,0.001009785,0.634752154,0.071408421,3.70776701,0.16214259,0.00491696,0.001294575
MFG-132-Ribosome-PURE-Activity-QC-B6,6.015555556,known,MFG-132-Ribosome-PURE-Activity-QC,0,1.8,1.8,3.5,3.206521739,8,20,100,2,2,0.3,0,0,2000,Cytation5,ext,M,0,deGFP,MFG,1,0.511109185,4.421617627,0.003596351,0.998439431,0.001009785,0.634752154,0.071408421,3.70776701,0.16214259,0.00491696,0.001294575
MFG-132-Ribosome-PURE-Activity-QC-D18,6.015555556,known,MFG-132-Ribosome-PURE-Activity-QC,1,1.8,1.8,3.5,3.089005236,8,20,100,2,2,0.3,0,0,2000,Cytation5,ext,M,0,plamGFP,MFG,1,0.789744093,2.248626701,0.010442722,0.99932462,0.000543476,0.797455966,0.070927434,2.197288036,0.114448532,0.010536011,0.001550233
MFG-132-Ribosome-PURE-Activity-QC-D2,6.015555556,known,MFG-132-Ribosome-PURE-Activity-QC,0,1.8,1.8,3.5,3.206521739,8,20,100,2,2,0.3,0,0,2000,Cytation5,ext,M,0,deGFP,MFG,1,0.733939993,3.360504946,0.006529284,0.998439431,0.001009785,0.634752154,0.071408421,3.70776701,0.16214259,0.00491696,0.001294575
MFG-132-Ribosome-PURE-Activity-QC-D4,6.015555556,known,MFG-132-Ribosome-PURE-Activity-QC,0,1.8,1.8,3.5,3.206521739,8,20,100,2,2,0.3,0,0,2000,Cytation5,ext,M,0,deGFP,MFG,1,0.778325703,3.341727641,0.006830709,0.998439431,0.001009785,0.634752154,0.071408421,3.70776701,0.16214259,0.00491696,0.001294575
MFG-132-Ribosome-PURE-Activity-QC-D6,6.015555556,known,MFG-132-Ribosome-PURE-Activity-QC,0,1.8,1.8,3.5,3.206521739,8,20,100,2,2,0.3,0,0,2000,Cytation5,ext,M,0,deGFP,MFG,1,0.493752393,4.346037858,0.00363096,0.998439431,0.001009785,0.634752154,0.071408421,3.70776701,0.16214259,0.00491696,0.001294575
MFG-132-Ribosome-PURE-Activity-QC-F18,5.495331001,known,MFG-132-Ribosome-PURE-Activity-QC,1,1.8,1.8,3.5,3.089005236,8,20,100,2,2,0.3,0,0,2000,Cytation5,ext,M,0,plamGFP,MFG,1,0.745658179,2.222092466,0.009519257,0.99932462,0.000543476,0.797455966,0.070927434,2.197288036,0.114448532,0.010536011,0.001550233
MFG-132-Ribosome-PURE-Activity-QC-F2,5.54530994,known,MFG-132-Ribosome-PURE-Activity-QC,0,1.8,1.8,3.5,3.206521739,8,20,100,2,2,0.3,0,0,2000,Cytation5,ext,M,0,deGFP,MFG,1,0.755346183,3.505708033,0.005050967,0.998439431,0.001009785,0.634752154,0.071408421,3.70776701,0.16214259,0.00491696,0.001294575
MFG-132-Ribosome-PURE-Activity-QC-F4,6.015555556,known,MFG-132-Ribosome-PURE-Activity-QC,0,1.8,1.8,3.5,3.206521739,8,20,100,2,2,0.3,0,0,2000,Cytation5,ext,M,0,deGFP,MFG,1,0.700036769,3.354009931,0.006203128,0.998439431,0.001009788,0.634752214,0.071408406,3.70776701,0.16214256,0.00491696,0.001294575
MFG-132-Ribosome-PURE-Activity-QC-F6,4.231175693,known,MFG-132-Ribosome-PURE-Activity-QC,0,1.8,1.8,3.5,3.206521739,8,20,100,2,2,0.3,0,0,2000,Cytation5,ext,M,0,deGFP,MFG,1,0.433888214,4.200292297,0.002126606,0.998439431,0.001009788,0.634752214,0.071408406,3.70776701,0.16214256,0.00491696,0.001294575
Ribosome-MFG-147-AR-1011-1012-Activity-Assay-B12,6.011666667,known,Ribosome-MFG-147-AR-1011-1012-Activity-Assay,1,1.8,1.8,3.5,3.016304348,8,20,100,2,2,0.3,0,0,2000,Cytation5,ext,M,0,deGFP,MFG,1,1.40495518,2.886901847,0.012638108,0.999434948,0.000483626,1.275596976,0.073638454,2.426542521,0.154915139,0.015052221,0.001397693
Ribosome-MFG-147-AR-1011-1012-Activity-Assay-B6,5.751223107,known,Ribosome-MFG-147-AR-1011-1012-Activity-Assay,0,1.8,1.8,3.5,3.016304348,8,20,100,2,2,0.3,0,0,2000,Cytation5,ext,M,0,deGFP,MFG,1,1.167745185,3.783026378,0.010292794,0.998828113,0.000766366,1.189417958,0.062958837,3.878080845,0.116812401,0.010631814,0.001226854
Ribosome-MFG-147-AR-1011-1012-Activity-Assay-B8,6.011666667,known,Ribosome-MFG-147-AR-1011-1012-Activity-Assay,0,1.8,1.8,3.5,3.016304348,8,20,100,2,2,0.3,0,0,2000,Cytation5,ext,M,0,deGFP,MFG,1,1.169247331,3.73371424,0.011047225,0.998828113,0.000766366,1.189417958,0.062958837,3.878080845,0.116812401,0.010631814,0.001226854
Ribosome-MFG-147-AR-1011-1012-Activity-Assay-D12,5.782768605,known,Ribosome-MFG-147-AR-1011-1012-Activity-Assay,1,1.8,1.8,3.5,3.016304348,8,20,100,2,2,0.3,0,0,2000,Cytation5,ext,M,0,deGFP,MFG,1,1.41062793,2.763274381,0.015659625,0.999434948,0.000483626,1.275596976,0.073638454,2.426542521,0.154915139,0.015052221,0.001397693
Ribosome-MFG-147-AR-1011-1012-Activity-Assay-D6,6.011666667,known,Ribosome-MFG-147-AR-1011-1012-Activity-Assay,0,1.8,1.8,3.5,3.016304348,8,20,100,2,2,0.3,0,0,2000,Cytation5,ext,M,0,deGFP,MFG,1,1.187442997,4.050942015,0.009281029,0.998828113,0.000766366,1.189417958,0.062958837,3.878080845,0.116812401,0.010631814,0.001226854
Ribosome-MFG-147-AR-1011-1012-Activity-Assay-D8,6.011666667,known,Ribosome-MFG-147-AR-1011-1012-Activity-Assay,0,1.8,1.8,3.5,3.016304348,8,20,100,2,2,0.3,0,0,2000,Cytation5,ext,M,0,deGFP,MFG,1,1.129438547,3.655196309,0.011261146,0.998828113,0.000766366,1.189417958,0.062958837,3.878080845,0.116812401,0.010631814,0.001226854
Ribosome-MFG-147-AR-1011-1012-Activity-Assay-F12,6.011666667,known,Ribosome-MFG-147-AR-1011-1012-Activity-Assay,1,1.8,1.8,3.5,3.016304348,8,20,100,2,2,0.3,0,0,2000,Cytation5,ext,M,0,deGFP,MFG,1,1.205017129,2.516083181,0.015030874,0.999434948,0.000483626,1.275596976,0.073638454,2.426542521,0.154915139,0.015052221,0.001397693
Ribosome-MFG-147-AR-1011-1012-Activity-Assay-F6,6.011666667,known,Ribosome-MFG-147-AR-1011-1012-Activity-Assay,0,1.8,1.8,3.5,3.016304348,8,20,100,2,2,0.3,0,0,2000,Cytation5,ext,M,0,deGFP,MFG,1,1.154268053,3.826140676,0.010467353,0.998828113,0.000766366,1.189417958,0.062958837,3.878080845,0.116812401,0.010631814,0.001226854
Ribosome-MFG-147-AR-1011-1012-Activity-Assay-F8,6.011666667,known,Ribosome-MFG-147-AR-1011-1012-Activity-Assay,0,1.8,1.8,3.5,3.016304348,8,20,100,2,2,0.3,0,0,2000,Cytation5,ext,M,0,deGFP,MFG,1,1.150303541,3.455535401,0.012823444,0.998828113,0.000766366,1.189417958,0.062958837,3.878080845,0.116812401,0.010631814,0.001226854
20260309-DiscoveryPlate-R1-G10,4.211113475,known,20260309-DiscoveryPlate-R1,0,1.950000051,1.799999951,3.5,2.996187423,24.969,100,60,2,2,0.3,0,0,2000.000003,Cytation5,ext,M,0,deGFP,Labcraft,1,0.015244053,3.976068718,0.00010276,0.940561652,0.131097719,-0.074623041,0.144424409,3.738454819,0.612814426,-0.000447464,0.002890038
20260309-DiscoveryPlate-R1-G11,4.190224338,known,20260309-DiscoveryPlate-R1,0,1.950000051,1.799999951,3.5,2.996187423,12.469,49,72.5,2,2,0.3,0,0,2000.000003,Cytation5,ext,M,0,deGFP,Labcraft,1,0.02169959,3.71556462,0.000572078,0.762900114,0.235806987,0.202003226,0.180164039,3.181313515,0.543344736,0.002624128,0.00332646
20260309-DiscoveryPlate-R1-G12,6.006388889,known,20260309-DiscoveryPlate-R1,0,1.950000051,1.799999951,3.5,2.996187423,14.969,20,140,2,2,0.3,0,0,2000.000003,Cytation5,ext,M,0,deGFP,Labcraft,1,0.635503848,3.203024149,0.003673037,0.99895829,0.001402404,0.536363125,0.090045378,3.141463995,0.236899734,0.003668027,0.001453373
20260309-DiscoveryPlate-R1-G13,,known,20260309-DiscoveryPlate-R1,0,1.555191326,1.799999951,3.5,1.00000002,17.469,100,175,2,2,0.3,0,0,2000.000003,Cytation5,ext,M,0,deGFP,Labcraft,0,0.000524063,,,0.238269612,0.320851952,-0.007814648,0.133052528,2.474110365,0.903715491,0.006017929,0.005019911
20260309-DiscoveryPlate-R1-G14,4.163042152,known,20260309-DiscoveryPlate-R1,0,1.763142289,1.799999951,3.5,1.00000002,4.969,0,62.5,2,2,0.3,0,0,2000.000003,Cytation5,ext,M,0,deGFP,Labcraft,1,0.011979292,3.434096236,9.22E-05,0.917030573,0.120144807,-0.011525507,0.097017393,3.720690012,0.493840992,-0.000129073,0.001897439
20260309-DiscoveryPlate-R1-G15,6.006388889,known,20260309-DiscoveryPlate-R1,0,1.828292141,1.799999951,3.5,5.000000045,14.969,20,140,2,2,0.3,0,0,2000.000003,Cytation5,ext,M,0,deGFP,Labcraft,1,0.660829578,3.182747506,0.00392056,0.999052346,0.001152976,0.591087282,0.072525188,3.15027976,0.192440316,0.003723463,0.001281795
20260309-DiscoveryPlate-R1-G16,4.240359574,known,20260309-DiscoveryPlate-R1,0,1.950000051,1.799999951,3.5,2.996187423,12.469,0,100,2,2,0.3,0,0,2000.000003,Cytation5,ext,M,0,deGFP,Labcraft,1,0.073296119,4.483094021,-3.68E-05,0.999453306,0.000815718,0.061800111,0.080739893,3.9707129,0.336947083,-0.001631395,0.001583268
20260309-DiscoveryPlate-R1-G8,4.242609499,known,20260309-DiscoveryPlate-R1,0,1.833326026,1.799999951,3.5,2.996187423,12.469,0,100,2,2,0.3,0,0,2000.000003,Cytation5,ext,M,0,deGFP,Labcraft,1,0.045822431,4.567463053,3.82E-05,0.999522984,0.000735285,-0.003443903,0.076530866,4.217313766,0.276569724,-0.002051013,0.001718678
20260309-DiscoveryPlate-R1-G9,4.039601011,known,20260309-DiscoveryPlate-R1,0,1.555191326,1.799999951,3.5,1.00000002,24.969,71,122.5,2,2,0.3,0,0,2000.000003,Cytation5,ext,M,0,deGFP,Labcraft,1,0.166079137,2.375164336,0.002438074,0.928698957,0.164234325,0.15851678,0.107997313,2.34607935,0.558342934,0.002505084,0.002425098
20260309-DiscoveryPlate-R1-H10,4.222301994,known,20260309-DiscoveryPlate-R1,0,1.839244265,1.799999951,3.5,1.00000002,4.969,0,140,2,2,0.3,0,0,2000.000003,Cytation5,ext,M,0,deGFP,Labcraft,1,0.008774426,4.142760479,3.40E-05,0.981435061,0.019608026,-0.041106354,0.08099471,4.004051685,0.220643982,0.000815026,0.001586289
20260309-DiscoveryPlate-R1-H11,,known,20260309-DiscoveryPlate-R1,0,1.763142289,1.799999951,3.5,1.00000002,12.469,49,72.5,2,2,0.3,0,0,2000.000003,Cytation5,ext,M,0,deGFP,Labcraft,0,0.002192955,,,0.527247071,0.368958592,0.129181013,0.152002305,2.93478632,0.533895969,0.004461687,0.003335364
20260309-DiscoveryPlate-R1-H12,,known,20260309-DiscoveryPlate-R1,0,2.030823266,1.799999951,3.5,1.00000002,12.469,49,72.5,2,2,0.3,0,0,2000.000003,Cytation5,ext,M,0,deGFP,Labcraft,0,0.002702078,,,0.524428308,0.382726789,0.082729541,0.199193716,2.6755476,0.649189532,0.002669787,0.003834085
20260309-DiscoveryPlate-R1-H13,4.207187181,known,20260309-DiscoveryPlate-R1,0,1.975896497,1.799999951,3.5,1.049452172,4.969,0,140,2,2,0.3,0,0,2000.000003,Cytation5,ext,M,0,deGFP,Labcraft,1,0.00649017,3.928514027,8.29E-05,0.986088336,0.01837511,0.028725065,0.102726392,3.829615116,0.196165547,0.000615979,0.001449662
20260309-DiscoveryPlate-R1-H14,4.125874179,known,20260309-DiscoveryPlate-R1,0,1.975896497,1.799999951,3.5,1.049452172,4.969,0,62.5,2,2,0.3,0,0,2000.000003,Cytation5,ext,M,0,deGFP,Labcraft,1,0.010952667,3.086470888,-0.000323381,0.937164843,0.087193429,-0.031739306,0.114475094,3.343306065,0.440010488,-2.71E-05,0.00168672
20260309-DiscoveryPlate-R1-H15,4.01398529,known,20260309-DiscoveryPlate-R1,0,1.763142289,1.799999951,3.5,1.00000002,24.969,71,122.5,2,2,0.3,0,0,2000.000003,Cytation5,ext,M,0,deGFP,Labcraft,1,0.166297031,2.189966086,0.002995733,0.983464897,0.085359149,0.107082471,0.15412648,2.99743104,0.638810337,0.002036777,0.002332891
20260309-DiscoveryPlate-R1-H16,3.975657034,known,20260309-DiscoveryPlate-R1,0,2.030823266,1.799999951,3.5,1.00000002,19.969,20,100,2,2,0.3,0,0,2000.000003,Cytation5,ext,M,0,deGFP,Labcraft,1,0.325727302,2.070272951,0.001997066,0.996292114,0.010805362,0.294400454,0.110017098,2.450075626,0.624792099,0.001900727,0.002007027
20260309-DiscoveryPlate-R1-H8,5.536605315,known,20260309-DiscoveryPlate-R1,0,1.828292141,1.799999951,3.5,5.000000045,14.969,20,140,2,2,0.3,0,0,2000.000003,Cytation5,ext,M,0,deGFP,Labcraft,1,0.60962691,2.948326035,0.003665273,0.999052346,0.001152976,0.591087282,0.072525188,3.15027976,0.192440316,0.003723463,0.001281795
20260309-DiscoveryPlate-R1-H9,4.196332031,known,20260309-DiscoveryPlate-R1,0,1.799999952,1.799999951,3.5,2.996187423,4.969,0,140,2,2,0.3,0,0,2000.000003,Cytation5,ext,M,0,deGFP,Labcraft,1,0.007333157,3.791118676,0.000167554,0.979844034,0.025101017,0.056084882,0.078762516,4.082832813,0.222983897,0.000351537,0.001395839
20260309-DiscoveryPlate-R1-I10,4.106914949,known,20260309-DiscoveryPlate-R1,0,1.799999952,1.799999951,3.5,5.000000045,19.969,20,100,2,2,0.3,0,0,2000.000003,Cytation5,ext,M,0,deGFP,Labcraft,1,0.67375293,2.950150089,0.001476093,0.999793768,0.000437863,0.517931998,0.119246103,3.100080967,0.382696062,0.003053132,0.001666094
20260309-DiscoveryPlate-R1-I11,4.002464001,known,20260309-DiscoveryPlate-R1,0,1.799999952,1.799999951,3.5,5.000000045,19.969,20,100,2,2,0.3,0,0,2000.000003,Cytation5,ext,M,0,deGFP,Labcraft,1,0.60191921,2.279266091,0.002957233,0.999793768,0.000437863,0.517931998,0.119246103,3.100080967,0.382696062,0.003053132,0.001666094
20260309-DiscoveryPlate-R1-I12,4.209155091,known,20260309-DiscoveryPlate-R1,0,1.799999952,1.799999951,3.5,5.000000045,17.469,100,175,2,2,0.3,0,0,2000.000003,Cytation5,ext,M,0,deGFP,Labcraft,1,0.031500735,3.953556057,0.000532011,0.771497905,0.299636781,0.063050009,0.15426892,3.51619792,0.90030098,0.00267042,0.004675563
20260309-DiscoveryPlate-R1-I13,3.973867413,known,20260309-DiscoveryPlate-R1,0,1.975896497,1.799999951,3.5,1.049452172,19.969,20,100,2,2,0.3,0,0,2000.000003,Cytation5,ext,M,0,deGFP,Labcraft,1,0.325314107,2.049801009,0.002422521,0.998543501,0.003269756,0.282802373,0.097249657,2.671799421,0.555399418,0.002098667,0.001763816
20260309-DiscoveryPlate-R1-I14,4.211054048,known,20260309-DiscoveryPlate-R1,0,1.950000051,1.799999951,3.5,2.996187423,4.969,0,140,2,2,0.3,0,0,2000.000003,Cytation5,ext,M,0,deGFP,Labcraft,1,0.014438239,3.983957205,9.42E-05,0.993798018,0.007466088,0.118215539,0.102761745,4.132874489,0.241069242,0.000216776,0.001389278
20260309-DiscoveryPlate-R1-I15,,known,20260309-DiscoveryPlate-R1,0,1.950000051,1.799999951,3.5,2.996187423,2.469,67,200,2,2,0.3,0,0,2000.000003,Cytation5,ext,M,0,deGFP,Labcraft,0,0.007316922,,,0.176949769,0.287112385,0.116973534,0.21716018,3.16881156,0.891855061,0.007937889,0.00607143
20260309-DiscoveryPlate-R1-I16,4.158280738,known,20260309-DiscoveryPlate-R1,0,1.839244265,1.799999951,3.5,1.00000002,4.969,0,62.5,2,2,0.3,0,0,2000.000003,Cytation5,ext,M,0,deGFP,Labcraft,1,0.010960338,3.380024474,-0.000180123,0.960453749,0.049735818,-0.026419394,0.095399156,3.68012929,0.407359093,0.000182197,0.001643609
20260309-DiscoveryPlate-R1-I8,4.228307135,known,20260309-DiscoveryPlate-R1,0,1.833326026,1.799999951,3.5,2.996187423,4.969,0,140,2,2,0.3,0,0,2000.000003,Cytation5,ext,M,0,deGFP,Labcraft,1,0.006900134,4.250472533,0.000100308,0.988906085,0.010980815,0.067324802,0.073759913,4.161941528,0.200485557,0.000392938,0.001257194
20260309-DiscoveryPlate-R1-I9,,known,20260309-DiscoveryPlate-R1,0,1.529999978,1.799999951,3.5,19.99999901,4.969,0,140,2,2,0.3,0,0,2000.000003,Cytation5,ext,M,0,deGFP,Labcraft,0,0.003557598,,,0.265742689,0.398255616,-0.004084127,0.215826362,2.812092304,0.76159668,-0.010317827,0.012384313
20260309-DiscoveryPlate-R1-J10,,known,20260309-DiscoveryPlate-R1,0,1.799999952,1.799999951,3.5,2.996187423,2.469,67,200,2,2,0.3,0,0,2000.000003,Cytation5,ext,M,0,deGFP,Labcraft,0,0.002098808,,,0.046005357,0.097103618,0.089163952,0.177496493,2.864875078,0.988374054,0.010482471,0.006515625
20260309-DiscoveryPlate-R1-J11,4.153552289,known,20260309-DiscoveryPlate-R1,0,1.555191326,1.799999951,3.5,1.00000002,24.969,100,60,2,2,0.3,0,0,2000.000003,Cytation5,ext,M,0,deGFP,Labcraft,1,0.031654382,3.334456516,0.000143961,0.834234715,0.24972181,0.01527248,0.141452342,2.963761568,0.651030302,0.001704942,0.003088349
20260309-DiscoveryPlate-R1-J12,4.133924134,known,20260309-DiscoveryPlate-R1,0,2.030823266,1.799999951,3.5,1.00000002,17.469,100,175,2,2,0.3,0,0,2000.000003,Cytation5,ext,M,0,deGFP,Labcraft,1,0.145294435,3.466599268,0.000331888,0.762602031,0.324691504,0.010232337,0.203040466,3.563438177,0.786776423,0.001268806,0.00464318
20260309-DiscoveryPlate-R1-J13,4.236392801,known,20260309-DiscoveryPlate-R1,0,1.828292141,1.799999951,3.5,5.000000045,12.469,0,100,2,2,0.3,0,0,2000.000003,Cytation5,ext,M,0,deGFP,Labcraft,1,0.081731226,4.39307559,0.000285084,0.999707818,0.000339614,0.102828465,0.077168316,4.321464062,0.292396039,-0.002382597,0.001810623
20260309-DiscoveryPlate-R1-J14,,known,20260309-DiscoveryPlate-R1,0,1.529999978,1.799999951,3.5,19.99999901,2.469,67,200,2,2,0.3,0,0,2000.000003,Cytation5,ext,M,0,deGFP,Labcraft,0,0.004159159,,,0.057701543,0.214520171,0.136856273,0.32190454,1.606322646,1.383451104,0.000721469,0.01337697
20260309-DiscoveryPlate-R1-J15,6.006388889,known,20260309-DiscoveryPlate-R1,0,1.529999978,1.799999951,3.5,19.99999901,19.969,20,100,2,2,0.3,0,0,2000.000003,Cytation5,ext,M,0,deGFP,Labcraft,1,0.418290877,2.147879161,0.002698226,0.919332027,0.152769253,0.334713519,0.217324272,2.094925404,0.703894019,-0.00533746,0.012727621
20260309-DiscoveryPlate-R1-J16,4.129007672,known,20260309-DiscoveryPlate-R1,0,1.799999952,1.799999951,3.5,2.996187423,24.969,100,60,2,2,0.3,0,0,2000.000003,Cytation5,ext,M,0,deGFP,Labcraft,1,0.00922571,3.12128735,0.000240896,0.95054704,0.137480512,-0.043505635,0.13524203,3.589398861,0.526309371,0.000587587,0.002393269
20260309-DiscoveryPlate-R1-J8,4.225509867,known,20260309-DiscoveryPlate-R1,0,1.839244265,1.799999951,3.5,1.00000002,19.969,20,100,2,2,0.3,0,0,2000.000003,Cytation5,ext,M,0,deGFP,Labcraft,1,0.020781937,4.198213719,8.32E-05,0.999150872,0.002601311,0.194338605,0.126899078,3.089260578,0.610988855,0.001705436,0.001998488
20260309-DiscoveryPlate-R1-J9,4.219940769,known,20260309-DiscoveryPlate-R1,0,1.833326026,1.799999951,3.5,2.996187423,24.969,71,122.5,2,2,0.3,0,0,2000.000003,Cytation5,ext,M,0,deGFP,Labcraft,1,0.036923116,4.109397528,0.000284178,0.996219814,0.012164848,0.253560573,0.151762635,3.245197058,0.59125942,0.002077977,0.002617568
PMix AR-1060 Activity Assay -B2,5.75548345,known,PMix AR-1060 Activity Assay ,0,1.8,1.8,3.5,3.016304348,8,20,100,2,2,0.3,0,0,2000,Synergy 2,35,F,0,deGFP,MFG,1,1.035437403,4.458164725,0.011865204,0.999427617,0.000617035,1.007319212,0.049656764,3.963858843,0.215482011,0.015408738,0.001304869
PMix AR-1060 Activity Assay -B4,6.009444444,known,PMix AR-1060 Activity Assay ,0,1.8,1.8,3.5,3.016304348,8,20,100,2,2,0.3,0,0,2000,Synergy 2,35,F,0,deGFP,MFG,1,1.037480413,3.567364571,0.017477886,0.999427617,0.000617035,1.007319212,0.049656764,3.963858843,0.215482011,0.015408738,0.001304869
PMix AR-1060 Activity Assay -B6,6.009444444,known,PMix AR-1060 Activity Assay ,1,1.8,1.8,3.5,3.016304348,8,20,100,2,2,0.3,0,0,2000,Synergy 2,35,F,0,deGFP,MFG,1,1.126028921,2.34691684,0.02186649,0.999771476,0.000207747,1.143082023,0.060115468,2.432483435,0.128748566,0.021781357,0.001246635
PMix AR-1060 Activity Assay -D2,5.657395965,known,PMix AR-1060 Activity Assay ,0,1.8,1.8,3.5,3.016304348,8,20,100,2,2,0.3,0,0,2000,Synergy 2,35,F,0,deGFP,MFG,1,1.049774968,5.102809328,0.012391667,0.999427617,0.000617035,1.007319212,0.049656764,3.963858843,0.215482011,0.015408738,0.001304869
PMix AR-1060 Activity Assay -D4,6.009444444,known,PMix AR-1060 Activity Assay ,0,1.8,1.8,3.5,3.016304348,8,20,100,2,2,0.3,0,0,2000,Synergy 2,35,F,0,deGFP,MFG,1,1.017898494,3.448886951,0.017935792,0.999427617,0.000617035,1.007319212,0.049656764,3.963858843,0.215482011,0.015408738,0.001304869
PMix AR-1060 Activity Assay -D6,5.131257158,known,PMix AR-1060 Activity Assay ,1,1.8,1.8,3.5,3.016304348,8,20,100,2,2,0.3,0,0,2000,Synergy 2,35,F,0,deGFP,MFG,1,1.086234495,2.436081812,0.02140567,0.999771476,0.000207747,1.143082023,0.060115468,2.432483435,0.128748566,0.021781357,0.001246635
PMix AR-1060 Activity Assay -F2,6.009444444,known,PMix AR-1060 Activity Assay ,0,1.8,1.8,3.5,3.016304348,8,20,100,2,2,0.3,0,0,2000,Synergy 2,35,F,0,deGFP,MFG,1,1.041897085,4.194490928,0.014718282,0.999427617,0.000617035,1.007319212,0.049656764,3.963858843,0.215482011,0.015408738,0.001304869
PMix AR-1060 Activity Assay -F4,6.009444444,known,PMix AR-1060 Activity Assay ,0,1.8,1.8,3.5,3.016304348,8,20,100,2,2,0.3,0,0,2000,Synergy 2,35,F,0,deGFP,MFG,1,1.024227089,3.330646933,0.018122985,0.999427617,0.000617035,1.007319212,0.049656764,3.963858843,0.215482011,0.015408738,0.001304869
PMix AR-1060 Activity Assay -F6,6.009444444,known,PMix AR-1060 Activity Assay ,1,1.8,1.8,3.5,3.016304348,8,20,100,2,2,0.3,0,0,2000,Synergy 2,35,F,0,deGFP,MFG,1,1.079770754,2.273691572,0.021854881,0.999771476,0.000207747,1.143082023,0.060115468,2.432483435,0.128748566,0.021781357,0.001246635
20260319-DiscoveryPlate-R2-F10,4.025053828,known,20260319-DiscoveryPlate-R2,0,1.8,1.8,2.905,5,21,34,97.5,2.9,1.9,0.3115,0,0,2000,Cytation5,ext,M,0,deGFP,Labcraft,1,0.194192832,2.240527446,0.006278911,0.999934554,0.000123613,0.33713451,0.141947031,2.090557098,0.224390194,0.007436467,0.00210055
20260319-DiscoveryPlate-R2-F11,4.201063679,known,20260319-DiscoveryPlate-R2,0,1.8,1.8,3.99,5,10,60,40,2.6,2.6,0.322,0,0,2000,Cytation5,ext,M,0,deGFP,Labcraft,1,0.053913961,3.846829449,0.001850933,0.992336869,0.012112214,0.113485187,0.129533395,3.924386024,0.382772356,0.00347631,0.003227682
20260319-DiscoveryPlate-R2-F12,4.002327988,known,20260319-DiscoveryPlate-R2,0,1.8,1.8,3.5,5,25,60,97.5,2.3,2.1,0.3605,0,0,2000,Cytation5,ext,M,0,deGFP,Labcraft,1,0.308431131,1.962971499,0.010725472,0.999930799,0.000157713,0.371007264,0.111732148,2.151329994,0.335255951,0.00957494,0.002894507
20260319-DiscoveryPlate-R2-F13,4.137513352,known,20260319-DiscoveryPlate-R2,0,1.8,1.8,3.255,5,8,0,107.5,2.6,2.5,0.399,0,0,2000,Cytation5,ext,M,0,deGFP,Labcraft,1,0.10330155,3.223981099,0.001064138,0.999947429,0.000142061,0.097727023,0.115247987,3.124530077,0.307797432,0.001551578,0.002419914
20260319-DiscoveryPlate-R2-F14,4.246632717,known,20260319-DiscoveryPlate-R2,0,1.8,1.8,3.955,5,4,24,82.5,1.9,2.3,0.3045,0,0,2000,Cytation5,ext,M,0,deGFP,Labcraft,1,0.068838894,4.657767351,0.000610909,0.971429527,0.044085398,0.257228941,0.226810366,4.113977909,0.645196974,0.003221714,0.003902167
20260319-DiscoveryPlate-R2-F15,4.074689286,known,20260319-DiscoveryPlate-R2,0,1.8,1.8,2.135,5,4,0,57.5,2.6,1.8,0.399,0,0,2000,Cytation5,ext,M,0,deGFP,Labcraft,1,0.053285289,2.674960026,0.000672149,0.999714196,0.000504982,-0.043957945,0.17544958,3.318996906,1.016698122,-0.000890369,0.003569626
20260319-DiscoveryPlate-R2-F9,6.006111111,known,20260319-DiscoveryPlate-R2,0,1.8,1.8,3.535,5,8,22,97.5,1.7,2.9,0.3885,0,0,2000,Cytation5,ext,M,0,deGFP,Labcraft,1,0.412000715,1.974803779,0.012018997,0.998957992,0.003892498,0.406947315,0.116637439,2.230167389,0.549506605,0.009722204,0.003622297
20260319-DiscoveryPlate-R2-G10,4.095970629,known,20260319-DiscoveryPlate-R2,0,1.8,1.8,2.87,5,22,0,180,2.5,2.6,0.1925,0,0,2000,Cytation5,ext,M,0,deGFP,Labcraft,1,0.005915787,2.847161879,0.000184042,0.999595463,0.000913007,-0.008909993,0.203378424,2.856406927,0.488594621,-6.29E-05,0.005522802
20260319-DiscoveryPlate-R2-G11,4.014233547,known,20260319-DiscoveryPlate-R2,0,1.8,1.8,3.22,5,12,60,40,2,3.1,0.399,0,0,2000,Cytation5,ext,M,0,deGFP,Labcraft,1,0.18842451,2.295629164,0.006475432,0.997953236,0.007044142,0.220721066,0.1184441,2.752521276,0.620002806,0.006973871,0.003105524
20260319-DiscoveryPlate-R2-G12,4.221818142,known,20260319-DiscoveryPlate-R2,0,1.8,1.8,3.99,5,6,60,55,2.6,3,0.259,0,0,2000,Cytation5,ext,M,0,deGFP,Labcraft,1,0.01108691,4.113704908,0.000361727,0.897986531,0.168915421,0.084692128,0.141648173,4.342590809,0.460558861,0.00375342,0.004630202
20260319-DiscoveryPlate-R2-G13,3.933669708,known,20260319-DiscoveryPlate-R2,0,1.8,1.8,2.135,5,6,30,65,1.9,1.9,0.399,0,0,2000,Cytation5,ext,M,0,deGFP,Labcraft,1,0.137780089,1.88583243,0.005521583,0.995673597,0.008736428,0.287039638,0.18426618,1.788698673,0.435548604,0.007385373,0.003610296
20260319-DiscoveryPlate-R2-G14,4.192759681,known,20260319-DiscoveryPlate-R2,0,1.8,1.8,1.925,5,9,0,160,2.4,2.2,0.3115,0,0,2000,Cytation5,ext,M,0,deGFP,Labcraft,1,0.150763261,3.74688612,0.001726215,0.999124885,0.001766011,0.12303219,0.12924014,3.43646574,0.438488066,0.001432549,0.002744012
20260319-DiscoveryPlate-R2-G15,4.250253889,known,20260319-DiscoveryPlate-R2,0,1.8,1.8,3.885,5,5,31,40,2.7,3.3,0.287,0,0,2000,Cytation5,ext,M,0,deGFP,Labcraft,1,0.026424449,5.669353973,0.000232303,0.98865205,0.055426348,0.009059601,0.111456275,5.126070499,0.817107677,-0.000914384,0.003593217
20260319-DiscoveryPlate-R2-G9,,known,20260319-DiscoveryPlate-R2,0,1.8,1.8,2.345,5,1,60,40,3,1.4,0.2905,0,0,2000,Cytation5,ext,M,0,deGFP,Labcraft,0,0.007086946,,,0.218211174,0.331278533,0.049921278,0.187711239,2.284971714,1.258954048,0.003851525,0.006684524
20260319-DiscoveryPlate-R2-H10,4.23723344,known,20260319-DiscoveryPlate-R2,0,1.8,1.8,2.555,5,2,3,75,2.8,1.7,0.3465,0,0,2000,Cytation5,ext,M,0,deGFP,Labcraft,1,0.032729531,5.958778442,0.000221531,0.99654597,0.008796405,0.039328881,0.131959751,4.387115002,1.322148561,-0.000989113,0.002571241
20260319-DiscoveryPlate-R2-H11,4.217764682,known,20260319-DiscoveryPlate-R2,0,1.8,1.8,3.78,5,6,8,95,2.4,2.7,0.2275,0,0,2000,Cytation5,ext,M,0,deGFP,Labcraft,1,0.17889986,3.509914005,0.001685867,0.991094351,0.018338837,0.079662047,0.18649818,4.005764484,0.766658902,0.001410674,0.003233917
20260319-DiscoveryPlate-R2-H12,3.939550997,known,20260319-DiscoveryPlate-R2,0,1.8,1.8,1.995,5,25,60,180,2.7,2.6,0.399,0,0,2000,Cytation5,ext,M,0,deGFP,Labcraft,1,0.215215939,1.411081668,0.010064847,0.999928951,0.000312137,0.384943724,0.2531569,1.162000299,0.60249722,0.011548718,0.004474109
20260319-DiscoveryPlate-R2-H13,3.993020777,known,20260319-DiscoveryPlate-R2,0,1.8,1.8,2.24,5,24,60,85,3.7,2.9,0.2765,0,0,2000,Cytation5,ext,M,0,deGFP,Labcraft,1,0.44883039,1.998700298,0.014807144,0.999921083,0.000170526,0.382397562,0.250152767,2.147859097,0.579918742,0.012389512,0.005230592
20260319-DiscoveryPlate-R2-H14,4.197813979,known,20260319-DiscoveryPlate-R2,0,1.8,1.8,3.29,5,4,0,112.5,2.1,2.2,0.3465,0,0,2000,Cytation5,ext,M,0,deGFP,Labcraft,1,0.068576337,3.807229194,0.000488334,0.999414682,0.000714107,0.080762148,0.078687161,4.019271374,0.26969406,0.000519025,0.001499537
20260319-DiscoveryPlate-R2-H15,5.944826508,known,20260319-DiscoveryPlate-R2,0,1.8,1.8,1.365,5,8,20,100,1.9,2,0.3535,0,0,2000,Cytation5,ext,M,0,deGFP,Labcraft,1,0.528469216,2.074077767,0.010293248,0.996432245,0.006387843,0.345167428,0.223946691,2.292358875,0.463908166,0.006939052,0.004004596
20260319-DiscoveryPlate-R2-H9,6.006111111,known,20260319-DiscoveryPlate-R2,0,1.8,1.8,3.325,5,22,60,67.5,3.6,2,0.252,0,0,2000,Cytation5,ext,M,0,deGFP,Labcraft,1,0.560759327,1.496624435,0.016949092,0.999030292,0.003070687,0.429219842,0.223066404,1.60594213,0.322574258,0.016551996,0.004494157
20260319-DiscoveryPlate-R2-I10,4.009674288,known,20260319-DiscoveryPlate-R2,0,1.8,1.8,3.185,5,22,60,42.5,2.2,2.3,0.399,0,0,2000,Cytation5,ext,M,0,deGFP,Labcraft,1,0.383748962,2.15703499,0.011899601,0.999898672,0.000229349,0.265732706,0.153377384,2.104483128,0.267883569,0.009044169,0.003673119
20260319-DiscoveryPlate-R2-I11,4.141403956,known,20260319-DiscoveryPlate-R2,0,1.8,1.8,2.415,5,8,60,42.5,2.6,2.5,0.399,0,0,2000,Cytation5,ext,M,0,deGFP,Labcraft,1,0.012702551,3.237117027,0.000483596,0.995782018,0.005416462,0.073692426,0.151043832,2.660429001,0.808656573,0.00234166,0.004076982
20260319-DiscoveryPlate-R2-I12,4.006650988,known,20260319-DiscoveryPlate-R2,0,1.8,1.8,2.73,5,25,60,40,2.2,2.7,0.399,0,0,2000,Cytation5,ext,M,0,deGFP,Labcraft,1,0.25738183,2.103267856,0.006945287,0.999970198,5.02E-05,0.25418511,0.147845685,2.163914919,0.372412622,0.008415487,0.0035866
20260319-DiscoveryPlate-R2-I13,6.006111111,known,20260319-DiscoveryPlate-R2,0,1.8,1.8,2.52,5,8,20,100,3,1.9,0.3045,0,0,2000,Cytation5,ext,M,0,deGFP,Labcraft,1,0.45247419,2.219864973,0.00595939,0.997183084,0.006040637,0.319402218,0.12250489,2.744457722,0.495735288,0.005010049,0.002165822
20260319-DiscoveryPlate-R2-I14,5.02816315,known,20260319-DiscoveryPlate-R2,0,1.8,1.8,2.8,5,15,53,100,3.5,2.7,0.3815,0,0,2000,Cytation5,ext,M,0,deGFP,Labcraft,1,0.628644275,1.959195165,0.013223727,0.999925256,0.000161416,0.466424763,0.234145731,1.856168628,0.511954248,0.010792078,0.00430136
20260319-DiscoveryPlate-R2-I15,2.001592346,known,20260319-DiscoveryPlate-R2,0,1.8,1.8,3.85,5,23,60,77.5,3.2,2.3,0.1505,0,0,2000,Cytation5,ext,M,0,deGFP,Labcraft,1,0.412022458,2.073860162,0.031973768,0.99434638,0.015380874,0.456363797,0.239690199,2.031944513,0.460616827,0.024072848,0.011460978
20260319-DiscoveryPlate-R2-I9,,known,20260319-DiscoveryPlate-R2,0,1.8,1.8,2.625,5,1,44,40,2.4,2.7,0.259,0,0,2000,Cytation5,ext,M,0,deGFP,Labcraft,0,0.005158202,,,0.402698547,0.438499689,0.073306553,0.187910125,4.192422867,0.724213839,0.000744861,0.005916284
20260319-DiscoveryPlate-R2-J10,4.144023779,known,20260319-DiscoveryPlate-R2,0,1.8,1.8,1.855,5,12,4,112.5,2.7,1.9,0.308,0,0,2000,Cytation5,ext,M,0,deGFP,Labcraft,1,0.014003409,3.253924391,0.000329368,0.999748766,0.000378245,0.050920412,0.110162608,3.458597183,0.406485438,0.000232581,0.00230087
20260319-DiscoveryPlate-R2-J11,4.087759408,known,20260319-DiscoveryPlate-R2,0,1.8,1.8,3.36,5,8,33,112.5,2.2,1.5,0.399,0,0,2000,Cytation5,ext,M,0,deGFP,Labcraft,1,0.452373237,2.438525926,0.010345809,0.991665483,0.025143584,0.423039168,0.164030969,2.396040916,0.621536672,0.01019704,0.00337939
20260319-DiscoveryPlate-R2-J12,6.006111111,known,20260319-DiscoveryPlate-R2,0,1.8,1.8,3.15,5,8,22,97.5,1.9,2.3,0.399,0,0,2000,Cytation5,ext,M,0,deGFP,Labcraft,1,0.592080628,1.972325651,0.010690057,0.999541998,0.00068807,0.514331996,0.110839903,1.975612283,0.261495173,0.011063838,0.002095003
20260319-DiscoveryPlate-R2-J13,3.93394381,known,20260319-DiscoveryPlate-R2,0,1.8,1.8,2.345,5,2,42,77.5,2.9,1.7,0.3605,0,0,2000,Cytation5,ext,M,0,deGFP,Labcraft,1,0.003159322,1.145975742,-0.00015745,0.91594702,0.143700525,0.14101842,0.146813631,1.974451184,1.009796977,0.002695437,0.00363574
20260319-DiscoveryPlate-R2-J14,4.121798718,known,20260319-DiscoveryPlate-R2,0,1.8,1.8,2.94,5,7,0,125,3.5,2.1,0.3395,0,0,2000,Cytation5,ext,M,0,deGFP,Labcraft,1,0.120086618,3.047494907,0.001316336,0.999677181,0.001237845,0.107695043,0.163271695,3.286784887,0.689607501,0.000503294,0.003002181
20260319-DiscoveryPlate-R2-J15,4.10360604,known,20260319-DiscoveryPlate-R2,0,1.8,1.8,1.855,5,7,45,77.5,2.9,2,0.2975,0,0,2000,Cytation5,ext,M,0,deGFP,Labcraft,1,0.026857937,2.90712804,0.000428328,0.899755001,0.169985533,0.105836004,0.157549113,2.405476332,0.687291086,0.001964211,0.00406196
20260319-DiscoveryPlate-R2-J9,4.110760633,known,20260319-DiscoveryPlate-R2,0,1.8,1.8,3.99,5,8,13,102.5,2.8,2.1,0.3885,0,0,2000,Cytation5,ext,M,0,deGFP,Labcraft,1,0.341319302,2.815859837,0.004359066,0.999725521,0.000990593,0.258737415,0.162008241,3.094225168,0.461631507,0.004068715,0.002836858
Genscript-PPK-custom-Smix-B10,2.311702147,known,Genscript-PPK-custom-Smix,1,1.8,1.8,3.5,2.98,8,20,100,2,2,0.3,0,0,0,Synergy 2,35,F,2,plamGFP,R&D,1,1.256376112,3.305336291,0.034370249,0.993063748,0.008419452,1.349791288,0.466130018,3.217782021,0.312063575,0.037032843,0.013141502
Genscript-PPK-custom-Smix-B12,2.35718895,known,Genscript-PPK-custom-Smix,1,1.8,1.8,3.5,2.98,8,20,100,2,2,0.3,0,0,0,Synergy 2,35,F,2,plamGFP,R&D,1,1.042038016,3.334150327,0.029518013,0.993063748,0.008419452,1.349791288,0.466130018,3.217782021,0.312063575,0.037032843,0.013141502
Genscript-PPK-custom-Smix-B8,2.377434351,known,Genscript-PPK-custom-Smix,1,1.8,1.8,3.5,2.98,8,20,100,2,2,0.3,0,0,0,Synergy 2,35,F,2,plamGFP,R&D,1,1.357799658,3.281780353,0.0358836,0.993063748,0.008419452,1.349791288,0.466130018,3.217782021,0.312063575,0.037032843,0.013141502
Genscript-PPK-custom-Smix-D10,2.898549445,known,Genscript-PPK-custom-Smix,1,1.8,1.8,3.5,2.98,18,20,100,2,2,0.3,0,30,0,Synergy 2,35,F,2,plamGFP,R&D,1,3.429616565,2.628195601,0.083627998,0.999582469,0.000591389,3.183176041,0.446405679,2.636714697,0.224125043,0.07794705,0.009078551
Genscript-PPK-custom-Smix-D12,2.549415478,known,Genscript-PPK-custom-Smix,1,1.8,1.8,3.5,2.98,18,20,100,2,2,0.3,0,30,0,Synergy 2,35,F,2,plamGFP,R&D,1,2.498051552,2.769588567,0.070121145,0.999582469,0.000591389,3.183176041,0.446405679,2.636714697,0.224125043,0.07794705,0.009078551
Genscript-PPK-custom-Smix-D8,3.464067324,known,Genscript-PPK-custom-Smix,1,1.8,1.8,3.5,2.98,18,20,100,2,2,0.3,0,30,0,Synergy 2,35,F,2,plamGFP,R&D,1,3.720515759,2.445137589,0.083169605,0.999582469,0.000591389,3.183176041,0.446405679,2.636714697,0.224125043,0.07794705,0.009078551
Genscript-PPK-custom-Smix-F10,1.831147556,known,Genscript-PPK-custom-Smix,1,1.8,1.8,3.5,2.98,18,0,100,2,2,0.3,1.958,30,0,Synergy 2,35,F,2,plamGFP,R&D,1,0.749407456,5.364843265,0.023840933,0.999773264,0.000348451,1.02882421,0.426841229,5.18089056,0.390415519,0.032304395,0.010895919
Genscript-PPK-custom-Smix-F12,1.701409833,known,Genscript-PPK-custom-Smix,1,1.8,1.8,3.5,2.98,18,0,100,2,2,0.3,1.958,30,0,Synergy 2,35,F,2,plamGFP,R&D,1,0.722869939,5.4328295,0.023384407,0.999773264,0.000348451,1.02882421,0.426841229,5.18089056,0.390415519,0.032304395,0.010895919
Genscript-PPK-custom-Smix-F8,1.886150832,known,Genscript-PPK-custom-Smix,1,1.8,1.8,3.5,2.98,18,0,100,2,2,0.3,1.958,30,0,Synergy 2,35,F,2,plamGFP,R&D,1,0.750020879,5.343934178,0.024581951,0.999773264,0.000348451,1.02882421,0.426841229,5.18089056,0.390415519,0.032304395,0.010895919
Genscript-PPK-custom-Smix-H10,2.8848516,known,Genscript-PPK-custom-Smix,1,1.8,1.8,3.5,2.98,18,20,100,2,2,0.3,1.958,30,0,Synergy 2,35,F,2,plamGFP,R&D,1,3.2436406,2.506246071,0.087416469,0.998973548,0.001453478,2.951794624,0.508523285,2.630518913,0.475627363,0.074521452,0.012031428
Genscript-PPK-custom-Smix-H12,2.585085255,known,Genscript-PPK-custom-Smix,1,1.8,1.8,3.5,2.98,18,20,100,2,2,0.3,1.958,30,0,Synergy 2,35,F,2,plamGFP,R&D,1,2.651381465,2.650935828,0.077212238,0.998973548,0.001453478,2.951794624,0.508523285,2.630518913,0.475627363,0.074521452,0.012031428
Genscript-PPK-custom-Smix-H8,4.26679363,known,Genscript-PPK-custom-Smix,1,1.8,1.8,3.5,2.98,18,20,100,2,2,0.3,1.958,30,0,Synergy 2,35,F,2,plamGFP,R&D,1,3.863057942,2.108855855,0.085991521,0.998973548,0.001453478,2.951794624,0.508523285,2.630518913,0.475627363,0.074521452,0.012031428
Genscript-PPK-custom-Smix-J10,2.5291808,known,Genscript-PPK-custom-Smix,1,1.8,1.8,3.5,2.98,0,0,100,2,2,0.3,0,0,0,Synergy 2,35,F,0,plamGFP,R&D,1,2.272708457,2.721198875,0.06973688,0.986863554,0.020253111,2.185624599,0.337798148,2.750278711,0.179719493,0.066637337,0.01234101
Genscript-PPK-custom-Smix-J12,2.440368046,known,Genscript-PPK-custom-Smix,1,1.8,1.8,3.5,2.98,0,0,100,2,2,0.3,0,0,0,Synergy 2,35,F,0,plamGFP,R&D,1,2.226202477,2.731663143,0.071057401,0.986863554,0.020253111,2.185624599,0.337798148,2.750278711,0.179719493,0.066637337,0.01234101
Genscript-PPK-custom-Smix-J8,2.544730507,known,Genscript-PPK-custom-Smix,1,1.8,1.8,3.5,2.98,0,0,100,2,2,0.3,0,0,0,Synergy 2,35,F,0,plamGFP,R&D,1,2.253557113,2.737919323,0.068677653,0.986863554,0.020253111,2.185624599,0.337798148,2.750278711,0.179719493,0.066637337,0.01234101
tRNA AR-1035 Activity QC-B10,5.73496508,known,tRNA AR-1035 Activity QC,0,1.8,1.8,3.494,3.016304348,8,20,100,2,2,0.3,0,0,2000,Synergy 2,35,F,0,deGFP,MFG,1,0.893781295,3.731836721,0.010117917,0.999474466,0.000568159,0.952039957,0.054742038,3.742016792,0.117131159,0.011132644,0.001033709
tRNA AR-1035 Activity QC-B14,6.016666667,known,tRNA AR-1035 Activity QC,1,1.8,1.8,3.5,3.016304348,8,20,100,2,2,0.3,0,0,2000,Synergy 2,35,F,0,deGFP,MFG,1,1.182441321,2.457653316,0.017363605,0.999785304,0.000212809,1.099404097,0.062200822,2.298091888,0.141560674,0.017410718,0.001136765
tRNA AR-1035 Activity QC-D10,6.016666667,known,tRNA AR-1035 Activity QC,0,1.8,1.8,3.494,3.016304348,8,20,100,2,2,0.3,0,0,2000,Synergy 2,35,F,0,deGFP,MFG,1,0.883999491,3.575651379,0.011043972,0.999474466,0.000568159,0.952039957,0.054742038,3.742016792,0.117131159,0.011132644,0.001033709
tRNA AR-1035 Activity QC-D14,6.016666667,known,tRNA AR-1035 Activity QC,1,1.8,1.8,3.5,3.016304348,8,20,100,2,2,0.3,0,0,2000,Synergy 2,35,F,0,deGFP,MFG,1,1.194986663,2.472088104,0.017543031,0.999785304,0.000212809,1.099404097,0.062200822,2.298091888,0.141560674,0.017410718,0.001136765
tRNA AR-1035 Activity QC-F10,6.016666667,known,tRNA AR-1035 Activity QC,0,1.8,1.8,3.494,3.016304348,8,20,100,2,2,0.3,0,0,2000,Synergy 2,35,F,0,deGFP,MFG,1,0.886827929,3.538268596,0.011408623,0.999474466,0.000568159,0.952039957,0.054742038,3.742016792,0.117131159,0.011132644,0.001033709
tRNA AR-1035 Activity QC-F14,6.016666667,known,tRNA AR-1035 Activity QC,1,1.8,1.8,3.5,3.016304348,8,20,100,2,2,0.3,0,0,2000,Synergy 2,35,F,0,deGFP,MFG,1,1.129932724,2.386671746,0.017707378,0.999785304,0.000212809,1.099404097,0.062200822,2.298091888,0.141560674,0.017410718,0.001136765
Ribosome-MFG-194-AR-1076-AR-1077-Activity-QC-B16,6.013055556,known,Ribosome-MFG-194-AR-1076-AR-1077-Activity-QC,1,1.8,1.8,3.5,3.016304348,8,20,100,2,2,0.3,0,0,2000,Cytation5,ext,M,0,deGFP,MFG,1,1.100550443,2.490421722,0.01315576,0.998995364,0.00081129,1.042442083,0.071518131,2.746912479,0.173321873,0.010937461,0.001576905
Ribosome-MFG-194-AR-1076-AR-1077-Activity-QC-B4,6.013055556,known,Ribosome-MFG-194-AR-1076-AR-1077-Activity-QC,0,1.8,1.8,3.5,3.016304348,8,20,100,2,2,0.3,0,0,2000,Cytation5,ext,M,0,deGFP,MFG,1,0.971853504,4.381156297,0.005823026,0.997739494,0.001512143,0.931834996,0.068204664,4.448046684,0.159267068,0.005244138,0.001487927
Ribosome-MFG-194-AR-1076-AR-1077-Activity-QC-B6,6.013055556,known,Ribosome-MFG-194-AR-1076-AR-1077-Activity-QC,0,1.8,1.8,3.5,3.016304348,8,20,100,2,2,0.3,0,0,2000,Cytation5,ext,M,0,deGFP,MFG,1,0.844823643,4.692474704,0.001969363,0.997739494,0.001512144,0.931834996,0.068204656,4.448046684,0.159267023,0.005244139,0.001487927
Ribosome-MFG-194-AR-1076-AR-1077-Activity-QC-D16,6.013055556,known,Ribosome-MFG-194-AR-1076-AR-1077-Activity-QC,1,1.8,1.8,3.5,3.016304348,8,20,100,2,2,0.3,0,0,2000,Cytation5,ext,M,0,deGFP,MFG,1,1.122917438,2.54399753,0.012681778,0.998995364,0.00081129,1.042442083,0.071518108,2.746912479,0.173321858,0.010937461,0.001576905
Ribosome-MFG-194-AR-1076-AR-1077-Activity-QC-D4,6.013055556,known,Ribosome-MFG-194-AR-1076-AR-1077-Activity-QC,0,1.8,1.8,3.5,3.016304348,8,20,100,2,2,0.3,0,0,2000,Cytation5,ext,M,0,deGFP,MFG,1,1.0024477,4.431257105,0.006040301,0.997739494,0.001512143,0.931834996,0.068204664,4.448046684,0.159267068,0.005244138,0.001487927
Ribosome-MFG-194-AR-1076-AR-1077-Activity-QC-D6,6.013055556,known,Ribosome-MFG-194-AR-1076-AR-1077-Activity-QC,0,1.8,1.8,3.5,3.016304348,8,20,100,2,2,0.3,0,0,2000,Cytation5,ext,M,0,deGFP,MFG,1,0.823938374,4.619310494,0.002847357,0.997739494,0.001512143,0.931834996,0.068204664,4.448046684,0.159267068,0.005244138,0.001487927
Ribosome-MFG-194-AR-1076-AR-1077-Activity-QC-F16,5.621484653,known,Ribosome-MFG-194-AR-1076-AR-1077-Activity-QC,1,1.8,1.8,3.5,3.016304348,8,20,100,2,2,0.3,0,0,2000,Cytation5,ext,M,0,deGFP,MFG,1,0.981083073,2.455287204,0.01336014,0.998995364,0.00081129,1.042442083,0.071518131,2.746912479,0.173321873,0.010937461,0.001576905
Ribosome-MFG-194-AR-1076-AR-1077-Activity-QC-F4,6.013055556,known,Ribosome-MFG-194-AR-1076-AR-1077-Activity-QC,0,1.8,1.8,3.5,3.016304348,8,20,100,2,2,0.3,0,0,2000,Cytation5,ext,M,0,deGFP,MFG,1,1.021422519,4.504208987,0.005253802,0.997739494,0.001512143,0.931834996,0.068204664,4.448046684,0.159267068,0.005244138,0.001487927
Ribosome-MFG-194-AR-1076-AR-1077-Activity-QC-F6,6.013055556,known,Ribosome-MFG-194-AR-1076-AR-1077-Activity-QC,0,1.8,1.8,3.5,3.016304348,8,20,100,2,2,0.3,0,0,2000,Cytation5,ext,M,0,deGFP,MFG,1,0.81930879,4.771605867,0.002982552,0.997739494,0.001512143,0.931834996,0.068204664,4.448046684,0.159267068,0.005244138,0.001487927
tRNA-MFG-193-AR-1080-Activity-QC-B16,6.013055556,known,tRNA-MFG-193-AR-1080-Activity-QC,1,1.8,1.8,3.5,3.016304348,8,20,100,2,2,0.3,0,0,2000,Cytation5,ext,M,0,deGFP,MFG,1,1.100550443,2.490421722,0.01315576,0.998851776,0.000990397,1.105009794,0.076881193,2.839593887,0.225026876,0.011724084,0.001464153
tRNA-MFG-193-AR-1080-Activity-QC-B2,6.013055556,known,tRNA-MFG-193-AR-1080-Activity-QC,0,1.8,1.8,3.5,3.016304348,8,20,100,2,2,0.3,0,0,2000,Cytation5,ext,M,0,deGFP,MFG,1,1.036126857,4.841868644,0.005050461,0.997220695,0.002365749,1.002070904,0.066496067,4.559813976,0.227678418,0.006134879,0.001313891
tRNA-MFG-193-AR-1080-Activity-QC-D16,6.013055556,known,tRNA-MFG-193-AR-1080-Activity-QC,1,1.8,1.8,3.5,3.016304348,8,20,100,2,2,0.3,0,0,2000,Cytation5,ext,M,0,deGFP,MFG,1,1.122917438,2.54399753,0.012681778,0.998851776,0.000990397,1.105009794,0.076881193,2.839593887,0.225026876,0.011724084,0.001464153
tRNA-MFG-193-AR-1080-Activity-QC-D2,6.013055556,known,tRNA-MFG-193-AR-1080-Activity-QC,0,1.8,1.8,3.5,3.016304348,8,20,100,2,2,0.3,0,0,2000,Cytation5,ext,M,0,deGFP,MFG,1,1.071880937,4.926587584,0.004795197,0.997220695,0.002365749,1.002070904,0.066496067,4.559813976,0.227678418,0.006134879,0.001313891
tRNA-MFG-193-AR-1080-Activity-QC-F16,5.621484653,known,tRNA-MFG-193-AR-1080-Activity-QC,1,1.8,1.8,3.5,3.016304348,8,20,100,2,2,0.3,0,0,2000,Cytation5,ext,M,0,deGFP,MFG,1,0.981083073,2.455287204,0.01336014,0.998851776,0.000990397,1.105009794,0.076881193,2.839593887,0.225026876,0.011724084,0.001464153
tRNA-MFG-193-AR-1080-Activity-QC-F2,6.013055556,known,tRNA-MFG-193-AR-1080-Activity-QC,0,1.8,1.8,3.5,3.016304348,8,20,100,2,2,0.3,0,0,2000,Cytation5,ext,M,0,deGFP,MFG,1,1.022436393,4.89134127,0.004800771,0.997220695,0.002365749,1.002070904,0.066496067,4.559813976,0.227678418,0.006134879,0.001313891
PPK-custom-Smix-without-PEG-B2,6,known,PPK-custom-Smix-without-PEG,1,1.8,1.8,3.5,2.98,8,20,100,2,2,0.3,0,0,0,Cytation3,35,F,0,plamGFP,R&D,1,1.434532152,2.116384404,0.023914588,0.997713685,0.00561911,1.366726398,0.126208186,2.016140223,0.105498224,0.022950225,0.001793485
PPK-custom-Smix-without-PEG-B4,6,known,PPK-custom-Smix-without-PEG,1,1.8,1.8,3.5,2.98,8,20,100,2,2,0.3,0,0,0,Cytation3,35,F,0,plamGFP,R&D,1,1.438161059,2.117376779,0.023771926,0.997713685,0.00561911,1.366726398,0.126208186,2.016140223,0.105498224,0.022950225,0.001793485
PPK-custom-Smix-without-PEG-B6,6,known,PPK-custom-Smix-without-PEG,1,1.8,1.8,3.5,2.98,8,20,100,2,2,0.3,0,0,0,Cytation3,35,F,0,plamGFP,R&D,1,1.433299918,2.148682932,0.022485042,0.997713685,0.00561911,1.366726398,0.126208186,2.016140223,0.105498224,0.022950225,0.001793485
PPK-custom-Smix-without-PEG-D2,4.026828197,known,PPK-custom-Smix-without-PEG,1,1.8,1.8,3.5,2.98,8,0,100,2,2,0.3,0,0,0,Cytation3,35,F,0,plamGFP,R&D,1,0.189572766,3.276115142,0.005008917,0.999660969,0.00064335,0.333371162,0.160465837,3.368098974,0.103372753,0.005690093,0.002235845
PPK-custom-Smix-without-PEG-D4,4.025386313,known,PPK-custom-Smix-without-PEG,1,1.8,1.8,3.5,2.98,8,0,100,2,2,0.3,0,0,0,Cytation3,35,F,0,plamGFP,R&D,1,0.180117799,3.248791268,0.004893376,0.999660969,0.00064335,0.333371162,0.160465837,3.368098974,0.103372753,0.005690093,0.002235845
PPK-custom-Smix-without-PEG-D6,4.006513855,known,PPK-custom-Smix-without-PEG,1,1.8,1.8,3.5,2.98,8,0,100,2,2,0.3,0,0,0,Cytation3,35,F,0,plamGFP,R&D,1,0.168115041,3.237885872,0.004634175,0.999660969,0.00064335,0.333371162,0.160465837,3.368098974,0.103372753,0.005690093,0.002235845
PPK-custom-Smix-without-PEG-F2,6,known,PPK-custom-Smix-without-PEG,1,1.8,1.8,3.5,2.98,18,20,100,2,2,0.3,0,30,0,Cytation3,35,F,0,plamGFP,R&D,1,1.707694497,2.356852765,0.028459895,0.999857783,0.000167531,1.699401736,0.098107532,2.347214699,0.11395029,0.028521819,0.002824047
PPK-custom-Smix-without-PEG-F4,6,known,PPK-custom-Smix-without-PEG,1,1.8,1.8,3.5,2.98,18,20,100,2,2,0.3,0,30,0,Cytation3,35,F,0,plamGFP,R&D,1,1.7105649,2.352698492,0.028499371,0.999857783,0.000167531,1.699401736,0.098107532,2.347214699,0.11395029,0.028521819,0.002824047
PPK-custom-Smix-without-PEG-F6,6,known,PPK-custom-Smix-without-PEG,1,1.8,1.8,3.5,2.98,18,20,100,2,2,0.3,0,30,0,Cytation3,35,F,0,plamGFP,R&D,1,1.705499143,2.348811724,0.0286124,0.999857783,0.000167531,1.699401736,0.098107532,2.347214699,0.11395029,0.028521819,0.002824047
PPK-custom-Smix-without-PEG-H2,2.05042653,known,PPK-custom-Smix-without-PEG,1,1.8,1.8,3.5,2.98,18,0,100,2,2,0.3,2.0125,30,0,Cytation3,35,F,0,plamGFP,R&D,1,0.552861943,4.485221531,0.01481871,0.999872148,0.000212845,0.457801819,0.129144579,4.37309742,0.190911755,0.011502814,0.003162825
PPK-custom-Smix-without-PEG-H4,2.199514049,known,PPK-custom-Smix-without-PEG,1,1.8,1.8,3.5,2.98,18,0,100,2,2,0.3,2.0125,30,0,Cytation3,35,F,0,plamGFP,R&D,1,0.579464516,4.427205389,0.014717034,0.999872148,0.000212845,0.457801819,0.129144579,4.37309742,0.190911755,0.011502814,0.003162825
PPK-custom-Smix-without-PEG-H6,2.095030357,known,PPK-custom-Smix-without-PEG,1,1.8,1.8,3.5,2.98,18,0,100,2,2,0.3,2.0125,30,0,Cytation3,35,F,0,plamGFP,R&D,1,0.539882592,4.427562538,0.014578944,0.999872148,0.000212845,0.457801819,0.129144579,4.37309742,0.190911755,0.011502814,0.003162825
PPK-custom-Smix-without-PEG-J2,5.968961953,known,PPK-custom-Smix-without-PEG,1,1.8,1.8,3.5,2.98,18,20,100,2,2,0.3,2.0125,30,0,Cytation3,35,F,0,plamGFP,R&D,1,1.667205468,2.040655986,0.032719481,0.99958837,0.000576684,1.760198474,0.157989353,2.173850536,0.242077202,0.034685634,0.003990953
PPK-custom-Smix-without-PEG-J4,5.253995758,known,PPK-custom-Smix-without-PEG,1,1.8,1.8,3.5,2.98,18,20,100,2,2,0.3,2.0125,30,0,Cytation3,35,F,0,plamGFP,R&D,1,1.632088858,2.123657522,0.029842261,0.99958837,0.000576684,1.760198474,0.157989353,2.173850536,0.242077202,0.034685634,0.003990953
PPK-custom-Smix-without-PEG-J6,6,known,PPK-custom-Smix-without-PEG,1,1.8,1.8,3.5,2.98,18,20,100,2,2,0.3,2.0125,30,0,Cytation3,35,F,0,plamGFP,R&D,1,1.66657901,2.115248225,0.031543876,0.99958837,0.000576684,1.760198474,0.157989353,2.173850536,0.242077202,0.034685634,0.003990953
PPK-custom-Smix-without-PEG-L2,5.989453242,known,PPK-custom-Smix-without-PEG,1,1.8,1.8,3.5,2.98,0,0,100,2,2,0.3,0,0,0,Cytation3,35,F,0,plamGFP,R&D,1,1.439056762,2.968636101,0.021520925,0.994301379,0.016755169,1.235674858,0.203984007,3.085412979,0.162974387,0.020758713,0.002191159
PPK-custom-Smix-without-PEG-L4,4.833271525,known,PPK-custom-Smix-without-PEG,1,1.8,1.8,3.5,2.98,0,0,100,2,2,0.3,0,0,0,Cytation3,35,F,0,plamGFP,R&D,1,1.247645298,3.24411553,0.020569777,0.994301379,0.016755169,1.235674858,0.203984007,3.085412979,0.162974387,0.020758713,0.002191159
PPK-custom-Smix-without-PEG-L6,6,known,PPK-custom-Smix-without-PEG,1,1.8,1.8,3.5,2.98,0,0,100,2,2,0.3,0,0,0,Cytation3,35,F,0,plamGFP,R&D,1,1.445665579,3.035345886,0.020925674,0.994301379,0.016755169,1.235674858,0.203984007,3.085412979,0.162974387,0.020758713,0.002191159
GES-1,,model_GESS,20260319-DiscoveryPlate-R2,0,1.799999952,1.799999952,3.640575171,5,1.771429062,60,100.9048843,1.700000048,1.773465514,0.293928117,2.012500048,30,2000,Cytation5,ext,M,0,deGFP,Labcraft,,,,,0.202970967,0.264943361,2.549518585,0.598433554,1.759095311,0.97420603,0.057075053,0.01455251
GES-2,,model_GESS,20260319-DiscoveryPlate-R2,0,1.799999952,1.799999952,3.80521059,5,18.89802551,60,133.3288727,2.521976233,1.47406435,0.26329875,2.012500048,30,2000,Cytation5,ext,M,0,deGFP,Labcraft,,,,,0.925003409,0.152549073,2.319556952,0.500172853,1.375344872,0.831459224,0.051577352,0.012089713
GES-3,,model_GESS,20260319-DiscoveryPlate-R2,0,1.799999952,1.799999952,3.99000001,5,25,56.85887909,40,1.700000048,1.399999976,0.1505,0.494524628,26.09581375,2000,Cytation5,ext,M,0,deGFP,Labcraft,,,,,0.85152024,0.224670097,1.425528765,0.478620112,3.358367682,1.069754958,0.032751396,0.012474081
GES-4,,model_GESS,20260319-DiscoveryPlate-R2,0,1.799999952,1.799999952,2.355493069,5,10.89786148,60,151.2658386,1.700000048,2.52005434,0.236559063,2.012500048,30,2000,Cytation5,ext,M,0,deGFP,Labcraft,,,,,0.547330379,0.383514315,2.140994787,0.63827616,1.57746923,1.027404785,0.047571555,0.014808989
GES-5,,model_GESS,20260319-DiscoveryPlate-R2,0,1.799999952,1.799999952,3.99000001,5,0,37.68775177,40,3.700000048,1.399999976,0.1505,2.012500048,30,2000,Cytation5,ext,M,0,deGFP,Labcraft,,,,,0.376492679,0.40828529,1.780589461,0.575980365,1.943030715,1.581730843,0.049679052,0.016349919
